[{"data":{"x":"3.00000","y":"8.00000"},"time":1582708429289,"action":"ADD","deltaTime":null,"objectName":"A","objectType":"point"},{"data":{"x":"4.00000","y":"7.00000"},"time":1582708431129,"action":"ADD","deltaTime":1840,"objectName":"B","objectType":"point"},{"data":{"value":null,"definitionString":"Linje A, B"},"time":1582708431231,"action":"ADD","deltaTime":102,"objectName":"f","objectType":"line"},{"data":{"x":"4.87491","y":"6.12509","definitionString":"Punkt på f"},"time":1582708433084,"action":"ADD","deltaTime":1853,"objectName":"C","objectType":"point"},{"data":{"x":"6.00000","y":"5.00000","definitionString":"Punkt på f"},"time":1582708439408,"action":"ADD","deltaTime":6324,"objectName":"D","objectType":"point"},{"data":{"value":null,"definitionString":"Linje C, D"},"time":1582708439524,"action":"ADD","deltaTime":116,"objectName":"g","objectType":"line"},{"data":{"x":"7.71495","y":"5.08667"},"time":1582708440866,"action":"ADD","deltaTime":1342,"objectName":"E","objectType":"point"},{"data":{"x":"8.62555","y":"6.46943"},"time":1582708442598,"action":"ADD","deltaTime":1732,"objectName":"F","objectType":"point"},{"data":{"value":null,"definitionString":"Linje E, F"},"time":1582708442740,"action":"ADD","deltaTime":142,"objectName":"h","objectType":"line"},{"data":{"x":"9.46869","y":"7.31257"},"time":1582708443878,"action":"ADD","deltaTime":1138,"objectName":"G","objectType":"point"},{"data":{"x":"9.90713","y":"9.20121"},"time":1582708444763,"action":"ADD","deltaTime":885,"objectName":"H","objectType":"point"},{"data":{"value":null,"definitionString":"Linje G, H"},"time":1582708444914,"action":"ADD","deltaTime":151,"objectName":"i","objectType":"line"},{"data":{"x":"9.46869","y":"10.28044"},"time":1582708445228,"action":"ADD","deltaTime":314,"objectName":"I","objectType":"point"},{"data":{"x":"8.01849","y":"10.24671"},"time":1582708445635,"action":"ADD","deltaTime":407,"objectName":"J","objectType":"point"},{"data":{"value":null,"definitionString":"Linje I, J"},"time":1582708445800,"action":"ADD","deltaTime":165,"objectName":"j","objectType":"line"}]