[{"data":{"x":"10.78400","y":"8.05454"},"time":1576580875722,"action":"ADD","deltaTime":null,"objectName":"A","objectType":"point"},{"data":{"x":"13.71814","y":"8.25689"},"time":1576580876473,"action":"ADD","deltaTime":751,"objectName":"B","objectType":"point"},{"data":{"x":"10.34556","y":"13.45066"},"time":1576580876852,"action":"ADD","deltaTime":379,"objectName":"C","objectType":"point"},{"data":{"x":"12.16676","y":"8.86396"},"time":1576580877062,"action":"ADD","deltaTime":210,"objectName":"D","objectType":"point"},{"data":{"x":"9.53615","y":"8.15572"},"time":1576580877247,"action":"ADD","deltaTime":185,"objectName":"E","objectType":"point"},{"data":{"x":"18.33857","y":"7.38002"},"time":1576580877438,"action":"ADD","deltaTime":191,"objectName":"F","objectType":"point"},{"data":{"x":"14.32521","y":"3.70391"},"time":1576580877598,"action":"ADD","deltaTime":160,"objectName":"G","objectType":"point"},{"data":{"x":"12.84127","y":"6.90786"},"time":1576580877750,"action":"ADD","deltaTime":152,"objectName":"H","objectType":"point"},{"data":{"x":"14.02167","y":"8.83023"},"time":1576580877889,"action":"ADD","deltaTime":139,"objectName":"I","objectType":"point"},{"data":{"x":"12.00000","y":"2.00000"},"time":1576580909086,"action":"ADD","deltaTime":31197,"objectName":"A","objectType":"point"},{"data":{"x":"6.00000","y":"7.00000"},"time":1576580919361,"action":"ADD","deltaTime":10275,"objectName":"B","objectType":"point"},{"data":{"value":1,"definitionString":"Linjestykke S, B"},"time":1576580919419,"action":"ADD","deltaTime":58,"objectName":"f","objectType":"segment"},{"data":{"x":"7.00000","y":"7.00000"},"time":1576580920186,"action":"ADD","deltaTime":767,"objectName":"C","objectType":"point"},{"data":{"x":"7.04044","y":"6.30080"},"time":1576580920923,"action":"ADD","deltaTime":737,"objectName":"D","objectType":"point"},{"data":{"value":0.700369886921916,"definitionString":"Linjestykke C, D"},"time":1576580920974,"action":"ADD","deltaTime":51,"objectName":"g","objectType":"segment"},{"data":{"x":"8.08594","y":"6.13217"},"time":1576580922052,"action":"ADD","deltaTime":1078,"objectName":"E","objectType":"point"},{"data":{"x":"8.01849","y":"5.35648"},"time":1576580922739,"action":"ADD","deltaTime":687,"objectName":"F","objectType":"point"},{"data":{"value":0.7786198435991935,"definitionString":"Linjestykke E, F"},"time":1576580922772,"action":"ADD","deltaTime":33,"objectName":"h","objectType":"segment"},{"data":{"x":"9.00000","y":"5.00000"},"time":1576580923773,"action":"ADD","deltaTime":1001,"objectName":"G","objectType":"point"},{"data":{"value":1.0442438276908617,"definitionString":"Linjestykke G, F"},"time":1576580924682,"action":"ADD","deltaTime":909,"objectName":"i","objectType":"segment"},{"data":{"x":"9.06399","y":"4.24353"},"time":1576580925860,"action":"ADD","deltaTime":1178,"objectName":"H","objectType":"point"},{"data":{"x":"10.07576","y":"3.87254"},"time":1576580926601,"action":"ADD","deltaTime":741,"objectName":"I","objectType":"point"},{"data":{"value":1.0776425585092364,"definitionString":"Linjestykke H, I"},"time":1576580926636,"action":"ADD","deltaTime":35,"objectName":"j","objectType":"segment"},{"data":{"x":"10.04203","y":"3.19803"},"time":1576580927252,"action":"ADD","deltaTime":616,"objectName":"J","objectType":"point"},{"data":{"x":"11.00000","y":"3.00000"},"time":1576580929056,"action":"ADD","deltaTime":1804,"objectName":"K","objectType":"point"},{"data":{"value":0.978221342492265,"definitionString":"Linjestykke J, K"},"time":1576580929106,"action":"ADD","deltaTime":50,"objectName":"k","objectType":"segment"},{"data":{"x":"11.82950","y":"2.99567"},"time":1576580929824,"action":"ADD","deltaTime":718,"objectName":"L","objectType":"point"},{"data":{"value":1.0101662949310546,"definitionString":"Linjestykke L, A"},"time":1576580930311,"action":"ADD","deltaTime":487,"objectName":"l","objectType":"segment"},{"data":{"x":"6.06239","y":"7.14394"},"time":1576580938477,"action":"ADD","deltaTime":8166,"objectName":"A","objectType":"point"},{"data":{"value":0.8583278417123471,"definitionString":"Linjestykke A, S"},"time":1576580939573,"action":"ADD","deltaTime":1096,"objectName":"f","objectType":"segment"},{"data":{"x":"6.00000","y":"8.00000"},"time":1576580939854,"action":"UPDATE","deltaTime":281,"objectName":"S","objectType":"point"},{"data":{"x":"7.00000","y":"7.00000"},"time":1576580942477,"action":"ADD","deltaTime":2623,"objectName":"B","objectType":"point"},{"data":{"value":0.9485931857282562,"definitionString":"Linjestykke A, B"},"time":1576580942511,"action":"ADD","deltaTime":34,"objectName":"g","objectType":"segment"},{"data":{"x":"6.00000","y":"7.00000"},"time":1576580949074,"action":"ADD","deltaTime":6563,"objectName":"A","objectType":"point"},{"data":{"x":"23.22881","y":"12.77615"},"time":1576580954293,"action":"ADD","deltaTime":5219,"objectName":"B","objectType":"point"},{"data":{"value":18.171287629932024,"definitionString":"Linjestykke A, B"},"time":1576580954330,"action":"ADD","deltaTime":37,"objectName":"f","objectType":"segment"},{"data":{"x":"6.00000","y":"7.00000"},"time":1576580959422,"action":"ADD","deltaTime":5092,"objectName":"A","objectType":"point"},{"data":{"value":1,"definitionString":"Linjestykke S, A"},"time":1576580959452,"action":"ADD","deltaTime":30,"objectName":"f","objectType":"segment"},{"data":{"x":"7.00000","y":"7.00000"},"time":1576580962735,"action":"ADD","deltaTime":3283,"objectName":"B","objectType":"point"},{"data":{"value":1,"definitionString":"Linjestykke A, B"},"time":1576580962758,"action":"ADD","deltaTime":23,"objectName":"g","objectType":"segment"},{"data":{"x":"7.00671","y":"6.26707"},"time":1576580966422,"action":"ADD","deltaTime":3664,"objectName":"C","objectType":"point"},{"data":{"value":0.7329579665327861,"definitionString":"Linjestykke B, C"},"time":1576580966447,"action":"ADD","deltaTime":25,"objectName":"h","objectType":"segment"},{"data":{"x":"7.00000","y":"6.00000"},"time":1576580973278,"action":"ADD","deltaTime":6831,"objectName":"C","objectType":"point"},{"data":{"value":1,"definitionString":"Linjestykke B, C"},"time":1576580973301,"action":"ADD","deltaTime":23,"objectName":"h","objectType":"segment"},{"data":{"x":"8.00000","y":"6.00000"},"time":1576580980271,"action":"ADD","deltaTime":6970,"objectName":"D","objectType":"point"},{"data":{"value":1,"definitionString":"Linjestykke C, D"},"time":1576580980321,"action":"ADD","deltaTime":50,"objectName":"i","objectType":"segment"},{"data":{"x":"8.00000","y":"5.00000"},"time":1576580983243,"action":"ADD","deltaTime":2922,"objectName":"E","objectType":"point"},{"data":{"value":1,"definitionString":"Linjestykke D, E"},"time":1576580983271,"action":"ADD","deltaTime":28,"objectName":"j","objectType":"segment"},{"data":{"x":"9.00000","y":"5.00000"},"time":1576580985328,"action":"ADD","deltaTime":2057,"objectName":"F","objectType":"point"},{"data":{"value":1,"definitionString":"Linjestykke E, F"},"time":1576580985352,"action":"ADD","deltaTime":24,"objectName":"k","objectType":"segment"},{"data":{"x":"9.00000","y":"4.00000"},"time":1576580987219,"action":"ADD","deltaTime":1867,"objectName":"G","objectType":"point"},{"data":{"value":1,"definitionString":"Linjestykke F, G"},"time":1576580987267,"action":"ADD","deltaTime":48,"objectName":"l","objectType":"segment"},{"data":{"x":"10.00000","y":"4.00000"},"time":1576580988926,"action":"ADD","deltaTime":1659,"objectName":"H","objectType":"point"},{"data":{"value":1,"definitionString":"Linjestykke G, H"},"time":1576580988977,"action":"ADD","deltaTime":51,"objectName":"m","objectType":"segment"},{"data":{"x":"10.00000","y":"3.00000"},"time":1576580990958,"action":"ADD","deltaTime":1981,"objectName":"I","objectType":"point"},{"data":{"value":1,"definitionString":"Linjestykke H, I"},"time":1576580991013,"action":"ADD","deltaTime":55,"objectName":"n","objectType":"segment"},{"data":{"x":"11.00000","y":"3.00000"},"time":1576580992642,"action":"ADD","deltaTime":1629,"objectName":"J","objectType":"point"},{"data":{"value":1,"definitionString":"Linjestykke I, J"},"time":1576580992683,"action":"ADD","deltaTime":41,"objectName":"p","objectType":"segment"},{"data":{"x":"11.00000","y":"2.00000"},"time":1576580994711,"action":"ADD","deltaTime":2028,"objectName":"K","objectType":"point"},{"data":{"value":1,"definitionString":"Linjestykke J, K"},"time":1576580994755,"action":"ADD","deltaTime":44,"objectName":"q","objectType":"segment"},{"data":{"x":"12.00000","y":"2.00000"},"time":1576580997568,"action":"ADD","deltaTime":2813,"objectName":"L","objectType":"point"},{"data":{"value":1,"definitionString":"Linjestykke K, L"},"time":1576580997592,"action":"ADD","deltaTime":24,"objectName":"r","objectType":"segment"},{"data":{"x":["11.82950","12.23421","12.00000"],"y":["1.57919","2.28743","2.00000"]},"time":1576581062972,"action":"UPDATE","deltaTime":[65380,503,1884],"objectName":"L","objectType":"point"},{"data":{"value":1,"definitionString":"Linjestykke K, L"},"time":1576581064918,"action":"UPDATE","deltaTime":1946,"objectName":"r","objectType":"segment"},{"data":{"x":"6.00000","y":"8.00000"},"time":1576581106937,"action":"UPDATE","deltaTime":42019,"objectName":"S","objectType":"point"},{"data":{"x":"7.13058","y":"8.03921"},"time":1576581107828,"action":"ADD","deltaTime":891,"objectName":"M","objectType":"point"},{"data":{"x":"12.00000","y":"2.00000"},"time":1576581115794,"action":"UPDATE","deltaTime":7966,"objectName":"L","objectType":"point"},{"data":{"x":"13.00000","y":"3.00000"},"time":1576581116660,"action":"ADD","deltaTime":866,"objectName":"M","objectType":"point"},{"data":{"x":["12.00000","12.00000"],"y":["2.00000","2.00000"]},"time":1576581118233,"action":"UPDATE","deltaTime":[1573,609],"objectName":"L","objectType":"point"},{"data":{"x":"13.00000","y":"3.00000"},"time":1576581126640,"action":"ADD","deltaTime":8407,"objectName":"M","objectType":"point"},{"data":{"value":1.4142135623730951,"definitionString":"Linjestykke L, M"},"time":1576581126689,"action":"ADD","deltaTime":49,"objectName":"s","objectType":"segment"},{"data":{"x":"13.00000","y":"4.00000"},"time":1576581130164,"action":"ADD","deltaTime":3475,"objectName":"N","objectType":"point"},{"data":{"x":"18.45796","y":"11.05259"},"time":1576581134487,"action":"ADD","deltaTime":4323,"objectName":"O","objectType":"point"},{"data":{"value":8.917867879899605,"definitionString":"Linjestykke N, O"},"time":1576581134514,"action":"ADD","deltaTime":27,"objectName":"t","objectType":"segment"},{"data":{"x":"6.40447","y":"12.14176"},"time":1576581135204,"action":"ADD","deltaTime":690,"objectName":"P","objectType":"point"},{"data":{"x":"2.51976","y":"8.32966"},"time":1576581135768,"action":"ADD","deltaTime":564,"objectName":"Q","objectType":"point"},{"data":{"value":5.442709334796201,"definitionString":"Linjestykke P, Q"},"time":1576581135794,"action":"ADD","deltaTime":26,"objectName":"a","objectType":"segment"},{"data":{"x":"14.42803","y":"11.12520"},"time":1576581136143,"action":"ADD","deltaTime":349,"objectName":"R","objectType":"point"},{"data":{"x":"13.62930","y":"11.63348"},"time":1576581136362,"action":"ADD","deltaTime":219,"objectName":"T","objectType":"point"},{"data":{"value":0.946737129422025,"definitionString":"Linjestykke R, T"},"time":1576581136390,"action":"ADD","deltaTime":28,"objectName":"b","objectType":"segment"},{"data":{"x":"2.22931","y":"6.98635"},"time":1576581136562,"action":"ADD","deltaTime":172,"objectName":"U","objectType":"point"},{"data":{"x":"3.28218","y":"6.51437"},"time":1576581136682,"action":"ADD","deltaTime":120,"objectName":"V","objectType":"point"},{"data":{"value":1.153813564400627,"definitionString":"Linjestykke U, V"},"time":1576581136711,"action":"ADD","deltaTime":29,"objectName":"c","objectType":"segment"},{"data":{"x":"3.86307","y":"4.51756"},"time":1576581137862,"action":"ADD","deltaTime":1151,"objectName":"W","objectType":"point"},{"data":{"x":"5.27899","y":"9.23730"},"time":1576581146745,"action":"ADD","deltaTime":8883,"objectName":"M","objectType":"point"},{"data":{"x":"12.00000","y":"8.00000"},"time":1576581175952,"action":"ADD","deltaTime":29207,"objectName":"M","objectType":"point"},{"data":{"x":"17.98599","y":"7.82138"},"time":1576581198258,"action":"ADD","deltaTime":22306,"objectName":"M","objectType":"point"},{"data":{"x":"6.00000","y":"16.00000"},"time":1576581213147,"action":"ADD","deltaTime":14889,"objectName":"N","objectType":"point"},{"data":{"x":"18.19246","y":"7.66815"},"time":1576581215229,"action":"UPDATE","deltaTime":2082,"objectName":"N","objectType":"point"},{"data":{"value":0.25711577274400815,"definitionString":"Linjestykke M, N"},"time":1576581215398,"action":"ADD","deltaTime":169,"objectName":"s","objectType":"segment"},{"data":{"x":"6.00000","y":"20.00000"},"time":1576581259175,"action":"ADD","deltaTime":43777,"objectName":"M","objectType":"point"},{"data":{"value":12,"definitionString":"Linjestykke S, M"},"time":1576581259237,"action":"ADD","deltaTime":62,"objectName":"s","objectType":"segment"},{"data":{"x":"6.00000","y":"14.00000"},"time":1576581302976,"action":"ADD","deltaTime":43739,"objectName":"M","objectType":"point"},{"data":{"value":6,"definitionString":"Linjestykke S, M"},"time":1576581303008,"action":"ADD","deltaTime":32,"objectName":"s","objectType":"segment"},{"data":{"x":"12.00000","y":"8.00000"},"time":1576581331007,"action":"ADD","deltaTime":27999,"objectName":"N","objectType":"point"},{"data":{"value":6,"definitionString":"Linjestykke S, N"},"time":1576581331106,"action":"ADD","deltaTime":99,"objectName":"t","objectType":"segment"},{"data":{"x":"6.00000","y":"7.00000"},"time":1576581354944,"action":"ADD","deltaTime":23838,"objectName":"A","objectType":"point"},{"data":{"value":1,"definitionString":"Linjestykke S, A"},"time":1576581354980,"action":"ADD","deltaTime":36,"objectName":"f","objectType":"segment"},{"data":{"x":"7.00000","y":"7.00000"},"time":1576581356145,"action":"ADD","deltaTime":1165,"objectName":"B","objectType":"point"},{"data":{"x":"7.00000","y":"6.00000"},"time":1576581357826,"action":"ADD","deltaTime":1681,"objectName":"C","objectType":"point"},{"data":{"value":1,"definitionString":"Linjestykke B, C"},"time":1576581357853,"action":"ADD","deltaTime":27,"objectName":"g","objectType":"segment"},{"data":{"x":"8.00000","y":"6.00000"},"time":1576581359178,"action":"ADD","deltaTime":1325,"objectName":"D","objectType":"point"},{"data":{"x":"8.00000","y":"5.00000"},"time":1576581360598,"action":"ADD","deltaTime":1420,"objectName":"E","objectType":"point"},{"data":{"value":1,"definitionString":"Linjestykke D, E"},"time":1576581360634,"action":"ADD","deltaTime":36,"objectName":"h","objectType":"segment"},{"data":{"x":"9.13144","y":"4.95177"},"time":1576581361647,"action":"ADD","deltaTime":1013,"objectName":"F","objectType":"point"},{"data":{"x":"9.13144","y":"3.90627"},"time":1576581363497,"action":"ADD","deltaTime":1850,"objectName":"G","objectType":"point"},{"data":{"value":1.0454988443482964,"definitionString":"Linjestykke F, G"},"time":1576581363525,"action":"ADD","deltaTime":28,"objectName":"i","objectType":"segment"},{"data":{"x":"6.00000","y":"7.00000"},"time":1576581370725,"action":"ADD","deltaTime":7200,"objectName":"A","objectType":"point"},{"data":{"value":1,"definitionString":"Linjestykke S, A"},"time":1576581370752,"action":"ADD","deltaTime":27,"objectName":"f","objectType":"segment"},{"data":{"x":"7.00000","y":"7.00000"},"time":1576581374400,"action":"ADD","deltaTime":3648,"objectName":"B","objectType":"point"},{"data":{"value":1,"definitionString":"Linjestykke A, B"},"time":1576581374450,"action":"ADD","deltaTime":50,"objectName":"g","objectType":"segment"},{"data":{"x":"7.00000","y":"6.00000"},"time":1576581376217,"action":"ADD","deltaTime":1767,"objectName":"C","objectType":"point"},{"data":{"value":1,"definitionString":"Linjestykke B, C"},"time":1576581376260,"action":"ADD","deltaTime":43,"objectName":"h","objectType":"segment"},{"data":{"x":"12.00000","y":"8.00000"},"time":1576581480619,"action":"ADD","deltaTime":104359,"objectName":"A","objectType":"point"},{"data":{"x":"6.03014","y":"12.81216"},"time":1576581488614,"action":"ADD","deltaTime":7995,"objectName":"B","objectType":"point"},{"data":{"x":["6.16467","14.74060","6.00000","6.00000"],"y":["11.70233","11.93775","14.00000","14.00000"]},"time":1576581489371,"action":"UPDATE","deltaTime":[757,1517,13674,27156],"objectName":"B","objectType":"point"},{"data":{"x":"0.00000","y":"8.00000","definitionString":"Punkt på yAkse"},"time":1576581527811,"action":"ADD","deltaTime":38440,"objectName":"C","objectType":"point"},{"data":{"x":"6.00000","y":"3.00000"},"time":1576581541099,"action":"ADD","deltaTime":13288,"objectName":"D","objectType":"point"},{"data":{"x":["6.00000","6.00000","6.00000","5.95813","6.00000"],"y":["8.00000","8.00000","8.00000","8.47147","8.00000"]},"time":1576581557215,"action":"UPDATE","deltaTime":[16116,4541,6287,7456,9142],"objectName":"S","objectType":"point"},{"data":{"x":"6.00000","y":"9.00000"},"time":1576581571965,"action":"ADD","deltaTime":14750,"objectName":"E","objectType":"point"},{"data":{"value":1,"definitionString":"Linjestykke S, E"},"time":1576581572072,"action":"ADD","deltaTime":107,"objectName":"f","objectType":"segment"},{"data":{"x":"7.00000","y":"9.00000"},"time":1576581575708,"action":"ADD","deltaTime":3636,"objectName":"F","objectType":"point"},{"data":{"value":1,"definitionString":"Linjestykke E, F"},"time":1576581575834,"action":"ADD","deltaTime":126,"objectName":"g","objectType":"segment"},{"data":{"x":"7.00000","y":"10.00000"},"time":1576581579291,"action":"ADD","deltaTime":3457,"objectName":"G","objectType":"point"},{"data":{"value":1,"definitionString":"Linjestykke F, G"},"time":1576581579353,"action":"ADD","deltaTime":62,"objectName":"h","objectType":"segment"},{"data":{"x":"8.00000","y":"10.00000"},"time":1576581581809,"action":"ADD","deltaTime":2456,"objectName":"H","objectType":"point"},{"data":{"value":1,"definitionString":"Linjestykke G, H"},"time":1576581581904,"action":"ADD","deltaTime":95,"objectName":"i","objectType":"segment"},{"data":{"x":"8.00000","y":"11.00000"},"time":1576581584345,"action":"ADD","deltaTime":2441,"objectName":"I","objectType":"point"},{"data":{"value":1,"definitionString":"Linjestykke H, I"},"time":1576581584441,"action":"ADD","deltaTime":96,"objectName":"j","objectType":"segment"},{"data":{"x":"9.00000","y":"11.00000"},"time":1576581586313,"action":"ADD","deltaTime":1872,"objectName":"J","objectType":"point"},{"data":{"value":1,"definitionString":"Linjestykke I, J"},"time":1576581586387,"action":"ADD","deltaTime":74,"objectName":"k","objectType":"segment"},{"data":{"x":"9.00000","y":"12.00000"},"time":1576581589909,"action":"ADD","deltaTime":3522,"objectName":"K","objectType":"point"},{"data":{"value":1,"definitionString":"Linjestykke J, K"},"time":1576581590016,"action":"ADD","deltaTime":107,"objectName":"l","objectType":"segment"},{"data":{"x":"10.00000","y":"12.00000"},"time":1576581591916,"action":"ADD","deltaTime":1900,"objectName":"L","objectType":"point"},{"data":{"value":1,"definitionString":"Linjestykke K, L"},"time":1576581592014,"action":"ADD","deltaTime":98,"objectName":"m","objectType":"segment"},{"data":{"x":"10.00000","y":"13.00000"},"time":1576581596945,"action":"ADD","deltaTime":4931,"objectName":"M","objectType":"point"},{"data":{"value":1,"definitionString":"Linjestykke L, M"},"time":1576581597080,"action":"ADD","deltaTime":135,"objectName":"n","objectType":"segment"},{"data":{"x":"11.00000","y":"13.00000"},"time":1576581598396,"action":"ADD","deltaTime":1316,"objectName":"N","objectType":"point"},{"data":{"value":1,"definitionString":"Linjestykke M, N"},"time":1576581598484,"action":"ADD","deltaTime":88,"objectName":"p","objectType":"segment"},{"data":{"x":"11.00000","y":"14.00000"},"time":1576581615795,"action":"ADD","deltaTime":17311,"objectName":"O","objectType":"point"},{"data":{"value":1,"definitionString":"Linjestykke N, O"},"time":1576581615864,"action":"ADD","deltaTime":69,"objectName":"q","objectType":"segment"},{"data":{"x":"12.00000","y":"14.00000"},"time":1576581618403,"action":"ADD","deltaTime":2539,"objectName":"P","objectType":"point"},{"data":{"value":1,"definitionString":"Linjestykke O, P"},"time":1576581618486,"action":"ADD","deltaTime":83,"objectName":"r","objectType":"segment"},{"data":{"x":"7.00000","y":"8.00000"},"time":1576581631314,"action":"ADD","deltaTime":12828,"objectName":"Q","objectType":"point"},{"data":{"value":1,"definitionString":"Linjestykke S, Q"},"time":1576581631435,"action":"ADD","deltaTime":121,"objectName":"s","objectType":"segment"},{"data":{"x":"7.00000","y":"7.00000"},"time":1576581633422,"action":"ADD","deltaTime":1987,"objectName":"R","objectType":"point"},{"data":{"value":1,"definitionString":"Linjestykke Q, R"},"time":1576581633534,"action":"ADD","deltaTime":112,"objectName":"t","objectType":"segment"},{"data":{"value":1,"definitionString":"Linjestykke Q, R"},"time":1576581658476,"action":"ADD","deltaTime":24942,"objectName":"a","objectType":"segment"},{"data":{"x":"15.05192","y":"7.76651"},"time":1576581898616,"action":"ADD","deltaTime":240140,"objectName":"Q","objectType":"point"},{"data":{"value":3.0608378731472277,"definitionString":"Linjestykke A, Q"},"time":1576581899318,"action":"ADD","deltaTime":702,"objectName":"s","objectType":"segment"},{"data":{"x":"9.00000","y":"12.00000"},"time":1576581999275,"action":"UPDATE","deltaTime":99957,"objectName":"K","objectType":"point"},{"data":{"x":"10.00000","y":"12.00000"},"time":1576582000174,"action":"ADD","deltaTime":899,"objectName":"L","objectType":"point"},{"data":{"x":["9.00000","9.00000"],"y":["12.00000","12.00000"]},"time":1576582001573,"action":"UPDATE","deltaTime":[1399,537],"objectName":"K","objectType":"point"},{"data":{"value":1,"definitionString":"Linjestykke K, L"},"time":1576582013132,"action":"ADD","deltaTime":11559,"objectName":"m","objectType":"segment"},{"data":{"x":"10.00000","y":"12.00000"},"time":1576582013421,"action":"UPDATE","deltaTime":289,"objectName":"L","objectType":"point"},{"data":{"x":"6.00000","y":"7.00000"},"time":1576582018532,"action":"ADD","deltaTime":5111,"objectName":"M","objectType":"point"},{"data":{"value":1,"definitionString":"Linjestykke S, M"},"time":1576582018563,"action":"ADD","deltaTime":31,"objectName":"n","objectType":"segment"},{"data":{"x":"7.00000","y":"7.00000"},"time":1576582020590,"action":"ADD","deltaTime":2027,"objectName":"N","objectType":"point"},{"data":{"value":1,"definitionString":"Linjestykke M, N"},"time":1576582020619,"action":"ADD","deltaTime":29,"objectName":"p","objectType":"segment"},{"data":{"x":"7.00000","y":"6.00000"},"time":1576582022433,"action":"ADD","deltaTime":1814,"objectName":"O","objectType":"point"},{"data":{"value":1,"definitionString":"Linjestykke N, O"},"time":1576582022478,"action":"ADD","deltaTime":45,"objectName":"q","objectType":"segment"},{"data":{"x":"8.00000","y":"6.00000"},"time":1576582024572,"action":"ADD","deltaTime":2094,"objectName":"P","objectType":"point"},{"data":{"value":1,"definitionString":"Linjestykke O, P"},"time":1576582024611,"action":"ADD","deltaTime":39,"objectName":"r","objectType":"segment"},{"data":{"x":"8.00000","y":"5.00000"},"time":1576582026367,"action":"ADD","deltaTime":1756,"objectName":"Q","objectType":"point"},{"data":{"value":1,"definitionString":"Linjestykke P, Q"},"time":1576582026394,"action":"ADD","deltaTime":27,"objectName":"s","objectType":"segment"},{"data":{"x":"9.00000","y":"5.00000"},"time":1576582028530,"action":"ADD","deltaTime":2136,"objectName":"R","objectType":"point"},{"data":{"value":1,"definitionString":"Linjestykke Q, R"},"time":1576582028589,"action":"ADD","deltaTime":59,"objectName":"t","objectType":"segment"},{"data":{"x":"9.00000","y":"4.00000"},"time":1576582031521,"action":"ADD","deltaTime":2932,"objectName":"T","objectType":"point"},{"data":{"value":1,"definitionString":"Linjestykke R, T"},"time":1576582031550,"action":"ADD","deltaTime":29,"objectName":"a","objectType":"segment"},{"data":{"x":"10.00000","y":"4.00000"},"time":1576582033364,"action":"ADD","deltaTime":1814,"objectName":"U","objectType":"point"},{"data":{"value":1,"definitionString":"Linjestykke T, U"},"time":1576582033400,"action":"ADD","deltaTime":36,"objectName":"b","objectType":"segment"},{"data":{"x":"5.00000","y":"8.00000"},"time":1576582042626,"action":"ADD","deltaTime":9226,"objectName":"V","objectType":"point"},{"data":{"value":1,"definitionString":"Linjestykke S, V"},"time":1576582042666,"action":"ADD","deltaTime":40,"objectName":"c","objectType":"segment"},{"data":{"x":"5.00000","y":"9.00000"},"time":1576582044184,"action":"ADD","deltaTime":1518,"objectName":"W","objectType":"point"},{"data":{"value":1,"definitionString":"Linjestykke V, W"},"time":1576582044238,"action":"ADD","deltaTime":54,"objectName":"d","objectType":"segment"},{"data":{"x":"4.00000","y":"9.00000"},"time":1576582046411,"action":"ADD","deltaTime":2173,"objectName":"Z","objectType":"point"},{"data":{"value":1,"definitionString":"Linjestykke W, Z"},"time":1576582046439,"action":"ADD","deltaTime":28,"objectName":"e","objectType":"segment"},{"data":{"x":"4.00000","y":"10.00000"},"time":1576582048145,"action":"ADD","deltaTime":1706,"objectName":"A_1","objectType":"point"},{"data":{"value":1,"definitionString":"Linjestykke Z, A_1"},"time":1576582048201,"action":"ADD","deltaTime":56,"objectName":"f_1","objectType":"segment"},{"data":{"x":"3.00000","y":"10.00000"},"time":1576582049869,"action":"ADD","deltaTime":1668,"objectName":"B_1","objectType":"point"},{"data":{"value":1,"definitionString":"Linjestykke A_1, B_1"},"time":1576582049914,"action":"ADD","deltaTime":45,"objectName":"g_1","objectType":"segment"},{"data":{"x":"3.00000","y":"11.00000"},"time":1576582052039,"action":"ADD","deltaTime":2125,"objectName":"C_1","objectType":"point"},{"data":{"value":1,"definitionString":"Linjestykke B_1, C_1"},"time":1576582052097,"action":"ADD","deltaTime":58,"objectName":"h_1","objectType":"segment"},{"data":{"x":"2.00000","y":"11.00000"},"time":1576582055242,"action":"ADD","deltaTime":3145,"objectName":"D_1","objectType":"point"},{"data":{"value":1,"definitionString":"Linjestykke C_1, D_1"},"time":1576582055271,"action":"ADD","deltaTime":29,"objectName":"i_1","objectType":"segment"},{"data":{"x":"2.00000","y":"12.00000"},"time":1576582056945,"action":"ADD","deltaTime":1674,"objectName":"E_1","objectType":"point"},{"data":{"value":1,"definitionString":"Linjestykke D_1, E_1"},"time":1576582056982,"action":"ADD","deltaTime":37,"objectName":"j_1","objectType":"segment"},{"data":{"value":1,"definitionString":"Linjestykke S, V"},"time":1576582062829,"action":"ADD","deltaTime":5847,"objectName":"k_1","objectType":"segment"},{"data":{"x":"5.00000","y":"7.00000"},"time":1576582064722,"action":"ADD","deltaTime":1893,"objectName":"F_1","objectType":"point"},{"data":{"value":1,"definitionString":"Linjestykke V, F_1"},"time":1576582064769,"action":"ADD","deltaTime":47,"objectName":"l_1","objectType":"segment"},{"data":{"x":"4.00000","y":"7.00000"},"time":1576582067709,"action":"ADD","deltaTime":2940,"objectName":"G_1","objectType":"point"},{"data":{"value":1,"definitionString":"Linjestykke F_1, G_1"},"time":1576582067747,"action":"ADD","deltaTime":38,"objectName":"m_1","objectType":"segment"},{"data":{"x":"4.00000","y":"6.00000"},"time":1576582069225,"action":"ADD","deltaTime":1478,"objectName":"H_1","objectType":"point"},{"data":{"value":1,"definitionString":"Linjestykke G_1, H_1"},"time":1576582069275,"action":"ADD","deltaTime":50,"objectName":"n_1","objectType":"segment"},{"data":{"x":"3.00000","y":"6.00000"},"time":1576582071361,"action":"ADD","deltaTime":2086,"objectName":"I_1","objectType":"point"},{"data":{"value":1,"definitionString":"Linjestykke H_1, I_1"},"time":1576582071390,"action":"ADD","deltaTime":29,"objectName":"p_1","objectType":"segment"},{"data":{"x":"3.00000","y":"5.00000"},"time":1576582073133,"action":"ADD","deltaTime":1743,"objectName":"J_1","objectType":"point"},{"data":{"value":1,"definitionString":"Linjestykke I_1, J_1"},"time":1576582073180,"action":"ADD","deltaTime":47,"objectName":"q_1","objectType":"segment"},{"data":{"x":"2.00000","y":"5.00000"},"time":1576582075769,"action":"ADD","deltaTime":2589,"objectName":"K_1","objectType":"point"},{"data":{"value":1,"definitionString":"Linjestykke J_1, K_1"},"time":1576582075799,"action":"ADD","deltaTime":30,"objectName":"r_1","objectType":"segment"},{"data":{"x":"2.00000","y":"4.00000"},"time":1576582077957,"action":"ADD","deltaTime":2158,"objectName":"L_1","objectType":"point"},{"data":{"value":1,"definitionString":"Linjestykke K_1, L_1"},"time":1576582077987,"action":"ADD","deltaTime":30,"objectName":"s_1","objectType":"segment"},{"data":{"value":null,"definitionString":"Linje E_1, B"},"time":1576582106380,"action":"ADD","deltaTime":28393,"objectName":"t_1","objectType":"line"},{"data":{"x":"6.00000","y":"14.00000"},"time":1576582106680,"action":"UPDATE","deltaTime":300,"objectName":"B","objectType":"point"},{"data":{"value":null,"definitionString":"Linje B, L"},"time":1576582108566,"action":"ADD","deltaTime":1886,"objectName":"a_1","objectType":"line"},{"data":{"x":"10.00000","y":"12.00000"},"time":1576582108856,"action":"UPDATE","deltaTime":290,"objectName":"L","objectType":"point"},{"data":{"value":4.47213595499958,"definitionString":"Linjestykke E_1, B"},"time":1576582120361,"action":"ADD","deltaTime":11505,"objectName":"t_1","objectType":"segment"},{"data":{"x":"6.00000","y":"14.00000"},"time":1576582120664,"action":"UPDATE","deltaTime":303,"objectName":"B","objectType":"point"},{"data":{"value":4.47213595499958,"definitionString":"Linjestykke B, L"},"time":1576582122179,"action":"ADD","deltaTime":1515,"objectName":"a_1","objectType":"segment"},{"data":{"x":"10.00000","y":"12.00000"},"time":1576582122463,"action":"UPDATE","deltaTime":284,"objectName":"L","objectType":"point"},{"data":{"value":4.47213595499958,"definitionString":"Linjestykke L, A"},"time":1576582125172,"action":"ADD","deltaTime":2709,"objectName":"b_1","objectType":"segment"},{"data":{"x":"12.00000","y":"8.00000"},"time":1576582125454,"action":"UPDATE","deltaTime":282,"objectName":"A","objectType":"point"},{"data":{"value":4.47213595499958,"definitionString":"Linjestykke A, U"},"time":1576582128084,"action":"ADD","deltaTime":2630,"objectName":"c_1","objectType":"segment"},{"data":{"x":"10.00000","y":"4.00000"},"time":1576582128369,"action":"UPDATE","deltaTime":285,"objectName":"U","objectType":"point"},{"data":{"value":4.123105625617661,"definitionString":"Linjestykke U, D"},"time":1576582129795,"action":"ADD","deltaTime":1426,"objectName":"d_1","objectType":"segment"},{"data":{"x":"6.00000","y":"3.00000"},"time":1576582130084,"action":"UPDATE","deltaTime":289,"objectName":"D","objectType":"point"},{"data":{"value":4.123105625617661,"definitionString":"Linjestykke D, L_1"},"time":1576582131530,"action":"ADD","deltaTime":1446,"objectName":"e_1","objectType":"segment"},{"data":{"x":"2.00000","y":"4.00000"},"time":1576582131814,"action":"UPDATE","deltaTime":284,"objectName":"L_1","objectType":"point"},{"data":{"value":4.47213595499958,"definitionString":"Linjestykke L_1, C"},"time":1576582134421,"action":"ADD","deltaTime":2607,"objectName":"f_2","objectType":"segment"},{"data":{"value":4.47213595499958,"definitionString":"Linjestykke C, E_1"},"time":1576582135791,"action":"ADD","deltaTime":1370,"objectName":"g_2","objectType":"segment"},{"data":{"x":"2.00000","y":"12.00000"},"time":1576582136081,"action":"UPDATE","deltaTime":290,"objectName":"E_1","objectType":"point"},{"data":{"x":"6.00000","y":"2.00000"},"time":1576582218677,"action":"UPDATE","deltaTime":82596,"objectName":"D","objectType":"point"},{"data":{"value":4.47213595499958,"definitionString":"Linjestykke U, D"},"time":1576582218731,"action":"UPDATE","deltaTime":54,"objectName":"d_1","objectType":"segment"},{"data":{"value":4.47213595499958,"definitionString":"Linjestykke D, L_1"},"time":1576582218757,"action":"UPDATE","deltaTime":26,"objectName":"e_1","objectType":"segment"}]