[{"data":{"x":"4.00000","y":"6.00000"},"time":1576582326228,"action":"ADD","deltaTime":null,"objectName":"C","objectType":"point"},{"data":{"x":"3.00000","y":"6.00000"},"time":1576582326971,"action":"ADD","deltaTime":743,"objectName":"D","objectType":"point"},{"data":{"x":"3.00000","y":"5.00000"},"time":1576582327516,"action":"ADD","deltaTime":545,"objectName":"E","objectType":"point"},{"data":{"x":"2.00000","y":"5.00000"},"time":1576582329089,"action":"ADD","deltaTime":1573,"objectName":"F","objectType":"point"},{"data":{"x":"2.00000","y":"4.00000"},"time":1576582329832,"action":"ADD","deltaTime":743,"objectName":"G","objectType":"point"},{"data":{"x":"5.26000","y":"6.90000"},"time":1576582357724,"action":"ADD","deltaTime":27892,"objectName":"C","objectType":"point"},{"data":{"value":1.2639620247459966,"definitionString":"Linjestykke A, C"},"time":1576582357788,"action":"ADD","deltaTime":64,"objectName":"f","objectType":"segment"},{"data":{"x":"5.00000","y":"7.00000"},"time":1576582361890,"action":"ADD","deltaTime":4102,"objectName":"C","objectType":"point"},{"data":{"value":1,"definitionString":"Linjestykke A, C"},"time":1576582361933,"action":"ADD","deltaTime":43,"objectName":"f","objectType":"segment"},{"data":{"x":"5.00000","y":"8.00000"},"time":1576582364128,"action":"ADD","deltaTime":2195,"objectName":"D","objectType":"point"},{"data":{"value":1,"definitionString":"Linjestykke C, D"},"time":1576582364179,"action":"ADD","deltaTime":51,"objectName":"g","objectType":"segment"},{"data":{"x":"6.00000","y":"8.00000"},"time":1576582367272,"action":"ADD","deltaTime":3093,"objectName":"E","objectType":"point"},{"data":{"value":1,"definitionString":"Linjestykke D, E"},"time":1576582367318,"action":"ADD","deltaTime":46,"objectName":"h","objectType":"segment"},{"data":{"x":"6.00000","y":"9.00000"},"time":1576582368793,"action":"ADD","deltaTime":1475,"objectName":"F","objectType":"point"},{"data":{"value":1,"definitionString":"Linjestykke E, F"},"time":1576582368831,"action":"ADD","deltaTime":38,"objectName":"i","objectType":"segment"},{"data":{"x":"7.00000","y":"9.00000"},"time":1576582372116,"action":"ADD","deltaTime":3285,"objectName":"G","objectType":"point"},{"data":{"value":1,"definitionString":"Linjestykke F, G"},"time":1576582372154,"action":"ADD","deltaTime":38,"objectName":"j","objectType":"segment"},{"data":{"x":"7.00000","y":"10.00000"},"time":1576582373110,"action":"ADD","deltaTime":956,"objectName":"H","objectType":"point"},{"data":{"value":1,"definitionString":"Linjestykke G, H"},"time":1576582373149,"action":"ADD","deltaTime":39,"objectName":"k","objectType":"segment"},{"data":{"x":"8.00000","y":"10.00000"},"time":1576582374706,"action":"ADD","deltaTime":1557,"objectName":"I","objectType":"point"},{"data":{"value":1,"definitionString":"Linjestykke H, I"},"time":1576582374750,"action":"ADD","deltaTime":44,"objectName":"l","objectType":"segment"},{"data":{"x":"8.00000","y":"11.00000"},"time":1576582375851,"action":"ADD","deltaTime":1101,"objectName":"J","objectType":"point"},{"data":{"value":1,"definitionString":"Linjestykke I, J"},"time":1576582375892,"action":"ADD","deltaTime":41,"objectName":"m","objectType":"segment"},{"data":{"x":"6.00000","y":"7.00000"},"time":1576582380132,"action":"ADD","deltaTime":4240,"objectName":"K","objectType":"point"},{"data":{"value":1,"definitionString":"Linjestykke C, K"},"time":1576582380171,"action":"ADD","deltaTime":39,"objectName":"n","objectType":"segment"},{"data":{"x":"7.00000","y":"7.00000"},"time":1576582384735,"action":"ADD","deltaTime":4565,"objectName":"L","objectType":"point"},{"data":{"value":1,"definitionString":"Linjestykke K, L"},"time":1576582384810,"action":"ADD","deltaTime":75,"objectName":"p","objectType":"segment"},{"data":{"value":1,"definitionString":"Linjestykke L, B"},"time":1576582385938,"action":"ADD","deltaTime":1128,"objectName":"q","objectType":"segment"},{"data":{"x":"9.00000","y":"7.00000"},"time":1576582387270,"action":"ADD","deltaTime":1332,"objectName":"M","objectType":"point"},{"data":{"value":1,"definitionString":"Linjestykke B, M"},"time":1576582387306,"action":"ADD","deltaTime":36,"objectName":"r","objectType":"segment"},{"data":{"x":"10.00000","y":"7.00000"},"time":1576582393512,"action":"ADD","deltaTime":6206,"objectName":"N","objectType":"point"},{"data":{"value":1,"definitionString":"Linjestykke M, N"},"time":1576582393568,"action":"ADD","deltaTime":56,"objectName":"s","objectType":"segment"},{"data":{"value":null,"definitionString":"Midtnormal AB"},"time":1576582513667,"action":"ADD","deltaTime":120099,"objectName":"f","objectType":"line"}]