[{"data":{"x":"7.01455","y":"8.35636"},"time":1576582690159,"action":"ADD","deltaTime":null,"objectName":"C","objectType":"point"},{"data":{"x":["7.00000","7.03455","7.03455","7.03455","7.03455","7.03455","7.03455"],"y":["8.00000","8.17636","8.19636","8.27636","8.35636","8.33636","8.29636"]},"time":1576582717964,"action":"UPDATE","deltaTime":[27805,567,1033,4250,4950,5650,6027],"objectName":"C","objectType":"point"},{"data":{"value":3.1622776601683795,"definitionString":"Linjestykke A, B"},"time":1576582731107,"action":"ADD","deltaTime":13143,"objectName":"f","objectType":"segment"},{"data":{"value":3.0680060555717255,"definitionString":"Linjestykke B, C"},"time":1576582732673,"action":"ADD","deltaTime":1566,"objectName":"g","objectType":"segment"},{"data":{"value":3.1150554165108764,"definitionString":"Linjestykke C, A"},"time":1576582734107,"action":"ADD","deltaTime":1434,"objectName":"h","objectType":"segment"}]