[{"data":{"x":"2.00000","y":"11.00000"},"time":1576584917236,"action":"ADD","deltaTime":null,"objectName":"C","objectType":"point"},{"data":{"x":"4.00000","y":"9.00000"},"time":1576584921702,"action":"ADD","deltaTime":4466,"objectName":"D","objectType":"point"},{"data":{"x":"3.00000","y":"10.00000"},"time":1576584923379,"action":"ADD","deltaTime":1677,"objectName":"E","objectType":"point"},{"data":{"x":"0.00000","y":"9.00000","definitionString":"Punkt på yAkse"},"time":1576584928573,"action":"ADD","deltaTime":5194,"objectName":"F","objectType":"point"},{"data":{"x":"1.00000","y":"10.00000"},"time":1576584930765,"action":"ADD","deltaTime":2192,"objectName":"G","objectType":"point"},{"data":{"x":"6.00000","y":"5.00000"},"time":1576584952018,"action":"ADD","deltaTime":21253,"objectName":"C","objectType":"point"},{"data":{"x":"7.00000","y":"6.00000"},"time":1576584954969,"action":"ADD","deltaTime":2951,"objectName":"D","objectType":"point"},{"data":{"x":"8.00000","y":"7.00000"},"time":1576584960598,"action":"ADD","deltaTime":5629,"objectName":"E","objectType":"point"},{"data":{"x":"7.00000","y":"8.00000"},"time":1576584962036,"action":"ADD","deltaTime":1438,"objectName":"F","objectType":"point"},{"data":{"x":"6.00000","y":"9.00000"},"time":1576584962909,"action":"ADD","deltaTime":873,"objectName":"G","objectType":"point"},{"data":{"x":"5.00000","y":"10.00000"},"time":1576584964753,"action":"ADD","deltaTime":1844,"objectName":"H","objectType":"point"},{"data":{"x":"4.00000","y":"11.00000"},"time":1576584967560,"action":"ADD","deltaTime":2807,"objectName":"I","objectType":"point"},{"data":{"x":"3.00000","y":"10.00000"},"time":1576584969030,"action":"ADD","deltaTime":1470,"objectName":"J","objectType":"point"},{"data":{"x":"1.00000","y":"8.00000"},"time":1576584971436,"action":"ADD","deltaTime":2406,"objectName":"K","objectType":"point"},{"data":{"x":"0.00000","y":"7.00000","definitionString":"Punkt på yAkse"},"time":1576584972933,"action":"ADD","deltaTime":1497,"objectName":"L","objectType":"point"},{"data":{"x":"1.00000","y":"6.00000"},"time":1576584977696,"action":"ADD","deltaTime":4763,"objectName":"M","objectType":"point"},{"data":{"x":"2.00000","y":"5.00000"},"time":1576584978468,"action":"ADD","deltaTime":772,"objectName":"N","objectType":"point"},{"data":{"x":"3.08255","y":"3.87436"},"time":1576584979257,"action":"ADD","deltaTime":789,"objectName":"O","objectType":"point"},{"data":{"x":"3.00000","y":"4.00000"},"time":1576584985020,"action":"ADD","deltaTime":5763,"objectName":"O","objectType":"point"},{"data":{"x":"4.00000","y":"3.00000"},"time":1576584990355,"action":"ADD","deltaTime":5335,"objectName":"P","objectType":"point"},{"data":{"x":"5.00000","y":"4.00000"},"time":1576584991828,"action":"ADD","deltaTime":1473,"objectName":"Q","objectType":"point"},{"data":{"x":"4.00000","y":"11.00000"},"time":1576585024202,"action":"UPDATE","deltaTime":32374,"objectName":"I","objectType":"point"},{"data":{"x":"6.00000","y":"9.00000"},"time":1576585029534,"action":"UPDATE","deltaTime":5332,"objectName":"G","objectType":"point"},{"data":{"x":"6.00000","y":"8.00000"},"time":1576585031359,"action":"ADD","deltaTime":1825,"objectName":"R","objectType":"point"},{"data":{"x":"5.00000","y":"8.00000"},"time":1576585149442,"action":"ADD","deltaTime":118083,"objectName":"R","objectType":"point"},{"data":{"x":"4.00000","y":"11.00000"},"time":1576585160652,"action":"UPDATE","deltaTime":11210,"objectName":"I","objectType":"point"},{"data":{"x":"3.00000","y":"6.00000"},"time":1576585162728,"action":"ADD","deltaTime":2076,"objectName":"S","objectType":"point"},{"data":{"x":"3.00000","y":"12.00000"},"time":1576585194568,"action":"ADD","deltaTime":31840,"objectName":"T","objectType":"point"},{"data":{"x":"2.00000","y":"13.00000"},"time":1576585222195,"action":"ADD","deltaTime":27627,"objectName":"U","objectType":"point"},{"data":{"x":"1.00000","y":"12.00000"},"time":1576585224353,"action":"ADD","deltaTime":2158,"objectName":"V","objectType":"point"},{"data":{"x":"0.00000","y":"11.00000","definitionString":"Punkt på yAkse"},"time":1576585228073,"action":"ADD","deltaTime":3720,"objectName":"W","objectType":"point"},{"data":{"x":"-1.00000","y":"10.00000"},"time":1576585230171,"action":"ADD","deltaTime":2098,"objectName":"Z","objectType":"point"},{"data":{"x":"-2.00000","y":"9.00000"},"time":1576585234379,"action":"ADD","deltaTime":4208,"objectName":"A_1","objectType":"point"},{"data":{"x":"-1.00000","y":"8.00000"},"time":1576585235576,"action":"ADD","deltaTime":1197,"objectName":"B_1","objectType":"point"},{"data":{"value":2.8284271247461903,"definitionString":"Linjestykke A, B"},"time":1576585242310,"action":"ADD","deltaTime":6734,"objectName":"f","objectType":"segment"},{"data":{"value":2.8284271247461903,"definitionString":"Linjestykke I, G"},"time":1576585246167,"action":"ADD","deltaTime":3857,"objectName":"g","objectType":"segment"},{"data":{"x":"6.00000","y":"9.00000"},"time":1576585246469,"action":"UPDATE","deltaTime":302,"objectName":"G","objectType":"point"},{"data":{"value":2.8284271247461903,"definitionString":"Linjestykke B, G"},"time":1576585248339,"action":"ADD","deltaTime":1870,"objectName":"h","objectType":"segment"},{"data":{"x":"6.00000","y":"9.00000"},"time":1576585248675,"action":"UPDATE","deltaTime":336,"objectName":"G","objectType":"point"},{"data":{"value":2.8284271247461903,"definitionString":"Linjestykke I, A"},"time":1576585250282,"action":"ADD","deltaTime":1607,"objectName":"i","objectType":"segment"},{"data":{"value":4,"definitionString":"Linjestykke A, G"},"time":1576585251581,"action":"ADD","deltaTime":1299,"objectName":"j","objectType":"segment"},{"data":{"x":"6.00000","y":"9.00000"},"time":1576585251875,"action":"UPDATE","deltaTime":294,"objectName":"G","objectType":"point"},{"data":{"x":"4.00000","y":"9.00000","definitionString":"Punkt på j"},"time":1576585253233,"action":"ADD","deltaTime":1358,"objectName":"C_1","objectType":"point"},{"data":{"value":2,"definitionString":"Linjestykke B, C_1"},"time":1576585253278,"action":"ADD","deltaTime":45,"objectName":"k","objectType":"segment"},{"data":{"value":2.8284271247461903,"definitionString":"Linjestykke I, A"},"time":1576585258970,"action":"ADD","deltaTime":5692,"objectName":"l","objectType":"segment"},{"data":{"value":3.1622776601683795,"definitionString":"Linjestykke A, H"},"time":1576585261914,"action":"ADD","deltaTime":2944,"objectName":"m","objectType":"segment"},{"data":{"x":"5.00000","y":"10.00000"},"time":1576585262209,"action":"UPDATE","deltaTime":295,"objectName":"H","objectType":"point"},{"data":{"value":3.1622776601683795,"definitionString":"Linjestykke H, B"},"time":1576585264233,"action":"ADD","deltaTime":2024,"objectName":"n","objectType":"segment"}]