[{"data":{"x":"8.65928","y":"10.28044"},"time":1576581064572,"action":"ADD","deltaTime":null,"objectName":"A","objectType":"point"},{"data":{"x":"6.00000","y":"8.00000"},"time":1576581071088,"action":"UPDATE","deltaTime":6516,"objectName":"S","objectType":"point"},{"data":{"x":"17.42798","y":"12.40516"},"time":1576581130418,"action":"ADD","deltaTime":59330,"objectName":"A","objectType":"point"},{"data":{"value":12.247615693063011,"definitionString":"Linjestykke S, A"},"time":1576581148257,"action":"ADD","deltaTime":17839,"objectName":"f","objectType":"segment"},{"data":{"x":"17.42798","y":"12.40516"},"time":1576581148546,"action":"UPDATE","deltaTime":289,"objectName":"A","objectType":"point"},{"data":{"x":"5.00000","y":"10.00000"},"time":1576581209755,"action":"ADD","deltaTime":61209,"objectName":"B","objectType":"point"},{"data":{"x":"5.79259","y":"10.07808"},"time":1576581210080,"action":"ADD","deltaTime":325,"objectName":"C","objectType":"point"},{"data":{"x":"6.43338","y":"10.11181"},"time":1576581210514,"action":"ADD","deltaTime":434,"objectName":"D","objectType":"point"},{"data":{"x":"7.17534","y":"9.77455"},"time":1576581210936,"action":"ADD","deltaTime":422,"objectName":"E","objectType":"point"},{"data":{"x":"8.01335","y":"8.77609","definitionString":"Punkt på f"},"time":1576581211310,"action":"ADD","deltaTime":374,"objectName":"F","objectType":"point"},{"data":{"x":"8.08594","y":"8.25689"},"time":1576581211721,"action":"ADD","deltaTime":411,"objectName":"G","objectType":"point"},{"data":{"x":"8.25457","y":"7.51493"},"time":1576581211920,"action":"ADD","deltaTime":199,"objectName":"H","objectType":"point"},{"data":{"x":"8.00000","y":"7.00000"},"time":1576581212361,"action":"ADD","deltaTime":441,"objectName":"I","objectType":"point"},{"data":{"x":"7.58005","y":"6.70551"},"time":1576581212562,"action":"ADD","deltaTime":201,"objectName":"J","objectType":"point"},{"data":{"x":"6.93926","y":"6.43570"},"time":1576581212830,"action":"ADD","deltaTime":268,"objectName":"K","objectType":"point"},{"data":{"x":"6.43338","y":"6.26707"},"time":1576581213059,"action":"ADD","deltaTime":229,"objectName":"L","objectType":"point"},{"data":{"x":"5.25297","y":"6.57060"},"time":1576581213576,"action":"ADD","deltaTime":517,"objectName":"M","objectType":"point"},{"data":{"x":"4.81454","y":"7.07649"},"time":1576581213990,"action":"ADD","deltaTime":414,"objectName":"N","objectType":"point"},{"data":{"x":"4.57846","y":"8.12199"},"time":1576581214410,"action":"ADD","deltaTime":420,"objectName":"O","objectType":"point"},{"data":{"x":"4.61218","y":"8.96513"},"time":1576581214842,"action":"ADD","deltaTime":432,"objectName":"P","objectType":"point"},{"data":{"x":"12.00000","y":"8.00000"},"time":1576581260475,"action":"ADD","deltaTime":45633,"objectName":"A","objectType":"point"},{"data":{"x":"6.00000","y":"14.00000"},"time":1576581275386,"action":"ADD","deltaTime":14911,"objectName":"B","objectType":"point"},{"data":{"x":"6.00000","y":"3.00000"},"time":1576581289345,"action":"ADD","deltaTime":13959,"objectName":"C","objectType":"point"},{"data":{"x":"1.00000","y":"8.00000"},"time":1576581295954,"action":"ADD","deltaTime":6609,"objectName":"D","objectType":"point"},{"data":{"x":"12.20048","y":"8.76278"},"time":1576581311428,"action":"ADD","deltaTime":15474,"objectName":"E","objectType":"point"},{"data":{"x":"11.96440","y":"9.30239"},"time":1576581311921,"action":"ADD","deltaTime":493,"objectName":"F","objectType":"point"},{"data":{"x":"11.39106","y":"9.90946"},"time":1576581312383,"action":"ADD","deltaTime":462,"objectName":"G","objectType":"point"},{"data":{"x":"10.88518","y":"10.58397"},"time":1576581312826,"action":"ADD","deltaTime":443,"objectName":"H","objectType":"point"},{"data":{"x":"10.27811","y":"11.32594"},"time":1576581313318,"action":"ADD","deltaTime":492,"objectName":"I","objectType":"point"},{"data":{"x":"9.80595","y":"11.89928"},"time":1576581313690,"action":"ADD","deltaTime":372,"objectName":"J","objectType":"point"},{"data":{"x":"8.96281","y":"12.77615"},"time":1576581314261,"action":"ADD","deltaTime":571,"objectName":"K","objectType":"point"},{"data":{"x":"8.52437","y":"13.21458"},"time":1576581314472,"action":"ADD","deltaTime":211,"objectName":"L","objectType":"point"},{"data":{"x":"7.61378","y":"13.78792"},"time":1576581314875,"action":"ADD","deltaTime":403,"objectName":"M","objectType":"point"},{"data":{"x":"6.56828","y":"14.29381"},"time":1576581315509,"action":"ADD","deltaTime":634,"objectName":"N","objectType":"point"},{"data":{"x":"5.28670","y":"14.39498"},"time":1576581316705,"action":"ADD","deltaTime":1196,"objectName":"O","objectType":"point"},{"data":{"x":"4.71336","y":"13.88910"},"time":1576581317371,"action":"ADD","deltaTime":666,"objectName":"P","objectType":"point"},{"data":{"x":"4.14002","y":"13.34948"},"time":1576581318015,"action":"ADD","deltaTime":644,"objectName":"Q","objectType":"point"},{"data":{"x":"3.70159","y":"12.97850"},"time":1576581318255,"action":"ADD","deltaTime":240,"objectName":"R","objectType":"point"},{"data":{"x":"2.95962","y":"12.37144"},"time":1576581318720,"action":"ADD","deltaTime":465,"objectName":"T","objectType":"point"},{"data":{"x":"2.42001","y":"12.10163"},"time":1576581319161,"action":"ADD","deltaTime":441,"objectName":"U","objectType":"point"},{"data":{"x":"1.74549","y":"11.52829"},"time":1576581319564,"action":"ADD","deltaTime":403,"objectName":"V","objectType":"point"},{"data":{"x":"1.23961","y":"10.92123"},"time":1576581319955,"action":"ADD","deltaTime":391,"objectName":"W","objectType":"point"},{"data":{"x":"0.96980","y":"10.21299"},"time":1576581320418,"action":"ADD","deltaTime":463,"objectName":"Z","objectType":"point"},{"data":{"x":"0.53137","y":"9.43730"},"time":1576581320831,"action":"ADD","deltaTime":413,"objectName":"A_1","objectType":"point"},{"data":{"x":"0.32901","y":"8.76278"},"time":1576581321261,"action":"ADD","deltaTime":430,"objectName":"B_1","objectType":"point"},{"data":{"x":"0.43019","y":"7.81846"},"time":1576581321971,"action":"ADD","deltaTime":710,"objectName":"C_1","objectType":"point"},{"data":{"x":"0.66627","y":"7.14394"},"time":1576581322489,"action":"ADD","deltaTime":518,"objectName":"D_1","objectType":"point"},{"data":{"x":"1.03725","y":"6.43570"},"time":1576581322912,"action":"ADD","deltaTime":423,"objectName":"E_1","objectType":"point"},{"data":{"x":"1.67804","y":"5.52511"},"time":1576581323364,"action":"ADD","deltaTime":452,"objectName":"F_1","objectType":"point"},{"data":{"x":"2.00000","y":"5.00000"},"time":1576581323987,"action":"ADD","deltaTime":623,"objectName":"G_1","objectType":"point"},{"data":{"x":"2.65609","y":"4.54706"},"time":1576581324450,"action":"ADD","deltaTime":463,"objectName":"H_1","objectType":"point"},{"data":{"x":"3.22943","y":"4.07490"},"time":1576581324932,"action":"ADD","deltaTime":482,"objectName":"I_1","objectType":"point"},{"data":{"x":"3.76904","y":"3.70391"},"time":1576581325385,"action":"ADD","deltaTime":453,"objectName":"J_1","objectType":"point"},{"data":{"x":"4.34238","y":"3.33293"},"time":1576581326039,"action":"ADD","deltaTime":654,"objectName":"K_1","objectType":"point"},{"data":{"x":"5.00000","y":"3.00000"},"time":1576581326281,"action":"ADD","deltaTime":242,"objectName":"L_1","objectType":"point"},{"data":{"x":"5.79259","y":"2.45606"},"time":1576581326722,"action":"ADD","deltaTime":441,"objectName":"M_1","objectType":"point"},{"data":{"x":"6.43338","y":"2.45606"},"time":1576581327155,"action":"ADD","deltaTime":433,"objectName":"N_1","objectType":"point"},{"data":{"x":"7.17534","y":"2.52351"},"time":1576581327557,"action":"ADD","deltaTime":402,"objectName":"O_1","objectType":"point"},{"data":{"x":"7.64750","y":"2.72587"},"time":1576581327758,"action":"ADD","deltaTime":201,"objectName":"P_1","objectType":"point"},{"data":{"x":"8.00000","y":"3.00000"},"time":1576581327968,"action":"ADD","deltaTime":210,"objectName":"Q_1","objectType":"point"},{"data":{"x":"8.72673","y":"3.40038"},"time":1576581328170,"action":"ADD","deltaTime":202,"objectName":"R_1","objectType":"point"},{"data":{"x":"9.36752","y":"3.87254"},"time":1576581328602,"action":"ADD","deltaTime":432,"objectName":"S_1","objectType":"point"},{"data":{"x":"10.07576","y":"4.44588"},"time":1576581328840,"action":"ADD","deltaTime":238,"objectName":"T_1","objectType":"point"},{"data":{"x":"10.68282","y":"4.95177"},"time":1576581329226,"action":"ADD","deltaTime":386,"objectName":"U_1","objectType":"point"},{"data":{"x":"11.39106","y":"5.92982"},"time":1576581329437,"action":"ADD","deltaTime":211,"objectName":"V_1","objectType":"point"},{"data":{"x":"11.89695","y":"6.53688"},"time":1576581329831,"action":"ADD","deltaTime":394,"objectName":"W_1","objectType":"point"},{"data":{"x":"12.09930","y":"7.31257"},"time":1576581330363,"action":"ADD","deltaTime":532,"objectName":"Z_1","objectType":"point"},{"data":{"x":"11.62714","y":"7.27885"},"time":1576581340417,"action":"ADD","deltaTime":10054,"objectName":"H_1","objectType":"point"},{"data":{"x":"11.15498","y":"6.73923"},"time":1576581340890,"action":"ADD","deltaTime":473,"objectName":"I_1","objectType":"point"},{"data":{"x":"10.68282","y":"6.30080"},"time":1576581341312,"action":"ADD","deltaTime":422,"objectName":"J_1","objectType":"point"},{"data":{"x":"10.17694","y":"5.89609"},"time":1576581341755,"action":"ADD","deltaTime":443,"objectName":"K_1","objectType":"point"},{"data":{"x":"9.70477","y":"5.28903"},"time":1576581342208,"action":"ADD","deltaTime":453,"objectName":"L_1","objectType":"point"},{"data":{"x":"9.16516","y":"4.71569"},"time":1576581342650,"action":"ADD","deltaTime":442,"objectName":"M_1","objectType":"point"},{"data":{"x":"8.25457","y":"3.77137"},"time":1576581343094,"action":"ADD","deltaTime":444,"objectName":"N_1","objectType":"point"},{"data":{"x":"8.69300","y":"4.34470"},"time":1576581344722,"action":"ADD","deltaTime":1628,"objectName":"O_1","objectType":"point"},{"data":{"x":"7.74868","y":"3.53529"},"time":1576581345467,"action":"ADD","deltaTime":745,"objectName":"P_1","objectType":"point"},{"data":{"x":"7.14162","y":"3.09685"},"time":1576581346155,"action":"ADD","deltaTime":688,"objectName":"Q_1","objectType":"point"},{"data":{"x":"5.48905","y":"2.69214"},"time":1576581347710,"action":"ADD","deltaTime":1555,"objectName":"R_1","objectType":"point"},{"data":{"x":"6.00000","y":"3.00000"},"time":1576581347753,"action":"UPDATE","deltaTime":43,"objectName":"C","objectType":"point"},{"data":{"x":"4.67964","y":"3.02940"},"time":1576581348415,"action":"ADD","deltaTime":662,"objectName":"S_1","objectType":"point"},{"data":{"x":"3.70159","y":"3.36666"},"time":1576581348840,"action":"ADD","deltaTime":425,"objectName":"T_1","objectType":"point"},{"data":{"x":"3.00000","y":"4.00000"},"time":1576581349290,"action":"ADD","deltaTime":450,"objectName":"U_1","objectType":"point"},{"data":{"x":"2.28511","y":"4.44588"},"time":1576581349701,"action":"ADD","deltaTime":411,"objectName":"V_1","objectType":"point"},{"data":{"x":"6.56828","y":"2.86077"},"time":1576581351291,"action":"ADD","deltaTime":1590,"objectName":"W_1","objectType":"point"}]