[{"data":{"x":"3.00000","y":"6.00000"},"time":1576581490217,"action":"ADD","deltaTime":null,"objectName":"C","objectType":"point"},{"data":{"value":3.1622776601683795,"definitionString":"Linjestykke A, C"},"time":1576581498671,"action":"ADD","deltaTime":8454,"objectName":"f","objectType":"segment"},{"data":{"value":2,"definitionString":"Linjestykke B, C"},"time":1576581501354,"action":"ADD","deltaTime":2683,"objectName":"g","objectType":"segment"},{"data":{"value":3.1622776601683795,"definitionString":"Linjestykke B, A"},"time":1576581504427,"action":"ADD","deltaTime":3073,"objectName":"h","objectType":"segment"}]