[{"data":{"x":"4.00000","y":"9.00000"},"time":1576581567757,"action":"ADD","deltaTime":null,"objectName":"C","objectType":"point"},{"data":{"x":"2.00255","y":"8.57436"},"time":1576581572736,"action":"ADD","deltaTime":4979,"objectName":"D","objectType":"point"},{"data":{"value":0.42564397492319433,"definitionString":"Linjestykke A, D"},"time":1576581572782,"action":"ADD","deltaTime":46,"objectName":"f","objectType":"segment"},{"data":{"value":2,"definitionString":"Linjestykke A, C"},"time":1576581580421,"action":"ADD","deltaTime":7639,"objectName":"f","objectType":"segment"},{"data":{"x":"4.00000","y":"9.00000"},"time":1576581580730,"action":"UPDATE","deltaTime":309,"objectName":"C","objectType":"point"},{"data":{"value":2,"definitionString":"Linjestykke B, C"},"time":1576581583374,"action":"ADD","deltaTime":2644,"objectName":"g","objectType":"segment"},{"data":{"x":"4.00000","y":"9.00000"},"time":1576581583667,"action":"UPDATE","deltaTime":293,"objectName":"C","objectType":"point"},{"data":{"value":2.8284271247461903,"definitionString":"Linjestykke A, B"},"time":1576581585913,"action":"ADD","deltaTime":2246,"objectName":"h","objectType":"segment"},{"data":{"value":null,"definitionString":"Midtnormal AB"},"time":1576581589877,"action":"ADD","deltaTime":3964,"objectName":"i","objectType":"line"},{"data":{"x":"2.00000","y":"7.00000","definitionString":"Punkt på i"},"time":1576581656312,"action":"ADD","deltaTime":66435,"objectName":"D","objectType":"point"},{"data":{"value":2,"definitionString":"Linjestykke A, D"},"time":1576581664164,"action":"ADD","deltaTime":7852,"objectName":"j","objectType":"segment"},{"data":{"value":2,"definitionString":"Linjestykke B, D"},"time":1576581666994,"action":"ADD","deltaTime":2830,"objectName":"k","objectType":"segment"}]