[{"data":{"x":["5.92749","6.00000"],"y":["6.13217","6.00000"]},"time":1576581152660,"action":"UPDATE","deltaTime":[null,883],"objectName":"S","objectType":"point"},{"data":{"x":"12.00000","y":"6.00000"},"time":1576581169116,"action":"ADD","deltaTime":16456,"objectName":"A","objectType":"point"},{"data":{"value":6,"definitionString":"Linjestykke S, A"},"time":1576581169166,"action":"ADD","deltaTime":50,"objectName":"f","objectType":"segment"},{"data":{"x":"0.00000","y":"6.00000","definitionString":"Punkt på yAkse"},"time":1576581220868,"action":"ADD","deltaTime":51702,"objectName":"A","objectType":"point"},{"data":{"x":"6.00000","y":"0.00000","definitionString":"Punkt på xAkse"},"time":1576581226107,"action":"ADD","deltaTime":5239,"objectName":"B","objectType":"point"},{"data":{"x":"12.00000","y":"6.00000"},"time":1576581232192,"action":"ADD","deltaTime":6085,"objectName":"C","objectType":"point"},{"data":{"x":"6.00000","y":"12.00000"},"time":1576581237529,"action":"ADD","deltaTime":5337,"objectName":"D","objectType":"point"},{"data":{"x":"11.00000","y":"2.00000"},"time":1576581262567,"action":"ADD","deltaTime":25038,"objectName":"E","objectType":"point"},{"data":{"x":"7.02683","y":"11.84671"},"time":1576581338230,"action":"ADD","deltaTime":75663,"objectName":"E","objectType":"point"},{"data":{"x":"8.04384","y":"11.57750"},"time":1576581343143,"action":"ADD","deltaTime":4913,"objectName":"F","objectType":"point"},{"data":{"x":"8.97111","y":"11.15873"},"time":1576581346061,"action":"ADD","deltaTime":2918,"objectName":"G","objectType":"point"},{"data":{"x":"10.01803","y":"10.53058"},"time":1576581352865,"action":"ADD","deltaTime":6804,"objectName":"H","objectType":"point"},{"data":{"x":"10.58636","y":"9.99216"},"time":1576581356032,"action":"ADD","deltaTime":3167,"objectName":"I","objectType":"point"},{"data":{"x":"11.00512","y":"9.45375"},"time":1576581358918,"action":"ADD","deltaTime":2886,"objectName":"J","objectType":"point"},{"data":{"x":"11.27433","y":"8.76577"},"time":1576581359901,"action":"ADD","deltaTime":983,"objectName":"K","objectType":"point"},{"data":{"x":"11.51363","y":"7.80859"},"time":1576581361047,"action":"ADD","deltaTime":1146,"objectName":"L","objectType":"point"},{"data":{"x":"11.84266","y":"6.46255"},"time":1576581361966,"action":"ADD","deltaTime":919,"objectName":"M","objectType":"point"},{"data":{"x":"11.72301","y":"7.12061"},"time":1576581363043,"action":"ADD","deltaTime":1077,"objectName":"N","objectType":"point"},{"data":{"x":"11.90248","y":"5.29598"},"time":1576581364012,"action":"ADD","deltaTime":969,"objectName":"O","objectType":"point"},{"data":{"x":"11.54354","y":"4.78748"},"time":1576581364668,"action":"ADD","deltaTime":656,"objectName":"P","objectType":"point"},{"data":{"x":"11.06495","y":"3.83029"},"time":1576581365600,"action":"ADD","deltaTime":932,"objectName":"Q","objectType":"point"},{"data":{"x":"11.93240","y":"5.50536"},"time":1576581371278,"action":"ADD","deltaTime":5678,"objectName":"O","objectType":"point"},{"data":{"x":"11.81275","y":"4.99686"},"time":1576581372697,"action":"ADD","deltaTime":1419,"objectName":"P","objectType":"point"},{"data":{"x":"11.60336","y":"4.54818"},"time":1576581374087,"action":"ADD","deltaTime":1390,"objectName":"Q","objectType":"point"},{"data":{"x":"11.24442","y":"3.97985"},"time":1576581375146,"action":"ADD","deltaTime":1059,"objectName":"R","objectType":"point"},{"data":{"x":"10.91539","y":"3.41152"},"time":1576581376405,"action":"ADD","deltaTime":1259,"objectName":"T","objectType":"point"},{"data":{"x":"10.43680","y":"2.81328"},"time":1576581377524,"action":"ADD","deltaTime":1119,"objectName":"U","objectType":"point"},{"data":{"x":"9.95820","y":"2.21504"},"time":1576581378532,"action":"ADD","deltaTime":1008,"objectName":"V","objectType":"point"},{"data":{"x":"9.62917","y":"1.70654"},"time":1576581380312,"action":"ADD","deltaTime":1780,"objectName":"W","objectType":"point"},{"data":{"x":"9.09076","y":"1.16813"},"time":1576581381251,"action":"ADD","deltaTime":939,"objectName":"Z","objectType":"point"},{"data":{"x":"8.37287","y":"0.62971"},"time":1576581382191,"action":"ADD","deltaTime":940,"objectName":"A_1","objectType":"point"},{"data":{"x":"7.41568","y":"0.30068"},"time":1576581383195,"action":"ADD","deltaTime":1004,"objectName":"B_1","objectType":"point"},{"data":{"x":"6.57815","y":"0.24085"},"time":1576581384199,"action":"ADD","deltaTime":1004,"objectName":"C_1","objectType":"point"},{"data":{"x":"5.29193","y":"0.42033"},"time":1576581385557,"action":"ADD","deltaTime":1358,"objectName":"D_1","objectType":"point"},{"data":{"x":"4.39457","y":"0.77927"},"time":1576581386993,"action":"ADD","deltaTime":1436,"objectName":"E_1","objectType":"point"},{"data":{"x":"3.64677","y":"1.37751"},"time":1576581387955,"action":"ADD","deltaTime":962,"objectName":"F_1","objectType":"point"},{"data":{"x":"2.89897","y":"2.15522"},"time":1576581389055,"action":"ADD","deltaTime":1100,"objectName":"G_1","objectType":"point"},{"data":{"x":"5.44149","y":"0.33059"},"time":1576581394451,"action":"ADD","deltaTime":5396,"objectName":"D_1","objectType":"point"},{"data":{"x":"4.36466","y":"0.65962"},"time":1576581394960,"action":"ADD","deltaTime":509,"objectName":"E_1","objectType":"point"},{"data":{"x":"2.56994","y":"2.39452"},"time":1576581395330,"action":"ADD","deltaTime":370,"objectName":"F_1","objectType":"point"},{"data":{"x":"3.10836","y":"1.61681"},"time":1576581396338,"action":"ADD","deltaTime":1008,"objectName":"G_1","objectType":"point"},{"data":{"x":"0.92478","y":"3.83029"},"time":1576581396728,"action":"ADD","deltaTime":390,"objectName":"H_1","objectType":"point"},{"data":{"x":"0.56584","y":"4.81739"},"time":1576581397110,"action":"ADD","deltaTime":382,"objectName":"I_1","objectType":"point"},{"data":{"x":"0.41628","y":"6.31299"},"time":1576581397518,"action":"ADD","deltaTime":408,"objectName":"J_1","objectType":"point"},{"data":{"x":"1.00000","y":"8.00000"},"time":1576581397889,"action":"ADD","deltaTime":371,"objectName":"K_1","objectType":"point"},{"data":{"x":"2.21100","y":"9.54348"},"time":1576581398207,"action":"ADD","deltaTime":318,"objectName":"L_1","objectType":"point"},{"data":{"x":"3.58695","y":"10.20155"},"time":1576581398515,"action":"ADD","deltaTime":308,"objectName":"M_1","objectType":"point"},{"data":{"x":"4.36466","y":"10.68014"},"time":1576581398798,"action":"ADD","deltaTime":283,"objectName":"N_1","objectType":"point"},{"data":{"x":"5.26202","y":"11.48776"},"time":1576581399049,"action":"ADD","deltaTime":251,"objectName":"O_1","objectType":"point"},{"data":{"x":"6.00000","y":"12.00000"},"time":1576581399569,"action":"UPDATE","deltaTime":520,"objectName":"D","objectType":"point"},{"data":{"value":8.485281374238571,"definitionString":"Linjestykke D, C"},"time":1576581434781,"action":"ADD","deltaTime":35212,"objectName":"f","objectType":"segment"},{"data":{"x":"12.00000","y":"6.00000"},"time":1576581435077,"action":"UPDATE","deltaTime":296,"objectName":"C","objectType":"point"},{"data":{"x":"9.00000","y":"9.00000","definitionString":"Punkt på f"},"time":1576581438457,"action":"ADD","deltaTime":3380,"objectName":"E","objectType":"point"},{"data":{"value":8.485281374238571,"definitionString":"Linjestykke C, B"},"time":1576581446750,"action":"ADD","deltaTime":8293,"objectName":"g","objectType":"segment"},{"data":{"value":8.485281374238571,"definitionString":"Linjestykke A, B"},"time":1576581450163,"action":"ADD","deltaTime":3413,"objectName":"h","objectType":"segment"},{"data":{"value":8.485281374238571,"definitionString":"Linjestykke A, D"},"time":1576581453157,"action":"ADD","deltaTime":2994,"objectName":"i","objectType":"segment"},{"data":{"x":"6.00000","y":"12.00000"},"time":1576581453439,"action":"UPDATE","deltaTime":282,"objectName":"D","objectType":"point"},{"data":{"x":"9.00000","y":"3.00000","definitionString":"Punkt på g"},"time":1576581456837,"action":"ADD","deltaTime":3398,"objectName":"F","objectType":"point"},{"data":{"x":"3.00000","y":"3.00000","definitionString":"Punkt på h"},"time":1576581459600,"action":"ADD","deltaTime":2763,"objectName":"G","objectType":"point"},{"data":{"x":"3.00000","y":"9.00000","definitionString":"Punkt på i"},"time":1576581462587,"action":"ADD","deltaTime":2987,"objectName":"H","objectType":"point"},{"data":{"x":"9.00000","y":"9.00000"},"time":1576581490198,"action":"ADD","deltaTime":27611,"objectName":"E","objectType":"point"},{"data":{"x":"9.00000","y":"3.00000"},"time":1576581495491,"action":"ADD","deltaTime":5293,"objectName":"F","objectType":"point"},{"data":{"x":"3.00000","y":"3.00000"},"time":1576581504347,"action":"ADD","deltaTime":8856,"objectName":"G","objectType":"point"},{"data":{"x":"3.00000","y":"9.00000"},"time":1576581510388,"action":"ADD","deltaTime":6041,"objectName":"H","objectType":"point"},{"data":{"x":"12.00000","y":"12.00000"},"time":1576581704434,"action":"ADD","deltaTime":194046,"objectName":"I","objectType":"point"},{"data":{"x":"12.00000","y":"3.00000"},"time":1576581706385,"action":"ADD","deltaTime":1951,"objectName":"J","objectType":"point"},{"data":{"x":"12.00000","y":"0.00000","definitionString":"Punkt på xAkse"},"time":1576581724496,"action":"ADD","deltaTime":18111,"objectName":"J","objectType":"point"},{"data":{"x":"0.00000","y":"0.00000","definitionString":"Skjæring mellom xAkse og yAkse"},"time":1576581727225,"action":"ADD","deltaTime":2729,"objectName":"K","objectType":"point"},{"data":{"x":"0.00000","y":"12.00000","definitionString":"Punkt på yAkse"},"time":1576581731307,"action":"ADD","deltaTime":4082,"objectName":"L","objectType":"point"}]