[{"data":{"value":3.1622776601683795,"definitionString":"Linjestykke A, B"},"time":1576581952683,"action":"ADD","deltaTime":null,"objectName":"f","objectType":"segment"},{"data":{"x":"2.00000","y":"7.00000"},"time":1576581993748,"action":"ADD","deltaTime":41065,"objectName":"C","objectType":"point"},{"data":{"x":"1.00000","y":"7.00000"},"time":1576582010785,"action":"ADD","deltaTime":17037,"objectName":"C","objectType":"point"},{"data":{"x":"2.00000","y":"7.00000"},"time":1576582015016,"action":"ADD","deltaTime":4231,"objectName":"C","objectType":"point"},{"data":{"x":"1.57455","y":"7.03636"},"time":1576582024359,"action":"ADD","deltaTime":9343,"objectName":"C","objectType":"point"},{"data":{"x":"2.00000","y":"7.00000"},"time":1576582029382,"action":"ADD","deltaTime":5023,"objectName":"C","objectType":"point"},{"data":{"value":3.1622776601683795,"definitionString":"Linjestykke C, B"},"time":1576582034161,"action":"ADD","deltaTime":4779,"objectName":"g","objectType":"segment"},{"data":{"value":2.8284271247461903,"definitionString":"Linjestykke C, A"},"time":1576582036378,"action":"ADD","deltaTime":2217,"objectName":"h","objectType":"segment"},{"data":{"x":"7.00000","y":"9.00000"},"time":1576582098643,"action":"ADD","deltaTime":62265,"objectName":"C","objectType":"point"},{"data":{"value":3,"definitionString":"Linjestykke A, C"},"time":1576582104265,"action":"ADD","deltaTime":5622,"objectName":"f","objectType":"segment"},{"data":{"value":3.6055512754639896,"definitionString":"Linjestykke C, B"},"time":1576582105919,"action":"ADD","deltaTime":1654,"objectName":"g","objectType":"segment"},{"data":{"value":3.1622776601683795,"definitionString":"Linjestykke B, A"},"time":1576582107397,"action":"ADD","deltaTime":1478,"objectName":"h","objectType":"segment"},{"data":{"x":"7.00000","y":"8.00000"},"time":1576582117917,"action":"ADD","deltaTime":10520,"objectName":"C","objectType":"point"},{"data":{"value":3.1622776601683795,"definitionString":"Linjestykke C, A"},"time":1576582120048,"action":"ADD","deltaTime":2131,"objectName":"f","objectType":"segment"},{"data":{"value":3.1622776601683795,"definitionString":"Linjestykke B, A"},"time":1576582123341,"action":"ADD","deltaTime":3293,"objectName":"g","objectType":"segment"},{"data":{"value":2.8284271247461903,"definitionString":"Linjestykke C, B"},"time":1576582125297,"action":"ADD","deltaTime":1956,"objectName":"h","objectType":"segment"},{"data":{"x":"7.37455","y":"8.17636"},"time":1576582137389,"action":"ADD","deltaTime":12092,"objectName":"C","objectType":"point"},{"data":{"value":3.1622776601683795,"definitionString":"Linjestykke A, B"},"time":1576582141843,"action":"ADD","deltaTime":4454,"objectName":"f","objectType":"segment"},{"data":{"value":3.221028530359269,"definitionString":"Linjestykke B, C"},"time":1576582143581,"action":"ADD","deltaTime":1738,"objectName":"g","objectType":"segment"},{"data":{"value":3.4736053149857677,"definitionString":"Linjestykke C, A"},"time":1576582145697,"action":"ADD","deltaTime":2116,"objectName":"h","objectType":"segment"},{"data":{"x":"7.00000","y":"8.00000"},"time":1576582245001,"action":"ADD","deltaTime":99304,"objectName":"C","objectType":"point"},{"data":{"value":2.8284271247461903,"definitionString":"Linjestykke C, B"},"time":1576582246760,"action":"ADD","deltaTime":1759,"objectName":"f","objectType":"segment"},{"data":{"x":"6.50182","y":"8.18545"},"time":1576582248290,"action":"ADD","deltaTime":1530,"objectName":"D","objectType":"point"},{"data":{"value":0.531581143755791,"definitionString":"Linjestykke C, D"},"time":1576582248329,"action":"ADD","deltaTime":39,"objectName":"g","objectType":"segment"},{"data":{"value":3.1622776601683795,"definitionString":"Linjestykke A, C"},"time":1576582262800,"action":"ADD","deltaTime":14471,"objectName":"g","objectType":"segment"},{"data":{"x":"7.00000","y":"8.00000"},"time":1576582263094,"action":"UPDATE","deltaTime":294,"objectName":"C","objectType":"point"},{"data":{"value":3.1622776601683795,"definitionString":"Linjestykke B, A"},"time":1576582265895,"action":"ADD","deltaTime":2801,"objectName":"h","objectType":"segment"},{"data":{"x":"8.00000","y":"9.00000"},"time":1576582299278,"action":"ADD","deltaTime":33383,"objectName":"C","objectType":"point"},{"data":{"value":4,"definitionString":"Linjestykke C, A"},"time":1576582301049,"action":"ADD","deltaTime":1771,"objectName":"f","objectType":"segment"},{"data":{"value":3.1622776601683795,"definitionString":"Linjestykke A, B"},"time":1576582303365,"action":"ADD","deltaTime":2316,"objectName":"g","objectType":"segment"},{"data":{"value":4.242640687119286,"definitionString":"Linjestykke B, C"},"time":1576582304701,"action":"ADD","deltaTime":1336,"objectName":"h","objectType":"segment"},{"data":{"value":null,"definitionString":"Midtnormal AB"},"time":1576582328784,"action":"ADD","deltaTime":24083,"objectName":"f","objectType":"line"},{"data":{"value":null,"definitionString":"Linje A, B"},"time":1576582339992,"action":"ADD","deltaTime":11208,"objectName":"f","objectType":"line"},{"data":{"value":null,"definitionString":"Midtnormal AB"},"time":1576582367421,"action":"ADD","deltaTime":27429,"objectName":"g","objectType":"line"},{"data":{"x":"7.00462","y":"8.33487","definitionString":"Punkt på g"},"time":1576582370664,"action":"ADD","deltaTime":3243,"objectName":"C","objectType":"point"},{"data":{"x":"6.99448","y":"8.33069"},"time":1576582376038,"action":"ADD","deltaTime":5374,"objectName":"C","objectType":"point"},{"data":{"value":3.068367563387958,"definitionString":"Linjestykke C, A"},"time":1576582380685,"action":"ADD","deltaTime":4648,"objectName":"g","objectType":"segment"},{"data":{"value":3.06758490799843,"definitionString":"Linjestykke B, C"},"time":1576582383069,"action":"ADD","deltaTime":2384,"objectName":"h","objectType":"segment"}]