[{"data":{"value":null,"definitionString":"Linje A, B"},"time":1576582463983,"action":"ADD","deltaTime":null,"objectName":"f","objectType":"line"},{"data":{"x":"4.00000","y":"9.00000"},"time":1576582472989,"action":"ADD","deltaTime":9006,"objectName":"C","objectType":"point"},{"data":{"value":2,"definitionString":"Linjestykke C, B"},"time":1576582476458,"action":"ADD","deltaTime":3469,"objectName":"g","objectType":"segment"},{"data":{"value":2,"definitionString":"Linjestykke C, A"},"time":1576582478167,"action":"ADD","deltaTime":1709,"objectName":"h","objectType":"segment"},{"data":{"x":"3.00000","y":"8.00000","definitionString":"Punkt på f"},"time":1576582487538,"action":"ADD","deltaTime":9371,"objectName":"D","objectType":"point"},{"data":{"value":null,"definitionString":"Linje D, C"},"time":1576582491676,"action":"ADD","deltaTime":4138,"objectName":"i","objectType":"line"}]