[{"data":{"x":"18.00000","y":"8.00000"},"time":1576581159793,"action":"ADD","deltaTime":null,"objectName":"A","objectType":"point"},{"data":{"value":12,"definitionString":"Linjestykke S, A"},"time":1576581160003,"action":"ADD","deltaTime":210,"objectName":"f","objectType":"segment"},{"data":{"value":null,"definitionString":"Midtnormal SA"},"time":1576581169164,"action":"ADD","deltaTime":9161,"objectName":"g","objectType":"line"},{"data":{"x":"12.00000","y":"8.29900","definitionString":"Punkt på g"},"time":1576581172834,"action":"ADD","deltaTime":3670,"objectName":"B","objectType":"point"},{"data":{"x":"11.46800","y":"8.00000","definitionString":"Punkt på f"},"time":1576581173472,"action":"ADD","deltaTime":638,"objectName":"C","objectType":"point"},{"data":{"x":"12.00000","y":"8.00000","definitionString":"Skjæring mellom g og f"},"time":1576581181472,"action":"ADD","deltaTime":8000,"objectName":"B","objectType":"point"},{"data":{"x":"12.00000","y":"10.00000"},"time":1576581211581,"action":"ADD","deltaTime":30109,"objectName":"A","objectType":"point"},{"data":{"x":"12.00000","y":"6.00000"},"time":1576581213741,"action":"ADD","deltaTime":2160,"objectName":"B","objectType":"point"},{"data":{"value":4,"definitionString":"Linjestykke A, B"},"time":1576581213937,"action":"ADD","deltaTime":196,"objectName":"f","objectType":"segment"},{"data":{"x":"12.00000","y":"6.00000"},"time":1576581216371,"action":"UPDATE","deltaTime":2434,"objectName":"B","objectType":"point"},{"data":{"value":4,"definitionString":"Linjestykke A, B"},"time":1576581216534,"action":"UPDATE","deltaTime":163,"objectName":"f","objectType":"segment"},{"data":{"x":"11.00000","y":"6.00000"},"time":1576581217681,"action":"ADD","deltaTime":1147,"objectName":"C","objectType":"point"},{"data":{"value":1,"definitionString":"Linjestykke B, C"},"time":1576581217900,"action":"ADD","deltaTime":219,"objectName":"g","objectType":"segment"},{"data":{"x":"11.00000","y":"5.00000"},"time":1576581219282,"action":"ADD","deltaTime":1382,"objectName":"D","objectType":"point"},{"data":{"value":1,"definitionString":"Linjestykke D, C"},"time":1576581220259,"action":"ADD","deltaTime":977,"objectName":"h","objectType":"segment"},{"data":{"value":1,"definitionString":"Linjestykke C, D"},"time":1576581222642,"action":"ADD","deltaTime":2383,"objectName":"i","objectType":"segment"},{"data":{"x":"4.17375","y":"2.01763"},"time":1576581231660,"action":"ADD","deltaTime":9018,"objectName":"E","objectType":"point"},{"data":{"x":"8.00000","y":"2.00000"},"time":1576581234436,"action":"ADD","deltaTime":2776,"objectName":"F","objectType":"point"},{"data":{"value":3.8262920695209015,"definitionString":"Linjestykke E, F"},"time":1576581234669,"action":"ADD","deltaTime":233,"objectName":"j","objectType":"segment"},{"data":{"x":"8.00000","y":"3.00000"},"time":1576581238286,"action":"ADD","deltaTime":3617,"objectName":"G","objectType":"point"},{"data":{"value":1,"definitionString":"Linjestykke F, G"},"time":1576581238768,"action":"ADD","deltaTime":482,"objectName":"k","objectType":"segment"},{"data":{"x":"9.00000","y":"3.00000"},"time":1576581239741,"action":"ADD","deltaTime":973,"objectName":"H","objectType":"point"},{"data":{"value":1,"definitionString":"Linjestykke H, G"},"time":1576581240355,"action":"ADD","deltaTime":614,"objectName":"l","objectType":"segment"},{"data":{"x":"9.00000","y":"4.00000"},"time":1576581242867,"action":"ADD","deltaTime":2512,"objectName":"I","objectType":"point"},{"data":{"value":1,"definitionString":"Linjestykke H, I"},"time":1576581243014,"action":"ADD","deltaTime":147,"objectName":"m","objectType":"segment"},{"data":{"x":"10.00000","y":"4.00000"},"time":1576581244043,"action":"ADD","deltaTime":1029,"objectName":"J","objectType":"point"},{"data":{"value":1,"definitionString":"Linjestykke I, J"},"time":1576581244190,"action":"ADD","deltaTime":147,"objectName":"n","objectType":"segment"},{"data":{"x":"10.00000","y":"5.00000"},"time":1576581245439,"action":"ADD","deltaTime":1249,"objectName":"K","objectType":"point"},{"data":{"value":1,"definitionString":"Linjestykke J, K"},"time":1576581245586,"action":"ADD","deltaTime":147,"objectName":"p","objectType":"segment"},{"data":{"value":1,"definitionString":"Linjestykke K, D"},"time":1576581246535,"action":"ADD","deltaTime":949,"objectName":"q","objectType":"segment"},{"data":{"x":"4.03885","y":"2.86077"},"time":1576581255487,"action":"ADD","deltaTime":8952,"objectName":"L","objectType":"point"},{"data":{"value":0.8538682752769942,"definitionString":"Linjestykke E, L"},"time":1576581255684,"action":"ADD","deltaTime":197,"objectName":"r","objectType":"segment"},{"data":{"x":["4.00000","4.00000","4.00000"],"y":["2.00000","2.00000","2.00000"]},"time":1576581261081,"action":"UPDATE","deltaTime":[5397,445,4389],"objectName":"E","objectType":"point"},{"data":{"x":"4.00000","y":"3.00000"},"time":1576581266424,"action":"ADD","deltaTime":5343,"objectName":"L","objectType":"point"},{"data":{"x":"4.00000","y":"3.00000"},"time":1576581270564,"action":"ADD","deltaTime":4140,"objectName":"L","objectType":"point"},{"data":{"value":1,"definitionString":"Linjestykke L, E"},"time":1576581271535,"action":"ADD","deltaTime":971,"objectName":"r","objectType":"segment"},{"data":{"x":"4.00000","y":"2.00000"},"time":1576581272042,"action":"UPDATE","deltaTime":507,"objectName":"E","objectType":"point"},{"data":{"x":"2.00000","y":"3.00000"},"time":1576581273529,"action":"ADD","deltaTime":1487,"objectName":"M","objectType":"point"},{"data":{"value":2,"definitionString":"Linjestykke L, M"},"time":1576581273683,"action":"ADD","deltaTime":154,"objectName":"s","objectType":"segment"},{"data":{"x":"2.00000","y":"4.00000"},"time":1576581275357,"action":"ADD","deltaTime":1674,"objectName":"N","objectType":"point"},{"data":{"value":1,"definitionString":"Linjestykke M, N"},"time":1576581275551,"action":"ADD","deltaTime":194,"objectName":"t","objectType":"segment"},{"data":{"x":"1.00000","y":"4.00000"},"time":1576581278141,"action":"ADD","deltaTime":2590,"objectName":"O","objectType":"point"},{"data":{"value":1,"definitionString":"Linjestykke N, O"},"time":1576581278297,"action":"ADD","deltaTime":156,"objectName":"a","objectType":"segment"},{"data":{"x":"1.00000","y":"6.00000"},"time":1576581282289,"action":"ADD","deltaTime":3992,"objectName":"P","objectType":"point"},{"data":{"value":2,"definitionString":"Linjestykke O, P"},"time":1576581282441,"action":"ADD","deltaTime":152,"objectName":"b","objectType":"segment"},{"data":{"x":"0.00000","y":"6.00000","definitionString":"Punkt på yAkse"},"time":1576581283787,"action":"ADD","deltaTime":1346,"objectName":"Q","objectType":"point"},{"data":{"value":1,"definitionString":"Linjestykke P, Q"},"time":1576581283940,"action":"ADD","deltaTime":153,"objectName":"c","objectType":"segment"},{"data":{"x":"0.00000","y":"10.14554","definitionString":"Punkt på yAkse"},"time":1576581287004,"action":"ADD","deltaTime":3064,"objectName":"R","objectType":"point"},{"data":{"value":4.1455362316584505,"definitionString":"Linjestykke Q, R"},"time":1576581287242,"action":"ADD","deltaTime":238,"objectName":"d","objectType":"segment"},{"data":{"x":"1.00000","y":"10.00000"},"time":1576581293647,"action":"ADD","deltaTime":6405,"objectName":"T","objectType":"point"},{"data":{"value":1.010534905248375,"definitionString":"Linjestykke R, T"},"time":1576581293867,"action":"ADD","deltaTime":220,"objectName":"e","objectType":"segment"},{"data":{"x":"0.00000","y":"10.00000","definitionString":"Punkt på yAkse"},"time":1576581296199,"action":"UPDATE","deltaTime":2332,"objectName":"R","objectType":"point"},{"data":{"value":4,"definitionString":"Linjestykke Q, R"},"time":1576581296420,"action":"UPDATE","deltaTime":221,"objectName":"d","objectType":"segment"},{"data":{"value":1,"definitionString":"Linjestykke R, T"},"time":1576581296598,"action":"UPDATE","deltaTime":178,"objectName":"e","objectType":"segment"},{"data":{"x":"1.00000","y":"12.00000"},"time":1576581307079,"action":"ADD","deltaTime":10481,"objectName":"U","objectType":"point"},{"data":{"value":2,"definitionString":"Linjestykke T, U"},"time":1576581307235,"action":"ADD","deltaTime":156,"objectName":"f_1","objectType":"segment"},{"data":{"x":"2.00000","y":"12.00000"},"time":1576581308634,"action":"ADD","deltaTime":1399,"objectName":"V","objectType":"point"},{"data":{"value":1,"definitionString":"Linjestykke U, V"},"time":1576581308811,"action":"ADD","deltaTime":177,"objectName":"g_1","objectType":"segment"},{"data":{"x":"2.00000","y":"13.00000"},"time":1576581310346,"action":"ADD","deltaTime":1535,"objectName":"W","objectType":"point"},{"data":{"value":1,"definitionString":"Linjestykke V, W"},"time":1576581310541,"action":"ADD","deltaTime":195,"objectName":"h_1","objectType":"segment"},{"data":{"x":"3.76904","y":"12.97850"},"time":1576581311737,"action":"ADD","deltaTime":1196,"objectName":"Z","objectType":"point"},{"data":{"value":1.7691699324468395,"definitionString":"Linjestykke W, Z"},"time":1576581311934,"action":"ADD","deltaTime":197,"objectName":"i_1","objectType":"segment"},{"data":{"x":"4.00000","y":"13.00000"},"time":1576581316565,"action":"UPDATE","deltaTime":4631,"objectName":"Z","objectType":"point"},{"data":{"x":"4.00000","y":"14.00000"},"time":1576581321530,"action":"ADD","deltaTime":4965,"objectName":"A_1","objectType":"point"},{"data":{"value":1,"definitionString":"Linjestykke Z, A_1"},"time":1576581321730,"action":"ADD","deltaTime":200,"objectName":"j_1","objectType":"segment"},{"data":{"x":"8.00000","y":"14.00000"},"time":1576581324288,"action":"ADD","deltaTime":2558,"objectName":"B_1","objectType":"point"},{"data":{"value":4,"definitionString":"Linjestykke A_1, B_1"},"time":1576581324503,"action":"ADD","deltaTime":215,"objectName":"k_1","objectType":"segment"},{"data":{"x":"8.00000","y":"13.00000"},"time":1576581325843,"action":"ADD","deltaTime":1340,"objectName":"C_1","objectType":"point"},{"data":{"value":1,"definitionString":"Linjestykke B_1, C_1"},"time":1576581326030,"action":"ADD","deltaTime":187,"objectName":"l_1","objectType":"segment"},{"data":{"x":"10.00000","y":"13.00000"},"time":1576581328006,"action":"ADD","deltaTime":1976,"objectName":"D_1","objectType":"point"},{"data":{"value":2,"definitionString":"Linjestykke C_1, D_1"},"time":1576581328187,"action":"ADD","deltaTime":181,"objectName":"m_1","objectType":"segment"},{"data":{"x":"10.00000","y":"12.00000"},"time":1576581329359,"action":"ADD","deltaTime":1172,"objectName":"E_1","objectType":"point"},{"data":{"value":1,"definitionString":"Linjestykke D_1, E_1"},"time":1576581329533,"action":"ADD","deltaTime":174,"objectName":"n_1","objectType":"segment"},{"data":{"x":"11.00000","y":"12.00000"},"time":1576581330807,"action":"ADD","deltaTime":1274,"objectName":"F_1","objectType":"point"},{"data":{"value":1,"definitionString":"Linjestykke E_1, F_1"},"time":1576581330986,"action":"ADD","deltaTime":179,"objectName":"p_1","objectType":"segment"},{"data":{"x":"11.00000","y":"10.00000"},"time":1576581332314,"action":"ADD","deltaTime":1328,"objectName":"G_1","objectType":"point"},{"data":{"value":2,"definitionString":"Linjestykke F_1, G_1"},"time":1576581332482,"action":"ADD","deltaTime":168,"objectName":"q_1","objectType":"segment"},{"data":{"value":1,"definitionString":"Linjestykke G_1, A"},"time":1576581333341,"action":"ADD","deltaTime":859,"objectName":"r_1","objectType":"segment"},{"data":{"x":"12.00000","y":"10.00000"},"time":1576581333787,"action":"UPDATE","deltaTime":446,"objectName":"A","objectType":"point"},{"data":{"x":"11.00000","y":"4.00000"},"time":1576581338636,"action":"UPDATE","deltaTime":4849,"objectName":"K","objectType":"point"},{"data":{"x":["10.00000","10.00000"],"y":["3.00000","3.00000"]},"time":1576581340785,"action":"UPDATE","deltaTime":[2149,443],"objectName":"I","objectType":"point"},{"data":{"x":"20.66565","y":"10.82005"},"time":1576581517135,"action":"ADD","deltaTime":176350,"objectName":"A","objectType":"point"},{"data":{"x":"12.00000","y":"8.00000"},"time":1576581535123,"action":"ADD","deltaTime":17988,"objectName":"B","objectType":"point"},{"data":{"x":"11.00000","y":"7.00000"},"time":1576581536192,"action":"ADD","deltaTime":1069,"objectName":"C","objectType":"point"},{"data":{"value":1.4142135623730951,"definitionString":"Linjestykke B, C"},"time":1576581536367,"action":"ADD","deltaTime":175,"objectName":"f","objectType":"segment"},{"data":{"x":"10.00000","y":"6.00000"},"time":1576581537788,"action":"ADD","deltaTime":1421,"objectName":"D","objectType":"point"},{"data":{"value":1.4142135623730951,"definitionString":"Linjestykke D, C"},"time":1576581538638,"action":"ADD","deltaTime":850,"objectName":"g","objectType":"segment"},{"data":{"x":"9.00000","y":"5.00000"},"time":1576581541464,"action":"ADD","deltaTime":2827,"objectName":"E","objectType":"point"},{"data":{"value":1.4142135623730951,"definitionString":"Linjestykke D, E"},"time":1576581541631,"action":"ADD","deltaTime":167,"objectName":"h","objectType":"segment"},{"data":{"x":"8.00000","y":"4.00000"},"time":1576581542788,"action":"ADD","deltaTime":1157,"objectName":"F","objectType":"point"},{"data":{"value":1.4142135623730951,"definitionString":"Linjestykke E, F"},"time":1576581542961,"action":"ADD","deltaTime":173,"objectName":"i","objectType":"segment"},{"data":{"x":"7.00000","y":"3.00000"},"time":1576581544566,"action":"ADD","deltaTime":1605,"objectName":"G","objectType":"point"},{"data":{"value":1.4142135623730951,"definitionString":"Linjestykke F, G"},"time":1576581544740,"action":"ADD","deltaTime":174,"objectName":"j","objectType":"segment"},{"data":{"x":"6.00000","y":"2.00000"},"time":1576581545743,"action":"ADD","deltaTime":1003,"objectName":"H","objectType":"point"},{"data":{"value":1.4142135623730951,"definitionString":"Linjestykke G, H"},"time":1576581545907,"action":"ADD","deltaTime":164,"objectName":"k","objectType":"segment"},{"data":{"x":"6.00000","y":"14.00000"},"time":1576581554192,"action":"ADD","deltaTime":8285,"objectName":"I","objectType":"point"},{"data":{"value":8.485281374238571,"definitionString":"Linjestykke B, I"},"time":1576581554338,"action":"ADD","deltaTime":146,"objectName":"l","objectType":"segment"},{"data":{"x":"1.00000","y":"8.00000"},"time":1576581557042,"action":"ADD","deltaTime":2704,"objectName":"J","objectType":"point"},{"data":{"value":7.810249675906656,"definitionString":"Linjestykke I, J"},"time":1576581557188,"action":"ADD","deltaTime":146,"objectName":"m","objectType":"segment"},{"data":{"value":7.810249675906656,"definitionString":"Linjestykke J, H"},"time":1576581558749,"action":"ADD","deltaTime":1561,"objectName":"n","objectType":"segment"},{"data":{"x":"8.00000","y":"8.00000"},"time":1576581570051,"action":"UPDATE","deltaTime":11302,"objectName":"S","objectType":"point"},{"data":{"x":"7.49775","y":"12.50225","definitionString":"Punkt på l"},"time":1576581571323,"action":"ADD","deltaTime":1272,"objectName":"K","objectType":"point"},{"data":{"x":["10.21956","7.19533"],"y":["9.78044","12.80467"],"definitionString":"Punkt på l"},"time":1576581572204,"action":"UPDATE","deltaTime":[881,969],"objectName":"K","objectType":"point"},{"data":{"x":"12.00000","y":"9.00000"},"time":1576581584742,"action":"UPDATE","deltaTime":12538,"objectName":"S","objectType":"point"},{"data":{"x":"12.00000","y":"3.00000"},"time":1576581589051,"action":"ADD","deltaTime":4309,"objectName":"A","objectType":"point"},{"data":{"x":"13.00000","y":"4.00000"},"time":1576581590024,"action":"ADD","deltaTime":973,"objectName":"B","objectType":"point"},{"data":{"value":1.4142135623730951,"definitionString":"Linjestykke A, B"},"time":1576581590178,"action":"ADD","deltaTime":154,"objectName":"f","objectType":"segment"},{"data":{"x":"14.00000","y":"5.00000"},"time":1576581591019,"action":"ADD","deltaTime":841,"objectName":"C","objectType":"point"},{"data":{"value":1.4142135623730951,"definitionString":"Linjestykke C, B"},"time":1576581591867,"action":"ADD","deltaTime":848,"objectName":"g","objectType":"segment"},{"data":{"x":"15.00000","y":"6.00000"},"time":1576581593753,"action":"ADD","deltaTime":1886,"objectName":"D","objectType":"point"},{"data":{"value":1.4142135623730951,"definitionString":"Linjestykke C, D"},"time":1576581593910,"action":"ADD","deltaTime":157,"objectName":"h","objectType":"segment"},{"data":{"x":"16.00000","y":"7.00000"},"time":1576581595688,"action":"ADD","deltaTime":1778,"objectName":"E","objectType":"point"},{"data":{"value":1.4142135623730951,"definitionString":"Linjestykke D, E"},"time":1576581595843,"action":"ADD","deltaTime":155,"objectName":"i","objectType":"segment"},{"data":{"x":"17.00000","y":"8.00000"},"time":1576581597083,"action":"ADD","deltaTime":1240,"objectName":"F","objectType":"point"},{"data":{"value":1.4142135623730951,"definitionString":"Linjestykke E, F"},"time":1576581597246,"action":"ADD","deltaTime":163,"objectName":"j","objectType":"segment"},{"data":{"x":"18.00000","y":"9.00000"},"time":1576581598319,"action":"ADD","deltaTime":1073,"objectName":"G","objectType":"point"},{"data":{"value":1.4142135623730951,"definitionString":"Linjestykke F, G"},"time":1576581598486,"action":"ADD","deltaTime":167,"objectName":"k","objectType":"segment"},{"data":{"x":"19.00000","y":"10.00000"},"time":1576581599343,"action":"ADD","deltaTime":857,"objectName":"H","objectType":"point"},{"data":{"value":1.4142135623730951,"definitionString":"Linjestykke G, H"},"time":1576581599514,"action":"ADD","deltaTime":171,"objectName":"l","objectType":"segment"},{"data":{"x":"12.00000","y":"15.00000"},"time":1576581609815,"action":"ADD","deltaTime":10301,"objectName":"H","objectType":"point"},{"data":{"value":8.485281374238571,"definitionString":"Linjestykke G, H"},"time":1576581609963,"action":"ADD","deltaTime":148,"objectName":"l","objectType":"segment"},{"data":{"x":"6.00000","y":"9.00000"},"time":1576581611618,"action":"ADD","deltaTime":1655,"objectName":"I","objectType":"point"},{"data":{"value":8.485281374238571,"definitionString":"Linjestykke H, I"},"time":1576581611784,"action":"ADD","deltaTime":166,"objectName":"m","objectType":"segment"},{"data":{"value":8.485281374238571,"definitionString":"Linjestykke I, A"},"time":1576581612992,"action":"ADD","deltaTime":1208,"objectName":"n","objectType":"segment"},{"data":{"x":"12.00000","y":"3.00000"},"time":1576581613408,"action":"UPDATE","deltaTime":416,"objectName":"A","objectType":"point"}]