[{"data":{"value":null,"definitionString":"Midtnormal AB"},"time":1576581642742,"action":"ADD","deltaTime":null,"objectName":"f","objectType":"line"},{"data":{"x":"6.00000","y":"11.00000"},"time":1576581665734,"action":"ADD","deltaTime":22992,"objectName":"C","objectType":"point"},{"data":{"x":"11.72000","y":"10.86000"},"time":1576581669795,"action":"ADD","deltaTime":4061,"objectName":"D","objectType":"point"},{"data":{"value":5.721713030203455,"definitionString":"Linjestykke C, D"},"time":1576581670097,"action":"ADD","deltaTime":302,"objectName":"f","objectType":"segment"},{"data":{"x":"6.00000","y":"11.00000"},"time":1576581673351,"action":"ADD","deltaTime":3254,"objectName":"C","objectType":"point"},{"data":{"x":"6.00000","y":"3.00000"},"time":1576581675288,"action":"ADD","deltaTime":1937,"objectName":"D","objectType":"point"},{"data":{"value":null,"definitionString":"Linje C, D"},"time":1576581675580,"action":"ADD","deltaTime":292,"objectName":"f","objectType":"line"}]