[{"data":{"value":null,"definitionString":"Linje A, B"},"time":1576581689615,"action":"ADD","deltaTime":null,"objectName":"f","objectType":"line"},{"data":{"value":null,"definitionString":"Midtnormal AB"},"time":1576581699448,"action":"ADD","deltaTime":9833,"objectName":"f","objectType":"line"},{"data":{"x":"4.00000","y":"3.00000","definitionString":"Punkt på f"},"time":1576581705072,"action":"ADD","deltaTime":5624,"objectName":"C","objectType":"point"},{"data":{"x":"6.68145","y":"11.04436","definitionString":"Punkt på f"},"time":1576581710813,"action":"ADD","deltaTime":5741,"objectName":"C","objectType":"point"},{"data":{"x":"4.34509","y":"4.03527","definitionString":"Punkt på f"},"time":1576581712297,"action":"ADD","deltaTime":1484,"objectName":"D","objectType":"point"},{"data":{"value":null,"definitionString":"Linje C, D"},"time":1576581712511,"action":"ADD","deltaTime":214,"objectName":"g","objectType":"line"}]