[{"data":{"x":"7.00000","y":"8.00000"},"time":1576581754144,"action":"ADD","deltaTime":null,"objectName":"C","objectType":"point"},{"data":{"x":"7.00000","y":"8.00000"},"time":1576581773350,"action":"UPDATE","deltaTime":19206,"objectName":"C","objectType":"point"},{"data":{"value":3.1622776601683795,"definitionString":"Linjestykke A, B"},"time":1576581777284,"action":"ADD","deltaTime":3934,"objectName":"f","objectType":"segment"},{"data":{"value":2.8284271247461903,"definitionString":"Linjestykke B, C"},"time":1576581778454,"action":"ADD","deltaTime":1170,"objectName":"g","objectType":"segment"},{"data":{"value":3.1622776601683795,"definitionString":"Linjestykke C, A"},"time":1576581779265,"action":"ADD","deltaTime":811,"objectName":"h","objectType":"segment"}]