[{"data":{"value":2.8284271247461903,"definitionString":"Linjestykke A, B"},"time":1576581911927,"action":"ADD","deltaTime":null,"objectName":"f","objectType":"segment"},{"data":{"x":"1.00000","y":"6.00000"},"time":1576581931000,"action":"ADD","deltaTime":19073,"objectName":"C","objectType":"point"},{"data":{"x":"5.00000","y":"10.00000"},"time":1576581933197,"action":"ADD","deltaTime":2197,"objectName":"D","objectType":"point"},{"data":{"value":null,"definitionString":"Linje C, D"},"time":1576581933444,"action":"ADD","deltaTime":247,"objectName":"g","objectType":"line"},{"data":{"value":3.1622776601683795,"definitionString":"Linjestykke A, D"},"time":1576581976294,"action":"ADD","deltaTime":42850,"objectName":"h","objectType":"segment"},{"data":{"value":3.1622776601683795,"definitionString":"Linjestykke D, B"},"time":1576581977865,"action":"ADD","deltaTime":1571,"objectName":"i","objectType":"segment"},{"data":{"x":"4.54845","y":"9.54845","definitionString":"Punkt på g"},"time":1576582010521,"action":"ADD","deltaTime":32656,"objectName":"E","objectType":"point"},{"data":{"value":2.6068032067414983,"definitionString":"Linjestykke E, B"},"time":1576582011587,"action":"ADD","deltaTime":1066,"objectName":"h","objectType":"segment"},{"data":{"value":2.606803206741498,"definitionString":"Linjestykke A, E"},"time":1576582013641,"action":"ADD","deltaTime":2054,"objectName":"i","objectType":"segment"},{"data":{"x":"1.47845","y":"6.47845","definitionString":"Punkt på g"},"time":1576582111542,"action":"ADD","deltaTime":97901,"objectName":"F","objectType":"point"},{"data":{"value":2.574917695868322,"definitionString":"Linjestykke A, F"},"time":1576582111822,"action":"ADD","deltaTime":280,"objectName":"j","objectType":"segment"},{"data":{"value":2.574917695868322,"definitionString":"Linjestykke F, B"},"time":1576582113284,"action":"ADD","deltaTime":1462,"objectName":"k","objectType":"segment"},{"data":{"x":"1.38845","y":"6.38845","definitionString":"Punkt på g"},"time":1576582138100,"action":"UPDATE","deltaTime":24816,"objectName":"F","objectType":"point"},{"data":{"value":2.6821926672281,"definitionString":"Linjestykke A, F"},"time":1576582138372,"action":"UPDATE","deltaTime":272,"objectName":"j","objectType":"segment"},{"data":{"value":2.6821926672281,"definitionString":"Linjestykke F, B"},"time":1576582138640,"action":"UPDATE","deltaTime":268,"objectName":"k","objectType":"segment"},{"data":{"x":["1.44845","1.43845"],"y":["6.44845","6.43845"],"definitionString":"Punkt på g"},"time":1576582140049,"action":"UPDATE","deltaTime":[1409,618],"objectName":"F","objectType":"point"},{"data":{"value":2.6223745753082452,"definitionString":"Linjestykke A, F"},"time":1576582140920,"action":"UPDATE","deltaTime":871,"objectName":"j","objectType":"segment"},{"data":{"value":2.6223745753082452,"definitionString":"Linjestykke F, B"},"time":1576582141202,"action":"UPDATE","deltaTime":282,"objectName":"k","objectType":"segment"}]