[{"data":{"x":"9.00000","y":"8.00000"},"time":1576581012871,"action":"ADD","deltaTime":null,"objectName":"A","objectType":"point"},{"data":{"x":"10.00000","y":"8.00000"},"time":1576581029818,"action":"ADD","deltaTime":16947,"objectName":"B","objectType":"point"},{"data":{"value":1,"definitionString":"Linjestykke A, B"},"time":1576581029859,"action":"ADD","deltaTime":41,"objectName":"f","objectType":"segment"},{"data":{"x":"9.23261","y":"7.98709"},"time":1576581085972,"action":"ADD","deltaTime":56113,"objectName":"A","objectType":"point"},{"data":{"value":3.232639694459902,"definitionString":"Linjestykke A, S"},"time":1576581087516,"action":"ADD","deltaTime":1544,"objectName":"f","objectType":"segment"},{"data":{"x":"6.00000","y":"8.00000"},"time":1576581087801,"action":"UPDATE","deltaTime":285,"objectName":"S","objectType":"point"},{"data":{"value":null,"definitionString":"Midtnormal AS"},"time":1576581090922,"action":"ADD","deltaTime":3121,"objectName":"g","objectType":"line"},{"data":{"x":"6.00000","y":"8.00000"},"time":1576581091209,"action":"UPDATE","deltaTime":287,"objectName":"S","objectType":"point"},{"data":{"x":"6.77063","y":"10.17926"},"time":1576581099790,"action":"ADD","deltaTime":8581,"objectName":"B","objectType":"point"},{"data":{"x":"8.05221","y":"10.14554"},"time":1576581100666,"action":"ADD","deltaTime":876,"objectName":"C","objectType":"point"},{"data":{"x":"7.00000","y":"6.00000"},"time":1576581102084,"action":"ADD","deltaTime":1418,"objectName":"D","objectType":"point"},{"data":{"x":"8.00000","y":"6.00000"},"time":1576581102703,"action":"ADD","deltaTime":619,"objectName":"E","objectType":"point"},{"data":{"x":"10.00000","y":"7.00000"},"time":1576581105260,"action":"ADD","deltaTime":2557,"objectName":"F","objectType":"point"},{"data":{"x":"11.00000","y":"8.00000"},"time":1576581105919,"action":"ADD","deltaTime":659,"objectName":"G","objectType":"point"},{"data":{"x":"10.91890","y":"9.13376"},"time":1576581106619,"action":"ADD","deltaTime":700,"objectName":"H","objectType":"point"},{"data":{"x":"10.24439","y":"9.94318"},"time":1576581107545,"action":"ADD","deltaTime":926,"objectName":"I","objectType":"point"},{"data":{"x":"6.00000","y":"10.00000"},"time":1576581108977,"action":"ADD","deltaTime":1432,"objectName":"J","objectType":"point"},{"data":{"x":"5.00000","y":"9.00000"},"time":1576581109904,"action":"ADD","deltaTime":927,"objectName":"K","objectType":"point"},{"data":{"x":"5.00000","y":"8.00000"},"time":1576581110480,"action":"ADD","deltaTime":576,"objectName":"L","objectType":"point"},{"data":{"x":"6.00000","y":"7.00000"},"time":1576581111243,"action":"ADD","deltaTime":763,"objectName":"M","objectType":"point"},{"data":{"value":1.4142135623730951,"definitionString":"Linjestykke J, K"},"time":1576581118991,"action":"ADD","deltaTime":7748,"objectName":"h","objectType":"segment"},{"data":{"x":"5.00000","y":"9.00000"},"time":1576581119267,"action":"UPDATE","deltaTime":276,"objectName":"K","objectType":"point"},{"data":{"value":1,"definitionString":"Linjestykke L, S"},"time":1576581120090,"action":"ADD","deltaTime":823,"objectName":"i","objectType":"segment"},{"data":{"x":"6.00000","y":"8.00000"},"time":1576581120370,"action":"UPDATE","deltaTime":280,"objectName":"S","objectType":"point"},{"data":{"value":1.4142135623730951,"definitionString":"Linjestykke M, D"},"time":1576581121433,"action":"ADD","deltaTime":1063,"objectName":"j","objectType":"segment"},{"data":{"x":"7.00000","y":"6.00000"},"time":1576581121713,"action":"UPDATE","deltaTime":280,"objectName":"D","objectType":"point"},{"data":{"value":2.23606797749979,"definitionString":"Linjestykke E, F"},"time":1576581123602,"action":"ADD","deltaTime":1889,"objectName":"k","objectType":"segment"},{"data":{"x":"10.00000","y":"7.00000"},"time":1576581123876,"action":"UPDATE","deltaTime":274,"objectName":"F","objectType":"point"},{"data":{"value":1.1366598971878668,"definitionString":"Linjestykke G, H"},"time":1576581125561,"action":"ADD","deltaTime":1685,"objectName":"l","objectType":"segment"},{"data":{"x":"10.91890","y":"9.13376"},"time":1576581125837,"action":"UPDATE","deltaTime":276,"objectName":"H","objectType":"point"}]