[{"data":{"x":"6.00000","y":"7.00000"},"time":1576581261847,"action":"ADD","deltaTime":null,"objectName":"C","objectType":"point"},{"data":{"value":1.4142135623730951,"definitionString":"Linjestykke B, C"},"time":1576581261885,"action":"ADD","deltaTime":38,"objectName":"f","objectType":"segment"},{"data":{"x":"5.00000","y":"9.00000"},"time":1576581270521,"action":"ADD","deltaTime":8636,"objectName":"D","objectType":"point"},{"data":{"value":1,"definitionString":"Linjestykke A, D"},"time":1576581270553,"action":"ADD","deltaTime":32,"objectName":"g","objectType":"segment"},{"data":{"x":"2.00000","y":"6.00000"},"time":1576581279223,"action":"ADD","deltaTime":8670,"objectName":"C","objectType":"point"},{"data":{"value":3,"definitionString":"Linjestykke C, B"},"time":1576581280833,"action":"ADD","deltaTime":1610,"objectName":"f","objectType":"segment"},{"data":{"value":null,"definitionString":"Midtnormal CB"},"time":1576581284740,"action":"ADD","deltaTime":3907,"objectName":"g","objectType":"line"},{"data":{"x":"3.00000","y":"6.00000"},"time":1576581303509,"action":"ADD","deltaTime":18769,"objectName":"C","objectType":"point"},{"data":{"value":2,"definitionString":"Linjestykke C, B"},"time":1576581304474,"action":"ADD","deltaTime":965,"objectName":"f","objectType":"segment"},{"data":{"value":null,"definitionString":"Midtnormal CB"},"time":1576581307841,"action":"ADD","deltaTime":3367,"objectName":"g","objectType":"line"},{"data":{"value":3.1622776601683795,"definitionString":"Linjestykke A, B"},"time":1576581311699,"action":"ADD","deltaTime":3858,"objectName":"h","objectType":"segment"},{"data":{"value":3.1622776601683795,"definitionString":"Linjestykke A, C"},"time":1576581314338,"action":"ADD","deltaTime":2639,"objectName":"i","objectType":"segment"}]