[{"data":{"x":"5.00000","y":"10.00000"},"time":1576581416717,"action":"ADD","deltaTime":null,"objectName":"C","objectType":"point"},{"data":{"x":"3.96255","y":"9.65436"},"time":1576581422988,"action":"ADD","deltaTime":6271,"objectName":"D","objectType":"point"},{"data":{"value":null,"definitionString":"Linje A, D"},"time":1576581423025,"action":"ADD","deltaTime":37,"objectName":"f","objectType":"line"},{"data":{"value":3.1622776601683795,"definitionString":"Linjestykke A, C"},"time":1576581432420,"action":"ADD","deltaTime":9395,"objectName":"f","objectType":"segment"},{"data":{"value":3.1622776601683795,"definitionString":"Linjestykke B, C"},"time":1576581437031,"action":"ADD","deltaTime":4611,"objectName":"g","objectType":"segment"},{"data":{"value":2.8284271247461903,"definitionString":"Linjestykke A, B"},"time":1576581440291,"action":"ADD","deltaTime":3260,"objectName":"h","objectType":"segment"},{"data":{"x":"4.60255","y":"8.23436"},"time":1576581448968,"action":"ADD","deltaTime":8677,"objectName":"D","objectType":"point"},{"data":{"value":null,"definitionString":"Linje A, D"},"time":1576581448998,"action":"ADD","deltaTime":30,"objectName":"i","objectType":"line"},{"data":{"value":null,"definitionString":"Midtnormal h"},"time":1576581454326,"action":"ADD","deltaTime":5328,"objectName":"i","objectType":"line"}]