[{"data":{"x":["2.00000","4.00512","6.00000","6.02867","6.02867","6.02867","6.00000"],"y":["6.00000","5.86236","6.00000","5.86236","5.82864","6.16590","6.00000"]},"time":1576581465478,"action":"UPDATE","deltaTime":[null,1841,3374,4060,4379,5196,5576],"objectName":"S","objectType":"point"},{"data":{"x":"6.00000","y":"12.00000"},"time":1576581478210,"action":"ADD","deltaTime":12732,"objectName":"A","objectType":"point"},{"data":{"value":6,"definitionString":"Linjestykke S, A"},"time":1576581478239,"action":"ADD","deltaTime":29,"objectName":"f","objectType":"segment"},{"data":{"x":"6.00000","y":"12.00000"},"time":1576581484992,"action":"ADD","deltaTime":6753,"objectName":"A","objectType":"point"},{"data":{"x":"0.00000","y":"6.00000","definitionString":"Punkt på yAkse"},"time":1576581487206,"action":"ADD","deltaTime":2214,"objectName":"B","objectType":"point"},{"data":{"x":"6.00000","y":"0.00000","definitionString":"Punkt på xAkse"},"time":1576581501725,"action":"ADD","deltaTime":14519,"objectName":"C","objectType":"point"},{"data":{"x":"12.00000","y":"6.00000"},"time":1576581514268,"action":"ADD","deltaTime":12543,"objectName":"D","objectType":"point"},{"data":{"x":"2.00000","y":"11.00000"},"time":1576581689205,"action":"ADD","deltaTime":174937,"objectName":"E","objectType":"point"},{"data":{"x":"1.00000","y":"1.00000"},"time":1576581691725,"action":"ADD","deltaTime":2520,"objectName":"F","objectType":"point"},{"data":{"x":"12.00000","y":"1.00000"},"time":1576581694456,"action":"ADD","deltaTime":2731,"objectName":"G","objectType":"point"},{"data":{"x":"11.00000","y":"11.00000"},"time":1576581699334,"action":"ADD","deltaTime":4878,"objectName":"H","objectType":"point"},{"data":{"value":null,"definitionString":"Linje A, H"},"time":1576581703823,"action":"ADD","deltaTime":4489,"objectName":"f","objectType":"line"},{"data":{"x":"11.86322","y":"6.67178"},"time":1576581706626,"action":"ADD","deltaTime":2803,"objectName":"I","objectType":"point"},{"data":{"value":null,"definitionString":"Linje H, I"},"time":1576581706655,"action":"ADD","deltaTime":29,"objectName":"g","objectType":"line"},{"data":{"value":null,"definitionString":"Linje D, G"},"time":1576581709957,"action":"ADD","deltaTime":3302,"objectName":"h","objectType":"line"},{"data":{"value":5.099019513592785,"definitionString":"Linjestykke A, H"},"time":1576581715812,"action":"ADD","deltaTime":5855,"objectName":"f","objectType":"segment"},{"data":{"value":5.099019513592785,"definitionString":"Linjestykke H, D"},"time":1576581718160,"action":"ADD","deltaTime":2348,"objectName":"g","objectType":"segment"},{"data":{"value":5,"definitionString":"Linjestykke D, G"},"time":1576581721351,"action":"ADD","deltaTime":3191,"objectName":"h","objectType":"segment"},{"data":{"value":6.0827625302982185,"definitionString":"Linjestykke G, C"},"time":1576581723162,"action":"ADD","deltaTime":1811,"objectName":"i","objectType":"segment"},{"data":{"value":5.099019513592785,"definitionString":"Linjestykke C, F"},"time":1576581724832,"action":"ADD","deltaTime":1670,"objectName":"j","objectType":"segment"},{"data":{"value":5.099019513592785,"definitionString":"Linjestykke F, B"},"time":1576581726332,"action":"ADD","deltaTime":1500,"objectName":"k","objectType":"segment"},{"data":{"value":5.385164807134505,"definitionString":"Linjestykke B, E"},"time":1576581728110,"action":"ADD","deltaTime":1778,"objectName":"l","objectType":"segment"},{"data":{"value":4.123105625617661,"definitionString":"Linjestykke E, A"},"time":1576581729550,"action":"ADD","deltaTime":1440,"objectName":"m","objectType":"segment"},{"data":{"x":"10.00000","y":"2.00000"},"time":1576581744677,"action":"ADD","deltaTime":15127,"objectName":"G","objectType":"point"},{"data":{"x":"10.00000","y":"11.00000"},"time":1576581747161,"action":"ADD","deltaTime":2484,"objectName":"H","objectType":"point"},{"data":{"x":"2.00000","y":"2.00000"},"time":1576581756240,"action":"UPDATE","deltaTime":9079,"objectName":"F","objectType":"point"},{"data":{"value":4.123105625617661,"definitionString":"Linjestykke A, H"},"time":1576581761834,"action":"ADD","deltaTime":5594,"objectName":"f","objectType":"segment"},{"data":{"value":5.385164807134505,"definitionString":"Linjestykke H, D"},"time":1576581763865,"action":"ADD","deltaTime":2031,"objectName":"g","objectType":"segment"},{"data":{"value":4.47213595499958,"definitionString":"Linjestykke D, G"},"time":1576581765476,"action":"ADD","deltaTime":1611,"objectName":"h","objectType":"segment"},{"data":{"value":4.47213595499958,"definitionString":"Linjestykke G, C"},"time":1576581767207,"action":"ADD","deltaTime":1731,"objectName":"i","objectType":"segment"},{"data":{"value":4.47213595499958,"definitionString":"Linjestykke C, F"},"time":1576581769449,"action":"ADD","deltaTime":2242,"objectName":"j","objectType":"segment"},{"data":{"value":4.47213595499958,"definitionString":"Linjestykke F, B"},"time":1576581770760,"action":"ADD","deltaTime":1311,"objectName":"k","objectType":"segment"},{"data":{"value":5.385164807134505,"definitionString":"Linjestykke B, E"},"time":1576581772211,"action":"ADD","deltaTime":1451,"objectName":"l","objectType":"segment"},{"data":{"value":4.123105625617661,"definitionString":"Linjestykke E, A"},"time":1576581773853,"action":"ADD","deltaTime":1642,"objectName":"m","objectType":"segment"},{"data":{"x":["1.00000","2.00000","3.00000","4.00000","4.84826","5.00000","3.00000","3.00000"],"y":["5.00000","4.00000","3.00000","2.00000","1.07330","1.00000","3.00000","3.00000"]},"time":1576581800605,"action":"UPDATE","deltaTime":[26752,1217,2185,2851,3601,4718,6434,6758],"objectName":"F","objectType":"point"},{"data":{"x":["5.18552","3.00000"],"y":["11.05613","9.00000"]},"time":1576581809822,"action":"UPDATE","deltaTime":[9217,1970],"objectName":"E","objectType":"point"},{"data":{"x":["7.00000","6.83808","7.00000","8.00000","9.00000"],"y":["11.00000","10.92123","11.00000","10.00000","9.00000"]},"time":1576581815904,"action":"UPDATE","deltaTime":[6082,685,1200,1987,3819],"objectName":"H","objectType":"point"},{"data":{"x":"9.00000","y":"3.00000"},"time":1576581823722,"action":"UPDATE","deltaTime":7818,"objectName":"G","objectType":"point"},{"data":{"x":"4.51101","y":"10.58397"},"time":1576581833662,"action":"ADD","deltaTime":9940,"objectName":"I","objectType":"point"},{"data":{"x":"7.51260","y":"10.58397"},"time":1576581836355,"action":"ADD","deltaTime":2693,"objectName":"J","objectType":"point"},{"data":{"x":"10.51419","y":"7.51493"},"time":1576581838659,"action":"ADD","deltaTime":2304,"objectName":"K","objectType":"point"},{"data":{"x":"10.48047","y":"4.51333"},"time":1576581839889,"action":"ADD","deltaTime":1230,"objectName":"L","objectType":"point"},{"data":{"x":"7.47887","y":"1.54547"},"time":1576581842010,"action":"ADD","deltaTime":2121,"objectName":"M","objectType":"point"},{"data":{"x":"4.54473","y":"1.41056"},"time":1576581843981,"action":"ADD","deltaTime":1972,"objectName":"N","objectType":"point"},{"data":{"x":"1.54314","y":"4.51333"},"time":1576581847756,"action":"ADD","deltaTime":3775,"objectName":"O","objectType":"point"},{"data":{"x":"1.50941","y":"7.58238"},"time":1576581849325,"action":"ADD","deltaTime":1569,"objectName":"P","objectType":"point"},{"data":{"x":"2.00000","y":"8.00000"},"time":1576581850276,"action":"ADD","deltaTime":951,"objectName":"Q","objectType":"point"},{"data":{"x":"25.42098","y":"15.27185"},"time":1576581858471,"action":"ADD","deltaTime":8195,"objectName":"Q","objectType":"point"},{"data":{"x":"2.42001","y":"2.32116"},"time":1576581874714,"action":"ADD","deltaTime":16243,"objectName":"I","objectType":"point"},{"data":{"value":1.9395571959124256,"definitionString":"Linjestykke F, I"},"time":1576581874739,"action":"ADD","deltaTime":25,"objectName":"f","objectType":"segment"},{"data":{"x":["2.08275","2.89217","3.00000","3.00000"],"y":["1.74782","2.79332","3.00000","3.00000"]},"time":1576581892206,"action":"UPDATE","deltaTime":[17467,1863,2713,3112],"objectName":"F","objectType":"point"},{"data":{"x":["2.82472","3.00000"],"y":["9.03259","9.00000"]},"time":1576581901318,"action":"UPDATE","deltaTime":[9112,702],"objectName":"E","objectType":"point"},{"data":{"x":["9.00000","9.00000"],"y":["10.00000","10.00000"]},"time":1576581906287,"action":"UPDATE","deltaTime":[4969,430],"objectName":"H","objectType":"point"},{"data":{"x":["9.00000","9.00000"],"y":["3.00000","3.00000"]},"time":1576581908684,"action":"UPDATE","deltaTime":[2397,318],"objectName":"G","objectType":"point"},{"data":{"value":8.485281374238571,"definitionString":"Linjestykke A, D"},"time":1576581922599,"action":"ADD","deltaTime":13915,"objectName":"f","objectType":"segment"},{"data":{"x":["8.49065","9.00000","9.00000"],"y":["9.53847","9.00000","9.00000"]},"time":1576581926533,"action":"UPDATE","deltaTime":[3934,1633,2033],"objectName":"H","objectType":"point"},{"data":{"value":8.485281374238571,"definitionString":"Linjestykke D, C"},"time":1576581934607,"action":"ADD","deltaTime":8074,"objectName":"g","objectType":"segment"},{"data":{"value":8.485281374238571,"definitionString":"Linjestykke C, B"},"time":1576581939902,"action":"ADD","deltaTime":5295,"objectName":"h","objectType":"segment"},{"data":{"value":8.485281374238571,"definitionString":"Linjestykke B, A"},"time":1576581945208,"action":"ADD","deltaTime":5306,"objectName":"i","objectType":"segment"}]