[{"data":{"value":4,"definitionString":"Linjestykke A, B"},"time":1576582006020,"action":"ADD","deltaTime":null,"objectName":"f","objectType":"segment"},{"data":{"x":"6.00000","y":"9.00000"},"time":1576582007402,"action":"ADD","deltaTime":1382,"objectName":"C","objectType":"point"},{"data":{"x":"6.00000","y":"5.00000"},"time":1576582009054,"action":"ADD","deltaTime":1652,"objectName":"D","objectType":"point"},{"data":{"value":4,"definitionString":"Linjestykke C, D"},"time":1576582009101,"action":"ADD","deltaTime":47,"objectName":"g","objectType":"segment"},{"data":{"value":4,"definitionString":"Linjestykke D, C"},"time":1576582014565,"action":"ADD","deltaTime":5464,"objectName":"h","objectType":"segment"},{"data":{"x":"4.00000","y":"6.00000"},"time":1576582022089,"action":"ADD","deltaTime":7524,"objectName":"E","objectType":"point"},{"data":{"value":1,"definitionString":"Linjestykke A, E"},"time":1576582022129,"action":"ADD","deltaTime":40,"objectName":"i","objectType":"segment"},{"data":{"x":"5.00000","y":"6.00000"},"time":1576582023254,"action":"ADD","deltaTime":1125,"objectName":"F","objectType":"point"},{"data":{"value":1,"definitionString":"Linjestykke E, F"},"time":1576582023282,"action":"ADD","deltaTime":28,"objectName":"j","objectType":"segment"},{"data":{"x":"5.00000","y":"5.00000"},"time":1576582024489,"action":"ADD","deltaTime":1207,"objectName":"G","objectType":"point"},{"data":{"value":1,"definitionString":"Linjestykke F, G"},"time":1576582024518,"action":"ADD","deltaTime":29,"objectName":"k","objectType":"segment"},{"data":{"value":1,"definitionString":"Linjestykke G, D"},"time":1576582025298,"action":"ADD","deltaTime":780,"objectName":"l","objectType":"segment"},{"data":{"x":"7.00000","y":"5.00000"},"time":1576582026288,"action":"ADD","deltaTime":990,"objectName":"H","objectType":"point"},{"data":{"value":1,"definitionString":"Linjestykke D, H"},"time":1576582026319,"action":"ADD","deltaTime":31,"objectName":"m","objectType":"segment"},{"data":{"x":"7.00000","y":"6.00000"},"time":1576582027111,"action":"ADD","deltaTime":792,"objectName":"I","objectType":"point"},{"data":{"value":1,"definitionString":"Linjestykke H, I"},"time":1576582027144,"action":"ADD","deltaTime":33,"objectName":"n","objectType":"segment"},{"data":{"x":"8.00000","y":"6.00000"},"time":1576582028032,"action":"ADD","deltaTime":888,"objectName":"J","objectType":"point"},{"data":{"value":1,"definitionString":"Linjestykke I, J"},"time":1576582028061,"action":"ADD","deltaTime":29,"objectName":"p","objectType":"segment"},{"data":{"value":1,"definitionString":"Linjestykke J, B"},"time":1576582029681,"action":"ADD","deltaTime":1620,"objectName":"q","objectType":"segment"},{"data":{"x":"7.00000","y":"7.00000","definitionString":"Punkt på f"},"time":1576582031784,"action":"ADD","deltaTime":2103,"objectName":"K","objectType":"point"},{"data":{"value":2.23606797749979,"definitionString":"Linjestykke K, C"},"time":1576582032903,"action":"ADD","deltaTime":1119,"objectName":"r","objectType":"segment"},{"data":{"x":"5.00000","y":"7.00000","definitionString":"Punkt på f"},"time":1576582034042,"action":"ADD","deltaTime":1139,"objectName":"L","objectType":"point"},{"data":{"value":2.23606797749979,"definitionString":"Linjestykke L, C"},"time":1576582035088,"action":"ADD","deltaTime":1046,"objectName":"s","objectType":"segment"},{"data":{"x":"3.00000","y":"4.00000"},"time":1576582038830,"action":"ADD","deltaTime":3742,"objectName":"M","objectType":"point"},{"data":{"value":2.23606797749979,"definitionString":"Linjestykke E, M"},"time":1576582038860,"action":"ADD","deltaTime":30,"objectName":"t","objectType":"segment"},{"data":{"x":"3.00000","y":"2.00000"},"time":1576582040651,"action":"ADD","deltaTime":1791,"objectName":"N","objectType":"point"},{"data":{"value":2,"definitionString":"Linjestykke M, N"},"time":1576582040682,"action":"ADD","deltaTime":31,"objectName":"a","objectType":"segment"},{"data":{"x":"4.00000","y":"1.18000"},"time":1576582042418,"action":"ADD","deltaTime":1736,"objectName":"O","objectType":"point"},{"data":{"value":1.293213052826177,"definitionString":"Linjestykke N, O"},"time":1576582042455,"action":"ADD","deltaTime":37,"objectName":"b","objectType":"segment"},{"data":{"x":"7.96000","y":"1.22000"},"time":1576582048228,"action":"ADD","deltaTime":5773,"objectName":"P","objectType":"point"},{"data":{"value":3.960202015049232,"definitionString":"Linjestykke O, P"},"time":1576582048257,"action":"ADD","deltaTime":29,"objectName":"c","objectType":"segment"},{"data":{"x":"9.00000","y":"2.00000"},"time":1576582049899,"action":"ADD","deltaTime":1642,"objectName":"Q","objectType":"point"},{"data":{"value":1.3,"definitionString":"Linjestykke P, Q"},"time":1576582049928,"action":"ADD","deltaTime":29,"objectName":"d","objectType":"segment"},{"data":{"x":"9.00000","y":"4.00000"},"time":1576582051458,"action":"ADD","deltaTime":1530,"objectName":"R","objectType":"point"},{"data":{"value":2,"definitionString":"Linjestykke Q, R"},"time":1576582051488,"action":"ADD","deltaTime":30,"objectName":"e","objectType":"segment"},{"data":{"value":2.23606797749979,"definitionString":"Linjestykke R, J"},"time":1576582052621,"action":"ADD","deltaTime":1133,"objectName":"f_1","objectType":"segment"},{"data":{"x":"5.00000","y":"4.00000"},"time":1576582055393,"action":"ADD","deltaTime":2772,"objectName":"S","objectType":"point"},{"data":{"value":1,"definitionString":"Linjestykke G, S"},"time":1576582055423,"action":"ADD","deltaTime":30,"objectName":"g_1","objectType":"segment"},{"data":{"x":"4.00000","y":"3.00000"},"time":1576582056626,"action":"ADD","deltaTime":1203,"objectName":"T","objectType":"point"},{"data":{"value":1.4142135623730951,"definitionString":"Linjestykke S, T"},"time":1576582056663,"action":"ADD","deltaTime":37,"objectName":"h_1","objectType":"segment"},{"data":{"x":"4.00000","y":"2.00000"},"time":1576582057971,"action":"ADD","deltaTime":1308,"objectName":"U","objectType":"point"},{"data":{"value":1,"definitionString":"Linjestykke T, U"},"time":1576582058001,"action":"ADD","deltaTime":30,"objectName":"i_1","objectType":"segment"},{"data":{"x":"5.00000","y":"2.00000"},"time":1576582059437,"action":"ADD","deltaTime":1436,"objectName":"V","objectType":"point"},{"data":{"value":1,"definitionString":"Linjestykke U, V"},"time":1576582059467,"action":"ADD","deltaTime":30,"objectName":"j_1","objectType":"segment"},{"data":{"x":"8.00000","y":"2.00000"},"time":1576582061108,"action":"ADD","deltaTime":1641,"objectName":"W","objectType":"point"},{"data":{"value":3,"definitionString":"Linjestykke V, W"},"time":1576582061139,"action":"ADD","deltaTime":31,"objectName":"k_1","objectType":"segment"},{"data":{"x":"8.00000","y":"3.00000"},"time":1576582062474,"action":"ADD","deltaTime":1335,"objectName":"Z","objectType":"point"},{"data":{"value":1,"definitionString":"Linjestykke W, Z"},"time":1576582062513,"action":"ADD","deltaTime":39,"objectName":"l_1","objectType":"segment"},{"data":{"x":"7.00000","y":"4.00000"},"time":1576582064141,"action":"ADD","deltaTime":1628,"objectName":"A_1","objectType":"point"},{"data":{"value":1.4142135623730951,"definitionString":"Linjestykke Z, A_1"},"time":1576582064172,"action":"ADD","deltaTime":31,"objectName":"m_1","objectType":"segment"},{"data":{"value":1,"definitionString":"Linjestykke A_1, H"},"time":1576582065424,"action":"ADD","deltaTime":1252,"objectName":"n_1","objectType":"segment"},{"data":{"x":"6.00000","y":"3.00000"},"time":1576582067658,"action":"ADD","deltaTime":2234,"objectName":"B_1","objectType":"point"},{"data":{"value":1.4142135623730951,"definitionString":"Linjestykke B_1, V"},"time":1576582068448,"action":"ADD","deltaTime":790,"objectName":"p_1","objectType":"segment"},{"data":{"x":"7.00000","y":"2.00000","definitionString":"Punkt på k_1"},"time":1576582070104,"action":"ADD","deltaTime":1656,"objectName":"C_1","objectType":"point"},{"data":{"value":1.4142135623730951,"definitionString":"Linjestykke B_1, C_1"},"time":1576582070135,"action":"ADD","deltaTime":31,"objectName":"q_1","objectType":"segment"},{"data":{"value":1.4142135623730951,"definitionString":"Linjestykke B_1, A_1"},"time":1576582072980,"action":"ADD","deltaTime":2845,"objectName":"r_1","objectType":"segment"},{"data":{"value":1.4142135623730951,"definitionString":"Linjestykke B_1, S"},"time":1576582074872,"action":"ADD","deltaTime":1892,"objectName":"s_1","objectType":"segment"},{"data":{"value":1,"definitionString":"Linjestykke K, I"},"time":1576582083558,"action":"ADD","deltaTime":8686,"objectName":"t_1","objectType":"segment"},{"data":{"value":1,"definitionString":"Linjestykke F, L"},"time":1576582085383,"action":"ADD","deltaTime":1825,"objectName":"a_1","objectType":"segment"},{"data":{"value":1,"definitionString":"Linjestykke F, L"},"time":1576582087345,"action":"ADD","deltaTime":1962,"objectName":"b_1","objectType":"segment"},{"data":{"value":2.23606797749979,"definitionString":"Linjestykke A_1, W"},"time":1576582108406,"action":"ADD","deltaTime":21061,"objectName":"c_1","objectType":"segment"},{"data":{"value":2.23606797749979,"definitionString":"Linjestykke B_1, W"},"time":1576582110402,"action":"ADD","deltaTime":1996,"objectName":"d_1","objectType":"segment"},{"data":{"value":2.23606797749979,"definitionString":"Linjestykke B_1, U"},"time":1576582114983,"action":"ADD","deltaTime":4581,"objectName":"e_1","objectType":"segment"},{"data":{"value":2.23606797749979,"definitionString":"Linjestykke S, U"},"time":1576582117082,"action":"ADD","deltaTime":2099,"objectName":"f_2","objectType":"segment"},{"data":{"value":1.4142135623730951,"definitionString":"Linjestykke T, V"},"time":1576582118694,"action":"ADD","deltaTime":1612,"objectName":"g_2","objectType":"segment"},{"data":{"value":2,"definitionString":"Linjestykke T, B_1"},"time":1576582120681,"action":"ADD","deltaTime":1987,"objectName":"h_2","objectType":"segment"},{"data":{"value":2,"definitionString":"Linjestykke B_1, Z"},"time":1576582122523,"action":"ADD","deltaTime":1842,"objectName":"i_2","objectType":"segment"},{"data":{"value":1.4142135623730951,"definitionString":"Linjestykke C_1, Z"},"time":1576582125556,"action":"ADD","deltaTime":3033,"objectName":"j_2","objectType":"segment"},{"data":{"value":2,"definitionString":"Linjestykke A_1, C_1"},"time":1576582127728,"action":"ADD","deltaTime":2172,"objectName":"k_2","objectType":"segment"},{"data":{"x":"5.12000","y":"4.66000"},"time":1576582132486,"action":"ADD","deltaTime":4758,"objectName":"D_1","objectType":"point"},{"data":{"value":2.6627053911388696,"definitionString":"Linjestykke V, D_1"},"time":1576582132603,"action":"ADD","deltaTime":117,"objectName":"l_2","objectType":"segment"},{"data":{"x":"14.20000","y":"11.94000"},"time":1576582132632,"action":"ADD","deltaTime":29,"objectName":"E_1","objectType":"point"},{"data":{"value":null,"definitionString":"Midtnormal E_1A"},"time":1576582173066,"action":"ADD","deltaTime":40434,"objectName":"g","objectType":"line"},{"data":{"value":null,"definitionString":"Midtnormal AB"},"time":1576582175590,"action":"ADD","deltaTime":2524,"objectName":"h","objectType":"line"},{"data":{"value":null,"definitionString":"Midtnormal AB"},"time":1576582183193,"action":"ADD","deltaTime":7603,"objectName":"g","objectType":"line"}]