[{"data":{"value":null,"definitionString":"Midtnormal AB"},"time":1576582285917,"action":"ADD","deltaTime":null,"objectName":"f","objectType":"line"},{"data":{"value":4.242640687119286,"definitionString":"Linjestykke A, B"},"time":1576582291587,"action":"ADD","deltaTime":5670,"objectName":"f","objectType":"segment"},{"data":{"x":"6.00000","y":"9.00000"},"time":1576582293027,"action":"ADD","deltaTime":1440,"objectName":"C","objectType":"point"},{"data":{"value":3,"definitionString":"Linjestykke B, C"},"time":1576582293070,"action":"ADD","deltaTime":43,"objectName":"g","objectType":"segment"},{"data":{"value":3,"definitionString":"Linjestykke C, A"},"time":1576582294207,"action":"ADD","deltaTime":1137,"objectName":"h","objectType":"segment"},{"data":{"x":"3.00000","y":"6.00000"},"time":1576582295767,"action":"ADD","deltaTime":1560,"objectName":"D","objectType":"point"},{"data":{"value":3,"definitionString":"Linjestykke A, D"},"time":1576582295802,"action":"ADD","deltaTime":35,"objectName":"i","objectType":"segment"},{"data":{"value":3,"definitionString":"Linjestykke D, B"},"time":1576582296852,"action":"ADD","deltaTime":1050,"objectName":"j","objectType":"segment"},{"data":{"value":null,"definitionString":"Linje C, D"},"time":1576582300545,"action":"ADD","deltaTime":3693,"objectName":"k","objectType":"line"},{"data":{"value":null,"definitionString":"Midtnormal AB"},"time":1576582324776,"action":"ADD","deltaTime":24231,"objectName":"f","objectType":"line"}]