[{"data":{"x":"0.00000","y":"8.00000","definitionString":"Punkt på yAkse"},"time":1576581177260,"action":"ADD","deltaTime":null,"objectName":"A","objectType":"point"},{"data":{"value":null,"definitionString":"Linje S, A"},"time":1576581177305,"action":"ADD","deltaTime":45,"objectName":"f","objectType":"line"},{"data":{"x":"12.00000","y":"8.00000","definitionString":"Punkt på f"},"time":1576581183898,"action":"ADD","deltaTime":6593,"objectName":"B","objectType":"point"},{"data":{"x":"12.00000","y":"8.00000"},"time":1576581254316,"action":"ADD","deltaTime":70418,"objectName":"A","objectType":"point"},{"data":{"x":"0.00000","y":"8.00000","definitionString":"Punkt på yAkse"},"time":1576581257452,"action":"ADD","deltaTime":3136,"objectName":"B","objectType":"point"},{"data":{"x":"6.00000","y":"2.00000"},"time":1576581267284,"action":"ADD","deltaTime":9832,"objectName":"C","objectType":"point"},{"data":{"x":"6.00000","y":"14.00000"},"time":1576581273504,"action":"ADD","deltaTime":6220,"objectName":"D","objectType":"point"},{"data":{"x":"2.00000","y":"12.00000"},"time":1576581313480,"action":"ADD","deltaTime":39976,"objectName":"E","objectType":"point"},{"data":{"x":"2.00000","y":"4.00000"},"time":1576581323672,"action":"ADD","deltaTime":10192,"objectName":"F","objectType":"point"},{"data":{"x":"3.00000","y":"11.00000"},"time":1576581367164,"action":"ADD","deltaTime":43492,"objectName":"E","objectType":"point"},{"data":{"x":"3.00000","y":"5.00000"},"time":1576581373041,"action":"ADD","deltaTime":5877,"objectName":"F","objectType":"point"},{"data":{"x":"9.00000","y":"5.00000"},"time":1576581379631,"action":"ADD","deltaTime":6590,"objectName":"G","objectType":"point"},{"data":{"x":"8.87175","y":"11.00217"},"time":1576581384478,"action":"ADD","deltaTime":4847,"objectName":"H","objectType":"point"},{"data":{"x":["9.02014","8.98304","7.05393","9.00000"],"y":["8.44238","9.70373","9.77793","11.00000"]},"time":1576581388202,"action":"UPDATE","deltaTime":[3724,644,5419,7750],"objectName":"H","objectType":"point"},{"data":{"value":4.242640687119286,"definitionString":"Linjestykke E, D"},"time":1576581432998,"action":"ADD","deltaTime":44796,"objectName":"f","objectType":"segment"},{"data":{"x":"6.00000","y":"14.00000"},"time":1576581433286,"action":"UPDATE","deltaTime":288,"objectName":"D","objectType":"point"},{"data":{"value":4.242640687119286,"definitionString":"Linjestykke D, H"},"time":1576581436173,"action":"ADD","deltaTime":2887,"objectName":"g","objectType":"segment"},{"data":{"value":4.242640687119286,"definitionString":"Linjestykke H, A"},"time":1576581438957,"action":"ADD","deltaTime":2784,"objectName":"h","objectType":"segment"},{"data":{"x":"12.00000","y":"8.00000"},"time":1576581439231,"action":"UPDATE","deltaTime":274,"objectName":"A","objectType":"point"},{"data":{"value":4.242640687119286,"definitionString":"Linjestykke A, G"},"time":1576581441608,"action":"ADD","deltaTime":2377,"objectName":"i","objectType":"segment"},{"data":{"value":4.242640687119286,"definitionString":"Linjestykke G, C"},"time":1576581443931,"action":"ADD","deltaTime":2323,"objectName":"j","objectType":"segment"},{"data":{"x":"6.00000","y":"2.00000"},"time":1576581444210,"action":"UPDATE","deltaTime":279,"objectName":"C","objectType":"point"},{"data":{"value":4.242640687119286,"definitionString":"Linjestykke C, F"},"time":1576581446346,"action":"ADD","deltaTime":2136,"objectName":"k","objectType":"segment"},{"data":{"value":4.242640687119286,"definitionString":"Linjestykke F, B"},"time":1576581448560,"action":"ADD","deltaTime":2214,"objectName":"l","objectType":"segment"},{"data":{"value":4.242640687119286,"definitionString":"Linjestykke B, E"},"time":1576581451374,"action":"ADD","deltaTime":2814,"objectName":"m","objectType":"segment"}]