[{"data":{"value":4,"definitionString":"Linjestykke A, B"},"time":1576581497448,"action":"ADD","deltaTime":null,"objectName":"f","objectType":"segment"},{"data":{"value":null,"definitionString":"Midtnormal f"},"time":1576581501686,"action":"ADD","deltaTime":4238,"objectName":"g","objectType":"line"},{"data":{"x":"6.00000","y":"8.00000"},"time":1576581669453,"action":"ADD","deltaTime":167767,"objectName":"C","objectType":"point"},{"data":{"x":"6.00000","y":"9.00000"},"time":1576581690748,"action":"ADD","deltaTime":21295,"objectName":"C","objectType":"point"},{"data":{"x":"6.00000","y":"5.00000"},"time":1576581695475,"action":"ADD","deltaTime":4727,"objectName":"D","objectType":"point"},{"data":{"value":null,"definitionString":"Linje C, D"},"time":1576581695505,"action":"ADD","deltaTime":30,"objectName":"g","objectType":"line"},{"data":{"x":"6.00000","y":"8.00000","definitionString":"Punkt på g"},"time":1576582077526,"action":"ADD","deltaTime":382021,"objectName":"E","objectType":"point"},{"data":{"x":"6.00000","y":"10.00000","definitionString":"Punkt på g"},"time":1576582079157,"action":"ADD","deltaTime":1631,"objectName":"F","objectType":"point"},{"data":{"x":"6.00000","y":"6.00000","definitionString":"Punkt på g"},"time":1576582080950,"action":"ADD","deltaTime":1793,"objectName":"G","objectType":"point"},{"data":{"x":"6.00000","y":"4.00000","definitionString":"Punkt på g"},"time":1576582082795,"action":"ADD","deltaTime":1845,"objectName":"H","objectType":"point"},{"data":{"x":"6.00000","y":"3.00000","definitionString":"Punkt på g"},"time":1576582084707,"action":"ADD","deltaTime":1912,"objectName":"I","objectType":"point"}]