[{"data":{"value":3.1622776601683795,"definitionString":"Linjestykke A, B"},"time":1576581514933,"action":"ADD","deltaTime":null,"objectName":"f","objectType":"segment"},{"data":{"value":3.1622776601683795,"definitionString":"Linjestykke A, B"},"time":1576581536175,"action":"ADD","deltaTime":21242,"objectName":"f","objectType":"segment"},{"data":{"value":null,"definitionString":"Midtnormal f"},"time":1576581539306,"action":"ADD","deltaTime":3131,"objectName":"g","objectType":"line"},{"data":{"x":"4.00000","y":"7.00000"},"time":1576581726590,"action":"ADD","deltaTime":187284,"objectName":"C","objectType":"point"},{"data":{"value":null,"definitionString":"Linje B, C"},"time":1576581726621,"action":"ADD","deltaTime":31,"objectName":"f","objectType":"line"},{"data":{"x":"4.00000","y":"7.00000"},"time":1576581733627,"action":"ADD","deltaTime":7006,"objectName":"C","objectType":"point"},{"data":{"value":3,"definitionString":"Linjestykke B, C"},"time":1576581733656,"action":"ADD","deltaTime":29,"objectName":"f","objectType":"segment"},{"data":{"value":1,"definitionString":"Linjestykke C, A"},"time":1576581735766,"action":"ADD","deltaTime":2110,"objectName":"g","objectType":"segment"},{"data":{"x":"7.00000","y":"6.00000"},"time":1576581759087,"action":"ADD","deltaTime":23321,"objectName":"D","objectType":"point"},{"data":{"value":1,"definitionString":"Linjestykke B, D"},"time":1576581759119,"action":"ADD","deltaTime":32,"objectName":"h","objectType":"segment"},{"data":{"x":"6.18529","y":"6.00810"},"time":1576581759859,"action":"ADD","deltaTime":740,"objectName":"E","objectType":"point"},{"data":{"x":"5.73074","y":"5.89901"},"time":1576581760564,"action":"ADD","deltaTime":705,"objectName":"F","objectType":"point"},{"data":{"value":0.4674530957157256,"definitionString":"Linjestykke E, F"},"time":1576581760592,"action":"ADD","deltaTime":28,"objectName":"i","objectType":"segment"},{"data":{"x":"5.38529","y":"4.88083"},"time":1576581761021,"action":"ADD","deltaTime":429,"objectName":"G","objectType":"point"},{"data":{"x":"6.78529","y":"4.89901"},"time":1576581761517,"action":"ADD","deltaTime":496,"objectName":"H","objectType":"point"},{"data":{"value":1.4001180587766144,"definitionString":"Linjestykke G, H"},"time":1576581761544,"action":"ADD","deltaTime":27,"objectName":"j","objectType":"segment"},{"data":{"x":"9.74893","y":"4.18992"},"time":1576581763084,"action":"ADD","deltaTime":1540,"objectName":"I","objectType":"point"},{"data":{"value":3.2913509754760963,"definitionString":"Linjestykke D, I"},"time":1576581763112,"action":"ADD","deltaTime":28,"objectName":"k","objectType":"segment"},{"data":{"x":"9.14893","y":"5.44446"},"time":1576581763894,"action":"ADD","deltaTime":782,"objectName":"J","objectType":"point"},{"data":{"value":1.390641685525306,"definitionString":"Linjestykke I, J"},"time":1576581763920,"action":"ADD","deltaTime":26,"objectName":"l","objectType":"segment"},{"data":{"x":"1.00000","y":"11.00000"},"time":1576581770053,"action":"ADD","deltaTime":6133,"objectName":"C","objectType":"point"},{"data":{"x":"1.00000","y":"9.00000"},"time":1576581772027,"action":"ADD","deltaTime":1974,"objectName":"D","objectType":"point"},{"data":{"value":2,"definitionString":"Linjestykke C, D"},"time":1576581772053,"action":"ADD","deltaTime":26,"objectName":"f","objectType":"segment"},{"data":{"x":"2.11091","y":"10.70727"},"time":1576581774760,"action":"ADD","deltaTime":2707,"objectName":"E","objectType":"point"},{"data":{"value":1.148829084095105,"definitionString":"Linjestykke C, E"},"time":1576581774786,"action":"ADD","deltaTime":26,"objectName":"g","objectType":"segment"},{"data":{"x":"1.00000","y":"10.18000","definitionString":"Punkt på f"},"time":1576581777959,"action":"ADD","deltaTime":3173,"objectName":"F","objectType":"point"},{"data":{"value":1.229689203494158,"definitionString":"Linjestykke E, F"},"time":1576581777989,"action":"ADD","deltaTime":30,"objectName":"h","objectType":"segment"},{"data":{"x":"3.09273","y":"10.79818"},"time":1576581779235,"action":"ADD","deltaTime":1246,"objectName":"G","objectType":"point"},{"data":{"x":"3.00000","y":"9.00000"},"time":1576581780926,"action":"ADD","deltaTime":1691,"objectName":"H","objectType":"point"},{"data":{"value":1.8005710756166111,"definitionString":"Linjestykke G, H"},"time":1576581780953,"action":"ADD","deltaTime":27,"objectName":"i","objectType":"segment"},{"data":{"x":"3.92909","y":"10.74364"},"time":1576581787391,"action":"ADD","deltaTime":6438,"objectName":"I","objectType":"point"},{"data":{"value":0.838140405208444,"definitionString":"Linjestykke G, I"},"time":1576581787421,"action":"ADD","deltaTime":30,"objectName":"j","objectType":"segment"},{"data":{"x":"3.04504","y":"9.87337","definitionString":"Punkt på i"},"time":1576581788797,"action":"ADD","deltaTime":1376,"objectName":"J","objectType":"point"},{"data":{"x":"3.87455","y":"9.74364"},"time":1576581789444,"action":"ADD","deltaTime":647,"objectName":"K","objectType":"point"},{"data":{"value":0.8395917690282045,"definitionString":"Linjestykke J, K"},"time":1576581789471,"action":"ADD","deltaTime":27,"objectName":"k","objectType":"segment"},{"data":{"x":"4.00000","y":"9.00000"},"time":1576581791006,"action":"ADD","deltaTime":1535,"objectName":"L","objectType":"point"},{"data":{"value":1,"definitionString":"Linjestykke H, L"},"time":1576581791033,"action":"ADD","deltaTime":27,"objectName":"l","objectType":"segment"},{"data":{"x":"5.14727","y":"8.87091"},"time":1576581791774,"action":"ADD","deltaTime":741,"objectName":"M","objectType":"point"},{"data":{"x":"5.14727","y":"10.68909"},"time":1576581793100,"action":"ADD","deltaTime":1326,"objectName":"N","objectType":"point"},{"data":{"value":1.81818181818182,"definitionString":"Linjestykke M, N"},"time":1576581793127,"action":"ADD","deltaTime":27,"objectName":"m","objectType":"segment"},{"data":{"x":"5.76545","y":"10.70727"},"time":1576581794708,"action":"ADD","deltaTime":1581,"objectName":"O","objectType":"point"},{"data":{"value":0.6184491400616337,"definitionString":"Linjestykke N, O"},"time":1576581794738,"action":"ADD","deltaTime":30,"objectName":"n","objectType":"segment"},{"data":{"x":"6.16545","y":"10.34364"},"time":1576581797452,"action":"ADD","deltaTime":2714,"objectName":"P","objectType":"point"},{"data":{"value":0.5405843180843105,"definitionString":"Linjestykke O, P"},"time":1576581797481,"action":"ADD","deltaTime":29,"objectName":"p","objectType":"segment"},{"data":{"x":"5.22000","y":"9.92545"},"time":1576581799900,"action":"ADD","deltaTime":2419,"objectName":"Q","objectType":"point"},{"data":{"value":1.0338086527875974,"definitionString":"Linjestykke P, Q"},"time":1576581799931,"action":"ADD","deltaTime":31,"objectName":"q","objectType":"segment"},{"data":{"x":"6.00000","y":"9.00000"},"time":1576581802097,"action":"ADD","deltaTime":2166,"objectName":"R","objectType":"point"},{"data":{"value":1.2103165353338383,"definitionString":"Linjestykke Q, R"},"time":1576581802127,"action":"ADD","deltaTime":30,"objectName":"r","objectType":"segment"},{"data":{"x":"7.91091","y":"10.61636"},"time":1576581804164,"action":"ADD","deltaTime":2037,"objectName":"S","objectType":"point"},{"data":{"x":"7.36545","y":"10.61636"},"time":1576581804850,"action":"ADD","deltaTime":686,"objectName":"T","objectType":"point"},{"data":{"value":0.545454545454545,"definitionString":"Linjestykke S, T"},"time":1576581804884,"action":"ADD","deltaTime":34,"objectName":"s","objectType":"segment"},{"data":{"x":"7.07455","y":"10.28909"},"time":1576581806374,"action":"ADD","deltaTime":1490,"objectName":"U","objectType":"point"},{"data":{"value":0.4378761665015387,"definitionString":"Linjestykke T, U"},"time":1576581806410,"action":"ADD","deltaTime":36,"objectName":"t","objectType":"segment"},{"data":{"x":"7.67455","y":"9.81636"},"time":1576581809081,"action":"ADD","deltaTime":2671,"objectName":"V","objectType":"point"},{"data":{"value":0.7638527831854545,"definitionString":"Linjestykke U, V"},"time":1576581809110,"action":"ADD","deltaTime":29,"objectName":"a","objectType":"segment"},{"data":{"x":"7.29273","y":"9.65273"},"time":1576581811428,"action":"ADD","deltaTime":2318,"objectName":"W","objectType":"point"},{"data":{"value":0.4154058057743944,"definitionString":"Linjestykke V, W"},"time":1576581811456,"action":"ADD","deltaTime":28,"objectName":"b","objectType":"segment"},{"data":{"x":"7.72909","y":"9.54364"},"time":1576581818090,"action":"ADD","deltaTime":6634,"objectName":"W","objectType":"point"},{"data":{"value":0.2781283371050617,"definitionString":"Linjestykke V, W"},"time":1576581818126,"action":"ADD","deltaTime":36,"objectName":"b","objectType":"segment"},{"data":{"x":"7.43818","y":"9.07091"},"time":1576581820780,"action":"ADD","deltaTime":2654,"objectName":"Z","objectType":"point"},{"data":{"value":0.5550668189990469,"definitionString":"Linjestykke W, Z"},"time":1576581820809,"action":"ADD","deltaTime":29,"objectName":"c","objectType":"segment"},{"data":{"x":"7.00182","y":"9.43455"},"time":1576581822188,"action":"ADD","deltaTime":1379,"objectName":"A_1","objectType":"point"},{"data":{"value":0.568018158247757,"definitionString":"Linjestykke Z, A_1"},"time":1576581822218,"action":"ADD","deltaTime":30,"objectName":"d","objectType":"segment"},{"data":{"x":"8.27455","y":"9.08909"},"time":1576581825314,"action":"ADD","deltaTime":3096,"objectName":"B_1","objectType":"point"},{"data":{"x":"8.78364","y":"10.63455"},"time":1576581827230,"action":"ADD","deltaTime":1916,"objectName":"C_1","objectType":"point"},{"data":{"value":1.627145754314938,"definitionString":"Linjestykke B_1, C_1"},"time":1576581827270,"action":"ADD","deltaTime":40,"objectName":"e","objectType":"segment"},{"data":{"x":"9.20182","y":"9.23455"},"time":1576581829674,"action":"ADD","deltaTime":2404,"objectName":"D_1","objectType":"point"},{"data":{"value":1.4611214983901433,"definitionString":"Linjestykke C_1, D_1"},"time":1576581829706,"action":"ADD","deltaTime":32,"objectName":"f_1","objectType":"segment"},{"data":{"x":"9.06176","y":"9.70345","definitionString":"Punkt på f_1"},"time":1576581830567,"action":"ADD","deltaTime":861,"objectName":"E_1","objectType":"point"},{"data":{"x":"8.50484","y":"9.78820","definitionString":"Punkt på e"},"time":1576581831508,"action":"ADD","deltaTime":941,"objectName":"F_1","objectType":"point"},{"data":{"value":0.5633258123988394,"definitionString":"Linjestykke E_1, F_1"},"time":1576581831543,"action":"ADD","deltaTime":35,"objectName":"g_1","objectType":"segment"},{"data":{"x":"9.62000","y":"9.16182"},"time":1576581833341,"action":"ADD","deltaTime":1798,"objectName":"G_1","objectType":"point"},{"data":{"x":"10.03818","y":"10.85273"},"time":1576581834226,"action":"ADD","deltaTime":885,"objectName":"H_1","objectType":"point"},{"data":{"value":1.741852343563272,"definitionString":"Linjestykke G_1, H_1"},"time":1576581834254,"action":"ADD","deltaTime":28,"objectName":"h_1","objectType":"segment"},{"data":{"x":"10.63818","y":"9.27091"},"time":1576581836112,"action":"ADD","deltaTime":1858,"objectName":"I_1","objectType":"point"},{"data":{"value":1.691788627556819,"definitionString":"Linjestykke H_1, I_1"},"time":1576581836141,"action":"ADD","deltaTime":29,"objectName":"i_1","objectType":"segment"},{"data":{"x":"11.05636","y":"10.78000"},"time":1576581837748,"action":"ADD","deltaTime":1607,"objectName":"J_1","objectType":"point"},{"data":{"value":1.565960218191585,"definitionString":"Linjestykke I_1, J_1"},"time":1576581837779,"action":"ADD","deltaTime":31,"objectName":"j_1","objectType":"segment"},{"data":{"x":["2.16545","1.56545"],"y":["10.74364","10.92545"]},"time":1576582000665,"action":"UPDATE","deltaTime":[162886,15901],"objectName":"E","objectType":"point"},{"data":{"x":"1.83818","y":"10.59818"},"time":1576582023434,"action":"ADD","deltaTime":22769,"objectName":"K_1","objectType":"point"},{"data":{"value":0.42601361868581816,"definitionString":"Linjestykke E, K_1"},"time":1576582023480,"action":"ADD","deltaTime":46,"objectName":"k_1","objectType":"segment"},{"data":{"x":"1.85636","y":"10.25273"},"time":1576582024437,"action":"ADD","deltaTime":957,"objectName":"L_1","objectType":"point"},{"data":{"value":0.3459326834625538,"definitionString":"Linjestykke K_1, L_1"},"time":1576582024489,"action":"ADD","deltaTime":52,"objectName":"l_1","objectType":"segment"},{"data":{"x":"1.00000","y":"10.28909","definitionString":"Punkt på f"},"time":1576582026126,"action":"ADD","deltaTime":1637,"objectName":"M_1","objectType":"point"},{"data":{"value":0.8571353403841978,"definitionString":"Linjestykke L_1, M_1"},"time":1576582026160,"action":"ADD","deltaTime":34,"objectName":"m_1","objectType":"segment"},{"data":{"x":"2.00000","y":"9.00000"},"time":1576582027779,"action":"ADD","deltaTime":1619,"objectName":"N_1","objectType":"point"},{"data":{"value":1.6314886980610264,"definitionString":"Linjestykke M_1, N_1"},"time":1576582027819,"action":"ADD","deltaTime":40,"objectName":"n_1","objectType":"segment"},{"data":{"x":"5.00000","y":"7.00000"},"time":1576582120136,"action":"ADD","deltaTime":92317,"objectName":"C","objectType":"point"},{"data":{"x":"6.00000","y":"8.00000"},"time":1576582145578,"action":"ADD","deltaTime":25442,"objectName":"D","objectType":"point"},{"data":{"x":"5.00000","y":"6.00000"},"time":1576582184402,"action":"ADD","deltaTime":38824,"objectName":"E","objectType":"point"},{"data":{"x":"5.00000","y":"6.00000"},"time":1576582229159,"action":"ADD","deltaTime":44757,"objectName":"E","objectType":"point"},{"data":{"x":"5.00000","y":"9.00000"},"time":1576582243477,"action":"ADD","deltaTime":14318,"objectName":"F","objectType":"point"},{"data":{"x":"6.00000","y":"9.00000"},"time":1576582251787,"action":"ADD","deltaTime":8310,"objectName":"F","objectType":"point"},{"data":{"x":"6.00000","y":"10.00000"},"time":1576582261223,"action":"ADD","deltaTime":9436,"objectName":"G","objectType":"point"},{"data":{"x":"5.00000","y":"5.00000"},"time":1576582263746,"action":"ADD","deltaTime":2523,"objectName":"H","objectType":"point"},{"data":{"x":"5.00000","y":"4.00000"},"time":1576582264868,"action":"ADD","deltaTime":1122,"objectName":"I","objectType":"point"},{"data":{"x":"6.00000","y":"11.00000"},"time":1576582266660,"action":"ADD","deltaTime":1792,"objectName":"J","objectType":"point"},{"data":{"x":"5.00000","y":"6.00000"},"time":1576582274654,"action":"UPDATE","deltaTime":7994,"objectName":"H","objectType":"point"},{"data":{"value":2,"definitionString":"Linjestykke I, H"},"time":1576582274867,"action":"ADD","deltaTime":213,"objectName":"f","objectType":"segment"},{"data":{"x":"5.00000","y":"6.00000"},"time":1576582275020,"action":"UPDATE","deltaTime":153,"objectName":"H","objectType":"point"},{"data":{"value":1,"definitionString":"Linjestykke H, C"},"time":1576582278970,"action":"ADD","deltaTime":3950,"objectName":"g","objectType":"segment"},{"data":{"x":"5.00000","y":"7.00000"},"time":1576582279267,"action":"UPDATE","deltaTime":297,"objectName":"C","objectType":"point"},{"data":{"x":"5.00000","y":"8.00000"},"time":1576582284895,"action":"ADD","deltaTime":5628,"objectName":"K","objectType":"point"},{"data":{"value":1,"definitionString":"Linjestykke C, K"},"time":1576582284928,"action":"ADD","deltaTime":33,"objectName":"h","objectType":"segment"},{"data":{"value":1,"definitionString":"Linjestykke K, D"},"time":1576582288045,"action":"ADD","deltaTime":3117,"objectName":"i","objectType":"segment"},{"data":{"x":"6.00000","y":"8.00000"},"time":1576582288236,"action":"UPDATE","deltaTime":191,"objectName":"D","objectType":"point"},{"data":{"value":1,"definitionString":"Linjestykke D, F"},"time":1576582289718,"action":"ADD","deltaTime":1482,"objectName":"j","objectType":"segment"},{"data":{"value":1.4142135623730951,"definitionString":"Linjestykke C, D"},"time":1576582313003,"action":"ADD","deltaTime":23285,"objectName":"h","objectType":"segment"},{"data":{"x":"6.00000","y":"8.00000"},"time":1576582313285,"action":"UPDATE","deltaTime":282,"objectName":"D","objectType":"point"},{"data":{"value":2,"definitionString":"Linjestykke D, G"},"time":1576582332060,"action":"ADD","deltaTime":18775,"objectName":"i","objectType":"segment"},{"data":{"x":"6.00000","y":"10.00000"},"time":1576582332361,"action":"UPDATE","deltaTime":301,"objectName":"G","objectType":"point"}]