[{"data":{"value":4.242640687119286,"definitionString":"Linjestykke A, B"},"time":1576581551038,"action":"ADD","deltaTime":null,"objectName":"f","objectType":"segment"},{"data":{"value":null,"definitionString":"Midtnormal f"},"time":1576581553569,"action":"ADD","deltaTime":2531,"objectName":"g","objectType":"line"},{"data":{"x":"1.20727","y":"6.65818"},"time":1576581914932,"action":"ADD","deltaTime":361363,"objectName":"C","objectType":"point"},{"data":{"x":"1.36727","y":"8.61818"},"time":1576581916045,"action":"ADD","deltaTime":1113,"objectName":"D","objectType":"point"},{"data":{"value":1.9665197685250984,"definitionString":"Linjestykke C, D"},"time":1576581916092,"action":"ADD","deltaTime":47,"objectName":"f","objectType":"segment"},{"data":{"x":"1.82727","y":"8.13818"},"time":1576581916965,"action":"ADD","deltaTime":873,"objectName":"E","objectType":"point"},{"data":{"value":0.6648308055437872,"definitionString":"Linjestykke E, D"},"time":1576581918349,"action":"ADD","deltaTime":1384,"objectName":"g","objectType":"segment"},{"data":{"x":"2.34727","y":"8.71818"},"time":1576581920080,"action":"ADD","deltaTime":1731,"objectName":"F","objectType":"point"},{"data":{"value":0.7789736837660182,"definitionString":"Linjestykke E, F"},"time":1576581920137,"action":"ADD","deltaTime":57,"objectName":"h","objectType":"segment"},{"data":{"x":"1.74727","y":"10.81818"},"time":1576581926202,"action":"ADD","deltaTime":6065,"objectName":"C","objectType":"point"},{"data":{"x":"9.30727","y":"10.53818"},"time":1576581928112,"action":"ADD","deltaTime":1910,"objectName":"D","objectType":"point"},{"data":{"value":7.565183408219534,"definitionString":"Linjestykke C, D"},"time":1576581928140,"action":"ADD","deltaTime":28,"objectName":"f","objectType":"segment"},{"data":{"x":"0.84727","y":"2.45818"},"time":1576581931698,"action":"ADD","deltaTime":3558,"objectName":"C","objectType":"point"},{"data":{"x":"1.38727","y":"4.35818"},"time":1576581932654,"action":"ADD","deltaTime":956,"objectName":"D","objectType":"point"},{"data":{"value":1.975246820020224,"definitionString":"Linjestykke C, D"},"time":1576581932690,"action":"ADD","deltaTime":36,"objectName":"f","objectType":"segment"},{"data":{"x":"2.02727","y":"3.75818"},"time":1576581934537,"action":"ADD","deltaTime":1847,"objectName":"E","objectType":"point"},{"data":{"value":0.8772684879784536,"definitionString":"Linjestykke D, E"},"time":1576581934570,"action":"ADD","deltaTime":33,"objectName":"g","objectType":"segment"},{"data":{"x":"2.78727","y":"4.53818"},"time":1576581935705,"action":"ADD","deltaTime":1135,"objectName":"F","objectType":"point"},{"data":{"value":1.0890362712049595,"definitionString":"Linjestykke E, F"},"time":1576581935743,"action":"ADD","deltaTime":38,"objectName":"h","objectType":"segment"},{"data":{"x":"2.88727","y":"2.53818"},"time":1576581937012,"action":"ADD","deltaTime":1269,"objectName":"G","objectType":"point"},{"data":{"value":2.0024984394500804,"definitionString":"Linjestykke F, G"},"time":1576581937041,"action":"ADD","deltaTime":29,"objectName":"i","objectType":"segment"},{"data":{"x":"3.58727","y":"2.49818"},"time":1576581937512,"action":"ADD","deltaTime":471,"objectName":"H","objectType":"point"},{"data":{"x":"4.22727","y":"4.55818"},"time":1576581938226,"action":"ADD","deltaTime":714,"objectName":"I","objectType":"point"},{"data":{"value":2.157127719909048,"definitionString":"Linjestykke H, I"},"time":1576581938255,"action":"ADD","deltaTime":29,"objectName":"j","objectType":"segment"},{"data":{"x":"5.00727","y":"2.65818"},"time":1576581939445,"action":"ADD","deltaTime":1190,"objectName":"J","objectType":"point"},{"data":{"value":2.053874387590441,"definitionString":"Linjestykke I, J"},"time":1576581939483,"action":"ADD","deltaTime":38,"objectName":"k","objectType":"segment"},{"data":{"x":"4.65736","y":"3.51053","definitionString":"Punkt på k"},"time":1576581940215,"action":"ADD","deltaTime":732,"objectName":"K","objectType":"point"},{"data":{"x":"3.90229","y":"3.51216","definitionString":"Punkt på j"},"time":1576581940882,"action":"ADD","deltaTime":667,"objectName":"L","objectType":"point"},{"data":{"value":0.7550679191828368,"definitionString":"Linjestykke K, L"},"time":1576581940919,"action":"ADD","deltaTime":37,"objectName":"l","objectType":"segment"},{"data":{"x":"5.40727","y":"2.71818"},"time":1576581941897,"action":"ADD","deltaTime":978,"objectName":"M","objectType":"point"},{"data":{"x":"5.08727","y":"4.59818"},"time":1576581942852,"action":"ADD","deltaTime":955,"objectName":"N","objectType":"point"},{"data":{"value":1.9070395905696371,"definitionString":"Linjestykke M, N"},"time":1576581942879,"action":"ADD","deltaTime":27,"objectName":"m","objectType":"segment"},{"data":{"x":"5.62727","y":"4.71818"},"time":1576581943949,"action":"ADD","deltaTime":1070,"objectName":"O","objectType":"point"},{"data":{"value":0.5531726674375742,"definitionString":"Linjestykke N, O"},"time":1576581943988,"action":"ADD","deltaTime":39,"objectName":"n","objectType":"segment"},{"data":{"x":"6.12727","y":"4.39818"},"time":1576581945035,"action":"ADD","deltaTime":1047,"objectName":"P","objectType":"point"},{"data":{"value":0.5936328831862341,"definitionString":"Linjestykke O, P"},"time":1576581945070,"action":"ADD","deltaTime":35,"objectName":"p","objectType":"segment"},{"data":{"x":"6.24727","y":"4.01818"},"time":1576581946818,"action":"ADD","deltaTime":1748,"objectName":"Q","objectType":"point"},{"data":{"value":0.3984971769034263,"definitionString":"Linjestykke P, Q"},"time":1576581946847,"action":"ADD","deltaTime":29,"objectName":"q","objectType":"segment"},{"data":{"x":"5.21693","y":"3.83642","definitionString":"Punkt på m"},"time":1576581948225,"action":"ADD","deltaTime":1378,"objectName":"R","objectType":"point"},{"data":{"value":1.0462478577518923,"definitionString":"Linjestykke Q, R"},"time":1576581948264,"action":"ADD","deltaTime":39,"objectName":"r","objectType":"segment"},{"data":{"x":"6.38727","y":"2.83818"},"time":1576581949722,"action":"ADD","deltaTime":1458,"objectName":"S","objectType":"point"},{"data":{"value":1.5382380605225925,"definitionString":"Linjestykke R, S"},"time":1576581949753,"action":"ADD","deltaTime":31,"objectName":"s","objectType":"segment"},{"data":{"x":"7.56727","y":"4.67818"},"time":1576581950880,"action":"ADD","deltaTime":1127,"objectName":"T","objectType":"point"},{"data":{"x":"6.76727","y":"4.53818"},"time":1576581951948,"action":"ADD","deltaTime":1068,"objectName":"U","objectType":"point"},{"data":{"value":0.8121576201698788,"definitionString":"Linjestykke T, U"},"time":1576581951977,"action":"ADD","deltaTime":29,"objectName":"t","objectType":"segment"},{"data":{"x":"6.86727","y":"4.17818"},"time":1576581952931,"action":"ADD","deltaTime":954,"objectName":"V","objectType":"point"},{"data":{"value":0.3736308338453886,"definitionString":"Linjestykke U, V"},"time":1576581952959,"action":"ADD","deltaTime":28,"objectName":"a","objectType":"segment"},{"data":{"x":"7.36727","y":"3.97818"},"time":1576581954059,"action":"ADD","deltaTime":1100,"objectName":"W","objectType":"point"},{"data":{"value":0.5385164807134505,"definitionString":"Linjestykke V, W"},"time":1576581954096,"action":"ADD","deltaTime":37,"objectName":"b","objectType":"segment"},{"data":{"x":"7.40727","y":"3.49818"},"time":1576581955231,"action":"ADD","deltaTime":1135,"objectName":"Z","objectType":"point"},{"data":{"value":0.48166378315169217,"definitionString":"Linjestykke W, Z"},"time":1576581955264,"action":"ADD","deltaTime":33,"objectName":"c","objectType":"segment"},{"data":{"x":"7.38727","y":"3.19818"},"time":1576581958391,"action":"ADD","deltaTime":3127,"objectName":"A_1","objectType":"point"},{"data":{"value":0.3006659275674584,"definitionString":"Linjestykke Z, A_1"},"time":1576581958422,"action":"ADD","deltaTime":31,"objectName":"d","objectType":"segment"},{"data":{"x":"7.04727","y":"2.81818"},"time":1576581960375,"action":"ADD","deltaTime":1953,"objectName":"B_1","objectType":"point"},{"data":{"value":0.5099019513592792,"definitionString":"Linjestykke A_1, B_1"},"time":1576581960406,"action":"ADD","deltaTime":31,"objectName":"e","objectType":"segment"},{"data":{"x":"6.62727","y":"3.21818"},"time":1576581961726,"action":"ADD","deltaTime":1320,"objectName":"C_1","objectType":"point"},{"data":{"value":0.5800000000000008,"definitionString":"Linjestykke B_1, C_1"},"time":1576581961764,"action":"ADD","deltaTime":38,"objectName":"f_1","objectType":"segment"},{"data":{"x":"7.82727","y":"2.83818"},"time":1576581963890,"action":"ADD","deltaTime":2126,"objectName":"D_1","objectType":"point"},{"data":{"x":"8.58727","y":"4.57818"},"time":1576581965287,"action":"ADD","deltaTime":1397,"objectName":"E_1","objectType":"point"},{"data":{"value":1.8987364219396037,"definitionString":"Linjestykke D_1, E_1"},"time":1576581965316,"action":"ADD","deltaTime":29,"objectName":"g_1","objectType":"segment"},{"data":{"x":"9.00000","y":"3.00000"},"time":1576581967049,"action":"ADD","deltaTime":1733,"objectName":"F_1","objectType":"point"},{"data":{"value":1.6312576905236522,"definitionString":"Linjestykke E_1, F_1"},"time":1576581967080,"action":"ADD","deltaTime":31,"objectName":"h_1","objectType":"segment"},{"data":{"x":"8.85593","y":"3.55091","definitionString":"Punkt på h_1"},"time":1576581967778,"action":"ADD","deltaTime":698,"objectName":"G_1","objectType":"point"},{"data":{"x":"8.13117","y":"3.53395","definitionString":"Punkt på g_1"},"time":1576581968648,"action":"ADD","deltaTime":870,"objectName":"H_1","objectType":"point"},{"data":{"value":0.7249534707790852,"definitionString":"Linjestykke G_1, H_1"},"time":1576581968680,"action":"ADD","deltaTime":32,"objectName":"i_1","objectType":"segment"},{"data":{"x":"9.40727","y":"2.91818"},"time":1576581969630,"action":"ADD","deltaTime":950,"objectName":"I_1","objectType":"point"},{"data":{"x":"9.48727","y":"4.33818"},"time":1576581970390,"action":"ADD","deltaTime":760,"objectName":"J_1","objectType":"point"},{"data":{"value":1.4222517358048832,"definitionString":"Linjestykke I_1, J_1"},"time":1576581970422,"action":"ADD","deltaTime":32,"objectName":"j_1","objectType":"segment"},{"data":{"x":"9.98727","y":"3.79818"},"time":1576581971634,"action":"ADD","deltaTime":1212,"objectName":"K_1","objectType":"point"},{"data":{"value":0.7359347797189656,"definitionString":"Linjestykke J_1, K_1"},"time":1576581971671,"action":"ADD","deltaTime":37,"objectName":"k_1","objectType":"segment"},{"data":{"x":"10.10727","y":"3.33818"},"time":1576581976118,"action":"ADD","deltaTime":4447,"objectName":"L_1","objectType":"point"},{"data":{"value":0.47539457296018867,"definitionString":"Linjestykke K_1, L_1"},"time":1576581976149,"action":"ADD","deltaTime":31,"objectName":"l_1","objectType":"segment"},{"data":{"x":"10.72727","y":"4.37818"},"time":1576581977630,"action":"ADD","deltaTime":1481,"objectName":"M_1","objectType":"point"},{"data":{"value":1.2107848694132262,"definitionString":"Linjestykke L_1, M_1"},"time":1576581977669,"action":"ADD","deltaTime":39,"objectName":"m_1","objectType":"segment"},{"data":{"x":"5.00000","y":"8.00000"},"time":1576582368466,"action":"ADD","deltaTime":390797,"objectName":"C","objectType":"point"},{"data":{"x":"6.00000","y":"9.00000"},"time":1576582371934,"action":"ADD","deltaTime":3468,"objectName":"D","objectType":"point"},{"data":{"x":"4.00000","y":"7.00000"},"time":1576582373960,"action":"ADD","deltaTime":2026,"objectName":"E","objectType":"point"},{"data":{"x":"3.00000","y":"6.00000"},"time":1576582375852,"action":"ADD","deltaTime":1892,"objectName":"F","objectType":"point"},{"data":{"x":"2.00000","y":"5.00000"},"time":1576582377534,"action":"ADD","deltaTime":1682,"objectName":"G","objectType":"point"},{"data":{"x":"7.00000","y":"10.00000"},"time":1576582379701,"action":"ADD","deltaTime":2167,"objectName":"H","objectType":"point"},{"data":{"value":null,"definitionString":"Linje G, H"},"time":1576582384723,"action":"ADD","deltaTime":5022,"objectName":"f","objectType":"line"}]