[{"data":{"x":"7.00000","y":"8.00000"},"time":1576582447962,"action":"ADD","deltaTime":null,"objectName":"C","objectType":"point"},{"data":{"value":null,"definitionString":"Linje A, B"},"time":1576582459412,"action":"ADD","deltaTime":11450,"objectName":"f","objectType":"line"},{"data":{"value":null,"definitionString":"Linje B, C"},"time":1576582462044,"action":"ADD","deltaTime":2632,"objectName":"g","objectType":"line"},{"data":{"value":null,"definitionString":"Linje C, A"},"time":1576582464615,"action":"ADD","deltaTime":2571,"objectName":"h","objectType":"line"}]