[{"data":{"x":"3.97569","y":"7.11720"},"time":1576582934756,"action":"ADD","deltaTime":null,"objectName":"D","objectType":"point"},{"data":{"x":"12.57462","y":"7.08534"},"time":1576582951964,"action":"ADD","deltaTime":17208,"objectName":"D","objectType":"point"},{"data":{"x":["1.43357","4.84483","4.00000","8.14723","11.77084","13.42039",null],"y":["4.98052","10.38774","6.00000","5.70632","6.36434","6.66426",null]},"time":1576582953594,"action":"UPDATE","deltaTime":[1630,1180,3378,4413,8967,9763,15546],"objectName":"D","objectType":"point"},{"data":{"value":null,"definitionString":"Midtnormal AB"},"time":1576582981283,"action":"ADD","deltaTime":27689,"objectName":"f","objectType":"line"},{"data":{"x":"4.01096","y":"7.33699","definitionString":"Punkt på f"},"time":1576582985043,"action":"ADD","deltaTime":3760,"objectName":"D","objectType":"point"},{"data":{"x":"3.97781","y":"7.11701"},"time":1576583218354,"action":"ADD","deltaTime":233311,"objectName":"D","objectType":"point"},{"data":{"x":["3.95005","3.95005","3.97781","3.97781"],"y":["6.92269","6.97821","6.97821","7.00597"]},"time":1576583224792,"action":"UPDATE","deltaTime":[6438,590,1038,1417],"objectName":"D","objectType":"point"},{"data":{"x":"2.92291","y":"6.03435"},"time":1576583245652,"action":"ADD","deltaTime":20860,"objectName":"E","objectType":"point"},{"data":{"x":"2.81187","y":"4.00784"},"time":1576583257765,"action":"ADD","deltaTime":12113,"objectName":"F","objectType":"point"},{"data":{"x":["4.00000","4.00000"],"y":["7.00000","7.00000"]},"time":1576583322265,"action":"UPDATE","deltaTime":[64500,546],"objectName":"D","objectType":"point"},{"data":{"x":"3.00000","y":"6.00000"},"time":1576583325677,"action":"UPDATE","deltaTime":3412,"objectName":"E","objectType":"point"},{"data":{"x":["3.00000","2.85449","2.00000"],"y":["4.00000","4.96218","6.00000"]},"time":1576583328077,"action":"UPDATE","deltaTime":[2400,5101,7417],"objectName":"F","objectType":"point"},{"data":{"x":"5.00000","y":"8.00000"},"time":1576583345074,"action":"ADD","deltaTime":16997,"objectName":"G","objectType":"point"},{"data":{"x":"6.00000","y":"8.00000"},"time":1576583347170,"action":"ADD","deltaTime":2096,"objectName":"H","objectType":"point"},{"data":{"x":"2.00000","y":"7.00000"},"time":1576583355260,"action":"UPDATE","deltaTime":8090,"objectName":"F","objectType":"point"},{"data":{"x":"3.00000","y":"7.00000"},"time":1576583358310,"action":"UPDATE","deltaTime":3050,"objectName":"E","objectType":"point"},{"data":{"x":"8.00000","y":"8.00000"},"time":1576583413102,"action":"ADD","deltaTime":54792,"objectName":"I","objectType":"point"},{"data":{"value":2,"definitionString":"Linjestykke F, D"},"time":1576583434042,"action":"ADD","deltaTime":20940,"objectName":"f","objectType":"segment"},{"data":{"value":1.4142135623730951,"definitionString":"Linjestykke D, G"},"time":1576583436641,"action":"ADD","deltaTime":2599,"objectName":"g","objectType":"segment"},{"data":{"value":3,"definitionString":"Linjestykke G, I"},"time":1576583439601,"action":"ADD","deltaTime":2960,"objectName":"h","objectType":"segment"}]