[{"data":{"x":"1.00000","y":"6.00000"},"time":1576583464502,"action":"ADD","deltaTime":null,"objectName":"C","objectType":"point"},{"data":{"x":"5.00000","y":"10.00000"},"time":1576583474079,"action":"ADD","deltaTime":9577,"objectName":"D","objectType":"point"},{"data":{"x":"6.00000","y":"11.00000"},"time":1576583476157,"action":"ADD","deltaTime":2078,"objectName":"E","objectType":"point"},{"data":{"x":"2.00000","y":"7.00000"},"time":1576583477817,"action":"ADD","deltaTime":1660,"objectName":"F","objectType":"point"},{"data":{"x":"3.00000","y":"8.00000"},"time":1576583479193,"action":"ADD","deltaTime":1376,"objectName":"G","objectType":"point"},{"data":{"x":"4.00000","y":"9.00000"},"time":1576583480389,"action":"ADD","deltaTime":1196,"objectName":"H","objectType":"point"},{"data":{"x":"1.45855","y":"9.57836"},"time":1576583482778,"action":"ADD","deltaTime":2389,"objectName":"I","objectType":"point"},{"data":{"value":null,"definitionString":"Linje C, E"},"time":1576583498778,"action":"ADD","deltaTime":16000,"objectName":"f","objectType":"line"},{"data":{"x":"6.00000","y":"11.00000"},"time":1576583499075,"action":"UPDATE","deltaTime":297,"objectName":"E","objectType":"point"},{"data":{"value":null,"definitionString":"Linje A, B"},"time":1576583519558,"action":"ADD","deltaTime":20483,"objectName":"g","objectType":"line"},{"data":{"x":"6.55401","y":"10.44034"},"time":1576583525236,"action":"ADD","deltaTime":5678,"objectName":"I","objectType":"point"},{"data":{"x":"14.45833","y":"15.05798"},"time":1576583525354,"action":"ADD","deltaTime":118,"objectName":"J","objectType":"point"},{"data":{"value":2.8284271247461903,"definitionString":"Linjestykke A, B"},"time":1576583534450,"action":"ADD","deltaTime":9096,"objectName":"g","objectType":"segment"},{"data":{"value":3.1622776601683795,"definitionString":"Linjestykke B, D"},"time":1576583539705,"action":"ADD","deltaTime":5255,"objectName":"h","objectType":"segment"},{"data":{"x":"5.00000","y":"10.00000"},"time":1576583539997,"action":"UPDATE","deltaTime":292,"objectName":"D","objectType":"point"},{"data":{"value":3.1622776601683795,"definitionString":"Linjestykke D, A"},"time":1576583544081,"action":"ADD","deltaTime":4084,"objectName":"i","objectType":"segment"}]