[{"data":{"x":"6.02867","y":"2.48979"},"time":1576580889034,"action":"ADD","deltaTime":null,"objectName":"A","objectType":"point"},{"data":{"value":null,"definitionString":"Linje S, A"},"time":1576580889087,"action":"ADD","deltaTime":53,"objectName":"f","objectType":"line"},{"data":{"x":"3.00000","y":"8.00000"},"time":1576580898517,"action":"ADD","deltaTime":9430,"objectName":"B","objectType":"point"},{"data":{"x":["5.00000","6.29847"],"y":["8.00000","7.34630"]},"time":1576580899325,"action":"UPDATE","deltaTime":[808,801],"objectName":"B","objectType":"point"},{"data":{"x":"12.43656","y":"10.07808"},"time":1576580903870,"action":"ADD","deltaTime":4545,"objectName":"C","objectType":"point"},{"data":{"value":6.718542296262016,"definitionString":"Linjestykke B, C"},"time":1576580903897,"action":"ADD","deltaTime":27,"objectName":"g","objectType":"segment"},{"data":{"x":"3.12825","y":"7.98709"},"time":1576580906681,"action":"ADD","deltaTime":2784,"objectName":"B","objectType":"point"},{"data":{"x":"9.00000","y":"8.00000"},"time":1576580909329,"action":"ADD","deltaTime":2648,"objectName":"C","objectType":"point"},{"data":{"value":5.8717645157207405,"definitionString":"Linjestykke B, C"},"time":1576580909354,"action":"ADD","deltaTime":25,"objectName":"g","objectType":"segment"},{"data":{"value":null,"definitionString":"Midtnormal g"},"time":1576580914061,"action":"ADD","deltaTime":4707,"objectName":"h","objectType":"line"},{"data":{"x":"3.00000","y":"8.00000"},"time":1576580920987,"action":"ADD","deltaTime":6926,"objectName":"A","objectType":"point"},{"data":{"x":"8.00000","y":"8.00000"},"time":1576580924002,"action":"ADD","deltaTime":3015,"objectName":"B","objectType":"point"},{"data":{"value":null,"definitionString":"Linje A, B"},"time":1576580924029,"action":"ADD","deltaTime":27,"objectName":"f","objectType":"line"},{"data":{"x":"3.00000","y":"8.00000"},"time":1576580932093,"action":"ADD","deltaTime":8064,"objectName":"A","objectType":"point"},{"data":{"x":"9.00000","y":"8.00000"},"time":1576580934300,"action":"ADD","deltaTime":2207,"objectName":"B","objectType":"point"},{"data":{"value":6,"definitionString":"Linjestykke A, B"},"time":1576580934324,"action":"ADD","deltaTime":24,"objectName":"f","objectType":"segment"},{"data":{"value":null,"definitionString":"Midtnormal AB"},"time":1576580939979,"action":"ADD","deltaTime":5655,"objectName":"g","objectType":"line"},{"data":{"x":"6.00000","y":"11.00000"},"time":1576580963460,"action":"ADD","deltaTime":23481,"objectName":"A","objectType":"point"},{"data":{"x":"6.00000","y":"5.00000"},"time":1576580967285,"action":"ADD","deltaTime":3825,"objectName":"B","objectType":"point"},{"data":{"value":6,"definitionString":"Linjestykke A, B"},"time":1576580967311,"action":"ADD","deltaTime":26,"objectName":"f","objectType":"segment"},{"data":{"x":"6.00000","y":"14.00000"},"time":1576580982728,"action":"ADD","deltaTime":15417,"objectName":"A","objectType":"point"},{"data":{"value":6,"definitionString":"Linjestykke S, A"},"time":1576580982759,"action":"ADD","deltaTime":31,"objectName":"f","objectType":"segment"},{"data":{"x":"12.00000","y":"8.00000"},"time":1576580991429,"action":"ADD","deltaTime":8670,"objectName":"B","objectType":"point"},{"data":{"value":6,"definitionString":"Linjestykke S, B"},"time":1576580991457,"action":"ADD","deltaTime":28,"objectName":"g","objectType":"segment"},{"data":{"value":null,"definitionString":"Midtnormal AB"},"time":1576581000725,"action":"ADD","deltaTime":9268,"objectName":"h","objectType":"line"},{"data":{"value":null,"definitionString":"Midtnormal BA"},"time":1576581013287,"action":"ADD","deltaTime":12562,"objectName":"i","objectType":"line"},{"data":{"x":"6.00000","y":"2.00000"},"time":1576581052448,"action":"ADD","deltaTime":39161,"objectName":"C","objectType":"point"},{"data":{"value":6,"definitionString":"Linjestykke S, C"},"time":1576581052475,"action":"ADD","deltaTime":27,"objectName":"j","objectType":"segment"},{"data":{"x":"0.00000","y":"8.00000","definitionString":"Punkt på yAkse"},"time":1576581058139,"action":"ADD","deltaTime":5664,"objectName":"D","objectType":"point"},{"data":{"value":6,"definitionString":"Linjestykke S, D"},"time":1576581058171,"action":"ADD","deltaTime":32,"objectName":"k","objectType":"segment"},{"data":{"value":6,"definitionString":"Linjestykke D, S"},"time":1576581059723,"action":"ADD","deltaTime":1552,"objectName":"l","objectType":"segment"},{"data":{"x":"6.00000","y":"8.00000"},"time":1576581060005,"action":"UPDATE","deltaTime":282,"objectName":"S","objectType":"point"},{"data":{"value":null,"definitionString":"Midtnormal DA"},"time":1576581066871,"action":"ADD","deltaTime":6866,"objectName":"m","objectType":"line"},{"data":{"x":"6.00000","y":"14.00000"},"time":1576581067153,"action":"UPDATE","deltaTime":282,"objectName":"A","objectType":"point"},{"data":{"x":"0.00000","y":"8.00000","definitionString":"Punkt på yAkse"},"time":1576581083633,"action":"ADD","deltaTime":16480,"objectName":"D","objectType":"point"},{"data":{"value":6,"definitionString":"Linjestykke S, D"},"time":1576581083660,"action":"ADD","deltaTime":27,"objectName":"k","objectType":"segment"},{"data":{"x":"11.45851","y":"11.46084"},"time":1576581095578,"action":"ADD","deltaTime":11918,"objectName":"E","objectType":"point"},{"data":{"value":3.502945671701844,"definitionString":"Linjestykke B, E"},"time":1576581095607,"action":"ADD","deltaTime":29,"objectName":"l","objectType":"segment"},{"data":{"x":"9.19889","y":"13.38321"},"time":1576581100588,"action":"ADD","deltaTime":4981,"objectName":"F","objectType":"point"},{"data":{"value":2.966717722261914,"definitionString":"Linjestykke E, F"},"time":1576581100613,"action":"ADD","deltaTime":25,"objectName":"m","objectType":"segment"},{"data":{"value":3.2578083293221916,"definitionString":"Linjestykke F, A"},"time":1576581102281,"action":"ADD","deltaTime":1668,"objectName":"n","objectType":"segment"},{"data":{"x":"6.00000","y":"14.00000"},"time":1576581102566,"action":"UPDATE","deltaTime":285,"objectName":"A","objectType":"point"},{"data":{"x":"12.00000","y":"9.00000"},"time":1576581112085,"action":"ADD","deltaTime":9519,"objectName":"E","objectType":"point"},{"data":{"value":1,"definitionString":"Linjestykke B, E"},"time":1576581112113,"action":"ADD","deltaTime":28,"objectName":"l","objectType":"segment"},{"data":{"x":"11.00000","y":"9.00000"},"time":1576581113388,"action":"ADD","deltaTime":1275,"objectName":"F","objectType":"point"},{"data":{"value":1,"definitionString":"Linjestykke F, E"},"time":1576581114128,"action":"ADD","deltaTime":740,"objectName":"m","objectType":"segment"},{"data":{"x":"11.00000","y":"10.00000"},"time":1576581116096,"action":"ADD","deltaTime":1968,"objectName":"G","objectType":"point"},{"data":{"value":1,"definitionString":"Linjestykke F, G"},"time":1576581116124,"action":"ADD","deltaTime":28,"objectName":"n","objectType":"segment"},{"data":{"x":"10.00000","y":"10.00000"},"time":1576581117615,"action":"ADD","deltaTime":1491,"objectName":"H","objectType":"point"},{"data":{"value":1,"definitionString":"Linjestykke G, H"},"time":1576581117638,"action":"ADD","deltaTime":23,"objectName":"p","objectType":"segment"},{"data":{"x":"10.00000","y":"11.00000"},"time":1576581119306,"action":"ADD","deltaTime":1668,"objectName":"I","objectType":"point"},{"data":{"value":1,"definitionString":"Linjestykke H, I"},"time":1576581119332,"action":"ADD","deltaTime":26,"objectName":"q","objectType":"segment"},{"data":{"x":"9.00000","y":"11.00000","definitionString":"Punkt på i"},"time":1576581121272,"action":"ADD","deltaTime":1940,"objectName":"J","objectType":"point"},{"data":{"value":1,"definitionString":"Linjestykke I, J"},"time":1576581121296,"action":"ADD","deltaTime":24,"objectName":"r","objectType":"segment"},{"data":{"x":"9.00000","y":"12.00000"},"time":1576581127804,"action":"ADD","deltaTime":6508,"objectName":"K","objectType":"point"},{"data":{"value":1,"definitionString":"Linjestykke J, K"},"time":1576581127862,"action":"ADD","deltaTime":58,"objectName":"s","objectType":"segment"},{"data":{"x":"8.00000","y":"12.00000"},"time":1576581129423,"action":"ADD","deltaTime":1561,"objectName":"L","objectType":"point"},{"data":{"value":1,"definitionString":"Linjestykke K, L"},"time":1576581129451,"action":"ADD","deltaTime":28,"objectName":"t","objectType":"segment"},{"data":{"x":"8.00000","y":"13.00000"},"time":1576581130906,"action":"ADD","deltaTime":1455,"objectName":"M","objectType":"point"},{"data":{"value":1,"definitionString":"Linjestykke L, M"},"time":1576581130941,"action":"ADD","deltaTime":35,"objectName":"a","objectType":"segment"},{"data":{"x":"7.00000","y":"13.00000"},"time":1576581132410,"action":"ADD","deltaTime":1469,"objectName":"N","objectType":"point"},{"data":{"value":1,"definitionString":"Linjestykke M, N"},"time":1576581132467,"action":"ADD","deltaTime":57,"objectName":"b","objectType":"segment"},{"data":{"x":"7.00000","y":"14.00000"},"time":1576581135044,"action":"ADD","deltaTime":2577,"objectName":"O","objectType":"point"},{"data":{"value":1,"definitionString":"Linjestykke N, O"},"time":1576581135071,"action":"ADD","deltaTime":27,"objectName":"c","objectType":"segment"},{"data":{"value":1,"definitionString":"Linjestykke O, A"},"time":1576581136906,"action":"ADD","deltaTime":1835,"objectName":"d","objectType":"segment"},{"data":{"x":"6.00000","y":"14.00000"},"time":1576581137188,"action":"UPDATE","deltaTime":282,"objectName":"A","objectType":"point"},{"data":{"x":"12.00000","y":"7.00000"},"time":1576581140570,"action":"ADD","deltaTime":3382,"objectName":"P","objectType":"point"},{"data":{"value":1,"definitionString":"Linjestykke B, P"},"time":1576581140599,"action":"ADD","deltaTime":29,"objectName":"e","objectType":"segment"},{"data":{"x":"11.00000","y":"7.00000"},"time":1576581142298,"action":"ADD","deltaTime":1699,"objectName":"Q","objectType":"point"},{"data":{"value":1,"definitionString":"Linjestykke P, Q"},"time":1576581142324,"action":"ADD","deltaTime":26,"objectName":"f_1","objectType":"segment"},{"data":{"x":"11.00000","y":"6.00000"},"time":1576581144113,"action":"ADD","deltaTime":1789,"objectName":"R","objectType":"point"},{"data":{"value":1,"definitionString":"Linjestykke Q, R"},"time":1576581144164,"action":"ADD","deltaTime":51,"objectName":"g_1","objectType":"segment"},{"data":{"x":"10.00000","y":"6.00000"},"time":1576581145679,"action":"ADD","deltaTime":1515,"objectName":"T","objectType":"point"},{"data":{"value":1,"definitionString":"Linjestykke R, T"},"time":1576581145709,"action":"ADD","deltaTime":30,"objectName":"h_1","objectType":"segment"},{"data":{"x":"10.00000","y":"5.00000"},"time":1576581149179,"action":"ADD","deltaTime":3470,"objectName":"U","objectType":"point"},{"data":{"value":1,"definitionString":"Linjestykke T, U"},"time":1576581149205,"action":"ADD","deltaTime":26,"objectName":"i_1","objectType":"segment"},{"data":{"x":"9.00000","y":"5.00000"},"time":1576581151094,"action":"ADD","deltaTime":1889,"objectName":"V","objectType":"point"},{"data":{"value":1,"definitionString":"Linjestykke U, V"},"time":1576581151129,"action":"ADD","deltaTime":35,"objectName":"j_1","objectType":"segment"},{"data":{"x":"9.00000","y":"4.00000"},"time":1576581154397,"action":"ADD","deltaTime":3268,"objectName":"W","objectType":"point"},{"data":{"value":1,"definitionString":"Linjestykke V, W"},"time":1576581154425,"action":"ADD","deltaTime":28,"objectName":"k_1","objectType":"segment"},{"data":{"x":"8.00000","y":"4.00000"},"time":1576581156459,"action":"ADD","deltaTime":2034,"objectName":"Z","objectType":"point"},{"data":{"value":1,"definitionString":"Linjestykke W, Z"},"time":1576581156486,"action":"ADD","deltaTime":27,"objectName":"l_1","objectType":"segment"},{"data":{"x":"8.01849","y":"3.16430"},"time":1576581159514,"action":"ADD","deltaTime":3028,"objectName":"A_1","objectType":"point"},{"data":{"value":0.8359024259125398,"definitionString":"Linjestykke Z, A_1"},"time":1576581159542,"action":"ADD","deltaTime":28,"objectName":"m_1","objectType":"segment"},{"data":{"x":"8.00000","y":"3.00000"},"time":1576581165299,"action":"ADD","deltaTime":5757,"objectName":"A_1","objectType":"point"},{"data":{"value":1,"definitionString":"Linjestykke Z, A_1"},"time":1576581165331,"action":"ADD","deltaTime":32,"objectName":"m_1","objectType":"segment"},{"data":{"x":"7.00000","y":"3.00000"},"time":1576581166836,"action":"ADD","deltaTime":1505,"objectName":"B_1","objectType":"point"},{"data":{"value":1,"definitionString":"Linjestykke A_1, B_1"},"time":1576581166863,"action":"ADD","deltaTime":27,"objectName":"n_1","objectType":"segment"},{"data":{"x":"7.00000","y":"2.00000"},"time":1576581169285,"action":"ADD","deltaTime":2422,"objectName":"C_1","objectType":"point"},{"data":{"value":1,"definitionString":"Linjestykke B_1, C_1"},"time":1576581169310,"action":"ADD","deltaTime":25,"objectName":"p_1","objectType":"segment"},{"data":{"value":1,"definitionString":"Linjestykke C_1, C"},"time":1576581170674,"action":"ADD","deltaTime":1364,"objectName":"q_1","objectType":"segment"},{"data":{"x":"6.00000","y":"2.00000"},"time":1576581170962,"action":"UPDATE","deltaTime":288,"objectName":"C","objectType":"point"},{"data":{"x":"5.00000","y":"2.00000"},"time":1576581172888,"action":"ADD","deltaTime":1926,"objectName":"D_1","objectType":"point"},{"data":{"value":1,"definitionString":"Linjestykke C, D_1"},"time":1576581172919,"action":"ADD","deltaTime":31,"objectName":"r_1","objectType":"segment"},{"data":{"x":"5.00000","y":"3.00000"},"time":1576581174835,"action":"ADD","deltaTime":1916,"objectName":"E_1","objectType":"point"},{"data":{"value":1,"definitionString":"Linjestykke D_1, E_1"},"time":1576581174885,"action":"ADD","deltaTime":50,"objectName":"s_1","objectType":"segment"},{"data":{"x":"4.00000","y":"3.00000"},"time":1576581176389,"action":"ADD","deltaTime":1504,"objectName":"F_1","objectType":"point"},{"data":{"value":1,"definitionString":"Linjestykke E_1, F_1"},"time":1576581176437,"action":"ADD","deltaTime":48,"objectName":"t_1","objectType":"segment"},{"data":{"x":"4.00000","y":"4.00000"},"time":1576581177771,"action":"ADD","deltaTime":1334,"objectName":"G_1","objectType":"point"},{"data":{"value":1,"definitionString":"Linjestykke F_1, G_1"},"time":1576581177798,"action":"ADD","deltaTime":27,"objectName":"a_1","objectType":"segment"},{"data":{"x":"3.00000","y":"4.00000"},"time":1576581179455,"action":"ADD","deltaTime":1657,"objectName":"H_1","objectType":"point"},{"data":{"value":1,"definitionString":"Linjestykke G_1, H_1"},"time":1576581179518,"action":"ADD","deltaTime":63,"objectName":"b_1","objectType":"segment"},{"data":{"x":"3.00000","y":"5.00000","definitionString":"Punkt på i"},"time":1576581182288,"action":"ADD","deltaTime":2770,"objectName":"I_1","objectType":"point"},{"data":{"value":1,"definitionString":"Linjestykke H_1, I_1"},"time":1576581182344,"action":"ADD","deltaTime":56,"objectName":"c_1","objectType":"segment"},{"data":{"x":"2.00000","y":"5.00000"},"time":1576581183927,"action":"ADD","deltaTime":1583,"objectName":"J_1","objectType":"point"},{"data":{"value":1,"definitionString":"Linjestykke I_1, J_1"},"time":1576581183978,"action":"ADD","deltaTime":51,"objectName":"d_1","objectType":"segment"},{"data":{"x":"2.00000","y":"6.00000"},"time":1576581185639,"action":"ADD","deltaTime":1661,"objectName":"K_1","objectType":"point"},{"data":{"value":1,"definitionString":"Linjestykke J_1, K_1"},"time":1576581185673,"action":"ADD","deltaTime":34,"objectName":"e_1","objectType":"segment"},{"data":{"x":"1.00000","y":"6.00000"},"time":1576581187400,"action":"ADD","deltaTime":1727,"objectName":"L_1","objectType":"point"},{"data":{"value":1,"definitionString":"Linjestykke K_1, L_1"},"time":1576581187428,"action":"ADD","deltaTime":28,"objectName":"f_2","objectType":"segment"},{"data":{"x":"1.00000","y":"7.00000"},"time":1576581190253,"action":"ADD","deltaTime":2825,"objectName":"M_1","objectType":"point"},{"data":{"value":1,"definitionString":"Linjestykke L_1, M_1"},"time":1576581190284,"action":"ADD","deltaTime":31,"objectName":"g_2","objectType":"segment"},{"data":{"x":"0.00000","y":"7.00000","definitionString":"Punkt på yAkse"},"time":1576581192761,"action":"ADD","deltaTime":2477,"objectName":"N_1","objectType":"point"},{"data":{"value":1,"definitionString":"Linjestykke M_1, N_1"},"time":1576581192800,"action":"ADD","deltaTime":39,"objectName":"h_2","objectType":"segment"},{"data":{"value":1,"definitionString":"Linjestykke N_1, D"},"time":1576581194263,"action":"ADD","deltaTime":1463,"objectName":"i_2","objectType":"segment"},{"data":{"x":"0.00000","y":"9.00000","definitionString":"Punkt på yAkse"},"time":1576581196484,"action":"ADD","deltaTime":2221,"objectName":"O_1","objectType":"point"},{"data":{"value":1,"definitionString":"Linjestykke D, O_1"},"time":1576581196514,"action":"ADD","deltaTime":30,"objectName":"j_2","objectType":"segment"},{"data":{"x":"1.00000","y":"9.00000"},"time":1576581200197,"action":"ADD","deltaTime":3683,"objectName":"P_1","objectType":"point"},{"data":{"value":1,"definitionString":"Linjestykke O_1, P_1"},"time":1576581200226,"action":"ADD","deltaTime":29,"objectName":"k_2","objectType":"segment"},{"data":{"x":"1.00000","y":"10.00000"},"time":1576581202016,"action":"ADD","deltaTime":1790,"objectName":"Q_1","objectType":"point"},{"data":{"value":1,"definitionString":"Linjestykke P_1, Q_1"},"time":1576581202046,"action":"ADD","deltaTime":30,"objectName":"l_2","objectType":"segment"},{"data":{"x":"2.00000","y":"10.00000"},"time":1576581204885,"action":"ADD","deltaTime":2839,"objectName":"R_1","objectType":"point"},{"data":{"value":1,"definitionString":"Linjestykke Q_1, R_1"},"time":1576581204915,"action":"ADD","deltaTime":30,"objectName":"m_2","objectType":"segment"},{"data":{"x":"2.00000","y":"11.00000"},"time":1576581206518,"action":"ADD","deltaTime":1603,"objectName":"S_1","objectType":"point"},{"data":{"value":1,"definitionString":"Linjestykke R_1, S_1"},"time":1576581206546,"action":"ADD","deltaTime":28,"objectName":"n_2","objectType":"segment"},{"data":{"x":"3.00000","y":"11.00000"},"time":1576581207929,"action":"ADD","deltaTime":1383,"objectName":"T_1","objectType":"point"},{"data":{"value":1,"definitionString":"Linjestykke S_1, T_1"},"time":1576581207959,"action":"ADD","deltaTime":30,"objectName":"p_2","objectType":"segment"},{"data":{"x":"3.00000","y":"12.00000"},"time":1576581209918,"action":"ADD","deltaTime":1959,"objectName":"U_1","objectType":"point"},{"data":{"value":1,"definitionString":"Linjestykke T_1, U_1"},"time":1576581209949,"action":"ADD","deltaTime":31,"objectName":"q_2","objectType":"segment"},{"data":{"x":"4.00000","y":"12.00000"},"time":1576581211501,"action":"ADD","deltaTime":1552,"objectName":"V_1","objectType":"point"},{"data":{"value":1,"definitionString":"Linjestykke U_1, V_1"},"time":1576581211540,"action":"ADD","deltaTime":39,"objectName":"r_2","objectType":"segment"},{"data":{"x":"4.00000","y":"13.00000"},"time":1576581213611,"action":"ADD","deltaTime":2071,"objectName":"W_1","objectType":"point"},{"data":{"value":1,"definitionString":"Linjestykke V_1, W_1"},"time":1576581213642,"action":"ADD","deltaTime":31,"objectName":"s_2","objectType":"segment"},{"data":{"x":"5.00000","y":"13.00000"},"time":1576581215224,"action":"ADD","deltaTime":1582,"objectName":"Z_1","objectType":"point"},{"data":{"value":1,"definitionString":"Linjestykke W_1, Z_1"},"time":1576581215262,"action":"ADD","deltaTime":38,"objectName":"t_2","objectType":"segment"},{"data":{"x":"5.00000","y":"14.00000"},"time":1576581217300,"action":"ADD","deltaTime":2038,"objectName":"A_2","objectType":"point"},{"data":{"value":1,"definitionString":"Linjestykke Z_1, A_2"},"time":1576581217348,"action":"ADD","deltaTime":48,"objectName":"a_2","objectType":"segment"},{"data":{"value":1,"definitionString":"Linjestykke A_2, A"},"time":1576581218635,"action":"ADD","deltaTime":1287,"objectName":"b_2","objectType":"segment"},{"data":{"x":"6.00000","y":"14.00000"},"time":1576581218928,"action":"UPDATE","deltaTime":293,"objectName":"A","objectType":"point"},{"data":{"x":"6.00000","y":"2.00000"},"time":1576581273757,"action":"ADD","deltaTime":54829,"objectName":"C","objectType":"point"},{"data":{"value":6,"definitionString":"Linjestykke S, C"},"time":1576581273809,"action":"ADD","deltaTime":52,"objectName":"h","objectType":"segment"},{"data":{"x":"0.00000","y":"8.00000","definitionString":"Punkt på yAkse"},"time":1576581278221,"action":"ADD","deltaTime":4412,"objectName":"D","objectType":"point"},{"data":{"value":6,"definitionString":"Linjestykke S, D"},"time":1576581278272,"action":"ADD","deltaTime":51,"objectName":"i","objectType":"segment"},{"data":{"x":"0.00000","y":"9.00000","definitionString":"Punkt på yAkse"},"time":1576581280431,"action":"ADD","deltaTime":2159,"objectName":"E","objectType":"point"},{"data":{"value":1,"definitionString":"Linjestykke D, E"},"time":1576581280486,"action":"ADD","deltaTime":55,"objectName":"j","objectType":"segment"},{"data":{"x":"1.00000","y":"9.00000"},"time":1576581282172,"action":"ADD","deltaTime":1686,"objectName":"F","objectType":"point"},{"data":{"value":1,"definitionString":"Linjestykke E, F"},"time":1576581282198,"action":"ADD","deltaTime":26,"objectName":"k","objectType":"segment"},{"data":{"x":"1.00000","y":"10.00000"},"time":1576581283786,"action":"ADD","deltaTime":1588,"objectName":"G","objectType":"point"},{"data":{"value":1,"definitionString":"Linjestykke F, G"},"time":1576581283830,"action":"ADD","deltaTime":44,"objectName":"l","objectType":"segment"},{"data":{"x":"2.00000","y":"10.00000"},"time":1576581285420,"action":"ADD","deltaTime":1590,"objectName":"H","objectType":"point"},{"data":{"value":1,"definitionString":"Linjestykke G, H"},"time":1576581285475,"action":"ADD","deltaTime":55,"objectName":"m","objectType":"segment"},{"data":{"x":"2.00000","y":"11.00000"},"time":1576581286620,"action":"ADD","deltaTime":1145,"objectName":"I","objectType":"point"},{"data":{"value":1,"definitionString":"Linjestykke H, I"},"time":1576581286668,"action":"ADD","deltaTime":48,"objectName":"n","objectType":"segment"},{"data":{"x":"3.00000","y":"11.00000"},"time":1576581287926,"action":"ADD","deltaTime":1258,"objectName":"J","objectType":"point"},{"data":{"value":1,"definitionString":"Linjestykke I, J"},"time":1576581287985,"action":"ADD","deltaTime":59,"objectName":"p","objectType":"segment"},{"data":{"x":"3.00000","y":"12.00000"},"time":1576581289610,"action":"ADD","deltaTime":1625,"objectName":"K","objectType":"point"},{"data":{"value":1,"definitionString":"Linjestykke J, K"},"time":1576581289663,"action":"ADD","deltaTime":53,"objectName":"q","objectType":"segment"},{"data":{"x":"4.00000","y":"12.00000"},"time":1576581291471,"action":"ADD","deltaTime":1808,"objectName":"L","objectType":"point"},{"data":{"value":1,"definitionString":"Linjestykke K, L"},"time":1576581291516,"action":"ADD","deltaTime":45,"objectName":"r","objectType":"segment"},{"data":{"x":"4.00000","y":"13.00000"},"time":1576581293016,"action":"ADD","deltaTime":1500,"objectName":"M","objectType":"point"},{"data":{"value":1,"definitionString":"Linjestykke L, M"},"time":1576581293049,"action":"ADD","deltaTime":33,"objectName":"s","objectType":"segment"},{"data":{"x":"5.00000","y":"13.00000"},"time":1576581294506,"action":"ADD","deltaTime":1457,"objectName":"N","objectType":"point"},{"data":{"value":1,"definitionString":"Linjestykke M, N"},"time":1576581294581,"action":"ADD","deltaTime":75,"objectName":"t","objectType":"segment"},{"data":{"x":"5.00000","y":"14.00000"},"time":1576581296105,"action":"ADD","deltaTime":1524,"objectName":"O","objectType":"point"},{"data":{"value":1,"definitionString":"Linjestykke N, O"},"time":1576581296161,"action":"ADD","deltaTime":56,"objectName":"a","objectType":"segment"},{"data":{"value":1,"definitionString":"Linjestykke O, A"},"time":1576581297257,"action":"ADD","deltaTime":1096,"objectName":"b","objectType":"segment"},{"data":{"x":"6.00000","y":"14.00000"},"time":1576581297538,"action":"UPDATE","deltaTime":281,"objectName":"A","objectType":"point"},{"data":{"x":"6.83808","y":"14.02400"},"time":1576581298493,"action":"ADD","deltaTime":955,"objectName":"P","objectType":"point"},{"data":{"value":0.8384278536509391,"definitionString":"Linjestykke A, P"},"time":1576581298521,"action":"ADD","deltaTime":28,"objectName":"c","objectType":"segment"},{"data":{"x":"7.00000","y":"14.00000"},"time":1576581305247,"action":"ADD","deltaTime":6726,"objectName":"P","objectType":"point"},{"data":{"value":1,"definitionString":"Linjestykke A, P"},"time":1576581305296,"action":"ADD","deltaTime":49,"objectName":"c","objectType":"segment"},{"data":{"x":"7.00000","y":"13.00000"},"time":1576581306662,"action":"ADD","deltaTime":1366,"objectName":"Q","objectType":"point"},{"data":{"value":1,"definitionString":"Linjestykke P, Q"},"time":1576581306707,"action":"ADD","deltaTime":45,"objectName":"d","objectType":"segment"},{"data":{"x":"8.00000","y":"13.00000"},"time":1576581308334,"action":"ADD","deltaTime":1627,"objectName":"R","objectType":"point"},{"data":{"value":1,"definitionString":"Linjestykke Q, R"},"time":1576581308386,"action":"ADD","deltaTime":52,"objectName":"e","objectType":"segment"},{"data":{"x":"8.00000","y":"12.00000"},"time":1576581309774,"action":"ADD","deltaTime":1388,"objectName":"T","objectType":"point"},{"data":{"value":1,"definitionString":"Linjestykke R, T"},"time":1576581309825,"action":"ADD","deltaTime":51,"objectName":"f_1","objectType":"segment"},{"data":{"x":"9.00000","y":"12.00000"},"time":1576581311634,"action":"ADD","deltaTime":1809,"objectName":"U","objectType":"point"},{"data":{"value":1,"definitionString":"Linjestykke T, U"},"time":1576581311689,"action":"ADD","deltaTime":55,"objectName":"g_1","objectType":"segment"},{"data":{"x":"9.00000","y":"11.00000"},"time":1576581312868,"action":"ADD","deltaTime":1179,"objectName":"V","objectType":"point"},{"data":{"value":1,"definitionString":"Linjestykke U, V"},"time":1576581312912,"action":"ADD","deltaTime":44,"objectName":"h_1","objectType":"segment"},{"data":{"x":"10.00000","y":"11.00000"},"time":1576581314565,"action":"ADD","deltaTime":1653,"objectName":"W","objectType":"point"},{"data":{"value":1,"definitionString":"Linjestykke V, W"},"time":1576581314593,"action":"ADD","deltaTime":28,"objectName":"i_1","objectType":"segment"},{"data":{"x":"10.00000","y":"10.00000"},"time":1576581316557,"action":"ADD","deltaTime":1964,"objectName":"Z","objectType":"point"},{"data":{"value":1,"definitionString":"Linjestykke W, Z"},"time":1576581316594,"action":"ADD","deltaTime":37,"objectName":"j_1","objectType":"segment"},{"data":{"x":"11.00000","y":"10.00000"},"time":1576581317763,"action":"ADD","deltaTime":1169,"objectName":"A_1","objectType":"point"},{"data":{"value":1,"definitionString":"Linjestykke Z, A_1"},"time":1576581317800,"action":"ADD","deltaTime":37,"objectName":"k_1","objectType":"segment"},{"data":{"x":"11.00000","y":"9.00000"},"time":1576581319277,"action":"ADD","deltaTime":1477,"objectName":"B_1","objectType":"point"},{"data":{"value":1,"definitionString":"Linjestykke A_1, B_1"},"time":1576581319313,"action":"ADD","deltaTime":36,"objectName":"l_1","objectType":"segment"},{"data":{"x":"12.03185","y":"8.86396"},"time":1576581320320,"action":"ADD","deltaTime":1007,"objectName":"C_1","objectType":"point"},{"data":{"value":1.040782294182527,"definitionString":"Linjestykke B_1, C_1"},"time":1576581320351,"action":"ADD","deltaTime":31,"objectName":"m_1","objectType":"segment"},{"data":{"x":"12.00000","y":"9.00000"},"time":1576581324946,"action":"ADD","deltaTime":4595,"objectName":"C_1","objectType":"point"},{"data":{"value":1,"definitionString":"Linjestykke B_1, C_1"},"time":1576581324976,"action":"ADD","deltaTime":30,"objectName":"m_1","objectType":"segment"},{"data":{"value":1,"definitionString":"Linjestykke C_1, B"},"time":1576581326273,"action":"ADD","deltaTime":1297,"objectName":"n_1","objectType":"segment"},{"data":{"x":"12.00000","y":"8.00000"},"time":1576581326553,"action":"UPDATE","deltaTime":280,"objectName":"B","objectType":"point"},{"data":{"x":"12.00000","y":"7.00000"},"time":1576581327514,"action":"ADD","deltaTime":961,"objectName":"D_1","objectType":"point"},{"data":{"value":1,"definitionString":"Linjestykke B, D_1"},"time":1576581327543,"action":"ADD","deltaTime":29,"objectName":"p_1","objectType":"segment"},{"data":{"x":"11.00000","y":"7.00000"},"time":1576581328876,"action":"ADD","deltaTime":1333,"objectName":"E_1","objectType":"point"},{"data":{"value":1,"definitionString":"Linjestykke D_1, E_1"},"time":1576581328907,"action":"ADD","deltaTime":31,"objectName":"q_1","objectType":"segment"},{"data":{"x":"11.00000","y":"6.00000"},"time":1576581330284,"action":"ADD","deltaTime":1377,"objectName":"F_1","objectType":"point"},{"data":{"value":1,"definitionString":"Linjestykke E_1, F_1"},"time":1576581330322,"action":"ADD","deltaTime":38,"objectName":"r_1","objectType":"segment"},{"data":{"x":"10.00000","y":"6.00000"},"time":1576581331521,"action":"ADD","deltaTime":1199,"objectName":"G_1","objectType":"point"},{"data":{"value":1,"definitionString":"Linjestykke F_1, G_1"},"time":1576581331553,"action":"ADD","deltaTime":32,"objectName":"s_1","objectType":"segment"},{"data":{"x":"10.00000","y":"5.00000"},"time":1576581332976,"action":"ADD","deltaTime":1423,"objectName":"H_1","objectType":"point"},{"data":{"value":1,"definitionString":"Linjestykke G_1, H_1"},"time":1576581333006,"action":"ADD","deltaTime":30,"objectName":"t_1","objectType":"segment"},{"data":{"x":"9.00000","y":"5.00000"},"time":1576581334817,"action":"ADD","deltaTime":1811,"objectName":"I_1","objectType":"point"},{"data":{"value":1,"definitionString":"Linjestykke H_1, I_1"},"time":1576581334849,"action":"ADD","deltaTime":32,"objectName":"a_1","objectType":"segment"},{"data":{"x":"9.00000","y":"4.00000"},"time":1576581336289,"action":"ADD","deltaTime":1440,"objectName":"J_1","objectType":"point"},{"data":{"value":1,"definitionString":"Linjestykke I_1, J_1"},"time":1576581336329,"action":"ADD","deltaTime":40,"objectName":"b_1","objectType":"segment"},{"data":{"x":"8.00000","y":"4.00000"},"time":1576581338853,"action":"ADD","deltaTime":2524,"objectName":"K_1","objectType":"point"},{"data":{"value":1,"definitionString":"Linjestykke J_1, K_1"},"time":1576581338888,"action":"ADD","deltaTime":35,"objectName":"c_1","objectType":"segment"},{"data":{"x":"8.00000","y":"3.00000"},"time":1576581340327,"action":"ADD","deltaTime":1439,"objectName":"L_1","objectType":"point"},{"data":{"value":1,"definitionString":"Linjestykke K_1, L_1"},"time":1576581340356,"action":"ADD","deltaTime":29,"objectName":"d_1","objectType":"segment"},{"data":{"x":"7.00000","y":"3.00000"},"time":1576581341947,"action":"ADD","deltaTime":1591,"objectName":"M_1","objectType":"point"},{"data":{"value":1,"definitionString":"Linjestykke L_1, M_1"},"time":1576581341978,"action":"ADD","deltaTime":31,"objectName":"e_1","objectType":"segment"},{"data":{"x":"7.00000","y":"2.00000"},"time":1576581343097,"action":"ADD","deltaTime":1119,"objectName":"N_1","objectType":"point"},{"data":{"value":1,"definitionString":"Linjestykke M_1, N_1"},"time":1576581343145,"action":"ADD","deltaTime":48,"objectName":"f_2","objectType":"segment"},{"data":{"value":1,"definitionString":"Linjestykke N_1, C"},"time":1576581344601,"action":"ADD","deltaTime":1456,"objectName":"g_2","objectType":"segment"},{"data":{"x":"6.00000","y":"2.00000"},"time":1576581344882,"action":"UPDATE","deltaTime":281,"objectName":"C","objectType":"point"},{"data":{"x":"5.00000","y":"2.00000"},"time":1576581347690,"action":"ADD","deltaTime":2808,"objectName":"O_1","objectType":"point"},{"data":{"value":1,"definitionString":"Linjestykke C, O_1"},"time":1576581347720,"action":"ADD","deltaTime":30,"objectName":"h_2","objectType":"segment"},{"data":{"x":"5.00000","y":"3.00000"},"time":1576581349341,"action":"ADD","deltaTime":1621,"objectName":"P_1","objectType":"point"},{"data":{"value":1,"definitionString":"Linjestykke O_1, P_1"},"time":1576581349371,"action":"ADD","deltaTime":30,"objectName":"i_2","objectType":"segment"},{"data":{"x":"4.00000","y":"3.00000"},"time":1576581350446,"action":"ADD","deltaTime":1075,"objectName":"Q_1","objectType":"point"},{"data":{"value":1,"definitionString":"Linjestykke P_1, Q_1"},"time":1576581350477,"action":"ADD","deltaTime":31,"objectName":"j_2","objectType":"segment"},{"data":{"x":"4.00000","y":"4.00000"},"time":1576581351761,"action":"ADD","deltaTime":1284,"objectName":"R_1","objectType":"point"},{"data":{"value":1,"definitionString":"Linjestykke Q_1, R_1"},"time":1576581351792,"action":"ADD","deltaTime":31,"objectName":"k_2","objectType":"segment"},{"data":{"x":"3.00000","y":"4.00000"},"time":1576581353018,"action":"ADD","deltaTime":1226,"objectName":"S_1","objectType":"point"},{"data":{"value":1,"definitionString":"Linjestykke R_1, S_1"},"time":1576581353050,"action":"ADD","deltaTime":32,"objectName":"l_2","objectType":"segment"},{"data":{"x":"3.00000","y":"5.00000"},"time":1576581355085,"action":"ADD","deltaTime":2035,"objectName":"T_1","objectType":"point"},{"data":{"value":1,"definitionString":"Linjestykke S_1, T_1"},"time":1576581355118,"action":"ADD","deltaTime":33,"objectName":"m_2","objectType":"segment"},{"data":{"x":"2.00000","y":"5.00000"},"time":1576581356422,"action":"ADD","deltaTime":1304,"objectName":"U_1","objectType":"point"},{"data":{"value":1,"definitionString":"Linjestykke T_1, U_1"},"time":1576581356453,"action":"ADD","deltaTime":31,"objectName":"n_2","objectType":"segment"},{"data":{"x":"2.00000","y":"6.00000"},"time":1576581357348,"action":"ADD","deltaTime":895,"objectName":"V_1","objectType":"point"},{"data":{"value":1,"definitionString":"Linjestykke U_1, V_1"},"time":1576581357381,"action":"ADD","deltaTime":33,"objectName":"p_2","objectType":"segment"},{"data":{"x":"1.00000","y":"6.00000"},"time":1576581358641,"action":"ADD","deltaTime":1260,"objectName":"W_1","objectType":"point"},{"data":{"value":1,"definitionString":"Linjestykke V_1, W_1"},"time":1576581358672,"action":"ADD","deltaTime":31,"objectName":"q_2","objectType":"segment"},{"data":{"x":"1.00000","y":"7.00000"},"time":1576581359901,"action":"ADD","deltaTime":1229,"objectName":"Z_1","objectType":"point"},{"data":{"value":1,"definitionString":"Linjestykke W_1, Z_1"},"time":1576581359942,"action":"ADD","deltaTime":41,"objectName":"r_2","objectType":"segment"},{"data":{"x":"0.00000","y":"7.00000","definitionString":"Punkt på yAkse"},"time":1576581363014,"action":"ADD","deltaTime":3072,"objectName":"A_2","objectType":"point"},{"data":{"value":1,"definitionString":"Linjestykke Z_1, A_2"},"time":1576581363056,"action":"ADD","deltaTime":42,"objectName":"s_2","objectType":"segment"},{"data":{"value":1,"definitionString":"Linjestykke D, A_2"},"time":1576581366516,"action":"ADD","deltaTime":3460,"objectName":"t_2","objectType":"segment"}]