[{"data":{"value":3.1622776601683795,"definitionString":"Linjestykke A, B"},"time":1576581501576,"action":"ADD","deltaTime":null,"objectName":"f","objectType":"segment"},{"data":{"value":null,"definitionString":"Midtnormal AB"},"time":1576581505938,"action":"ADD","deltaTime":4362,"objectName":"g","objectType":"line"},{"data":{"value":3.1622776601683795,"definitionString":"Linjestykke A, B"},"time":1576581562911,"action":"ADD","deltaTime":56973,"objectName":"h","objectType":"segment"},{"data":{"x":"7.05600","y":"8.35200","definitionString":"Punkt på g"},"time":1576581565733,"action":"ADD","deltaTime":2822,"objectName":"C","objectType":"point"},{"data":{"value":3.1239462223284087,"definitionString":"Linjestykke B, C"},"time":1576581565785,"action":"ADD","deltaTime":52,"objectName":"i","objectType":"segment"},{"data":{"value":3.1239462223284074,"definitionString":"Linjestykke C, A"},"time":1576581567471,"action":"ADD","deltaTime":1686,"objectName":"j","objectType":"segment"},{"data":{"x":"1.00000","y":"9.00000"},"time":1576581579099,"action":"ADD","deltaTime":11628,"objectName":"D","objectType":"point"},{"data":{"x":"3.00000","y":"9.00000"},"time":1576581580420,"action":"ADD","deltaTime":1321,"objectName":"E","objectType":"point"},{"data":{"value":2,"definitionString":"Linjestykke D, E"},"time":1576581580462,"action":"ADD","deltaTime":42,"objectName":"k","objectType":"segment"},{"data":{"x":"2.00000","y":"11.00000"},"time":1576581582183,"action":"ADD","deltaTime":1721,"objectName":"F","objectType":"point"},{"data":{"value":2.23606797749979,"definitionString":"Linjestykke E, F"},"time":1576581582223,"action":"ADD","deltaTime":40,"objectName":"l","objectType":"segment"},{"data":{"value":2.23606797749979,"definitionString":"Linjestykke F, D"},"time":1576581583659,"action":"ADD","deltaTime":1436,"objectName":"m","objectType":"segment"},{"data":{"x":"0.47455","y":"8.97636"},"time":1576581594262,"action":"ADD","deltaTime":10603,"objectName":"G","objectType":"point"},{"data":{"value":0.5259858905187453,"definitionString":"Linjestykke D, G"},"time":1576581594306,"action":"ADD","deltaTime":44,"objectName":"n","objectType":"segment"},{"data":{"value":2.534189358055016,"definitionString":"Linjestykke G, F"},"time":1576581595928,"action":"ADD","deltaTime":1622,"objectName":"p","objectType":"segment"},{"data":{"x":"1.00000","y":"9.00000"},"time":1576581601513,"action":"ADD","deltaTime":5585,"objectName":"D","objectType":"point"},{"data":{"x":"2.00000","y":"9.00000"},"time":1576581603346,"action":"ADD","deltaTime":1833,"objectName":"E","objectType":"point"},{"data":{"value":1,"definitionString":"Linjestykke D, E"},"time":1576581603388,"action":"ADD","deltaTime":42,"objectName":"k","objectType":"segment"},{"data":{"x":"1.51455","y":"9.99636"},"time":1576581606381,"action":"ADD","deltaTime":2993,"objectName":"F","objectType":"point"},{"data":{"value":1.1083350628624389,"definitionString":"Linjestykke E, F"},"time":1576581606423,"action":"ADD","deltaTime":42,"objectName":"l","objectType":"segment"},{"data":{"value":1.1213819691172056,"definitionString":"Linjestykke F, D"},"time":1576581607631,"action":"ADD","deltaTime":1208,"objectName":"m","objectType":"segment"}]