[{"data":{"value":2.8284271247461903,"definitionString":"Linjestykke A, B"},"time":1576581646829,"action":"ADD","deltaTime":null,"objectName":"f","objectType":"segment"},{"data":{"value":null,"definitionString":"Midtnormal AB"},"time":1576581650216,"action":"ADD","deltaTime":3387,"objectName":"g","objectType":"line"},{"data":{"value":null,"definitionString":"Midtnormal f"},"time":1576581656341,"action":"ADD","deltaTime":6125,"objectName":"h","objectType":"line"},{"data":{"x":"4.61845","y":"9.61845","definitionString":"Punkt på h"},"time":1576581671564,"action":"ADD","deltaTime":15223,"objectName":"C","objectType":"point"},{"data":{"value":2.690499996544328,"definitionString":"Linjestykke A, C"},"time":1576581671606,"action":"ADD","deltaTime":42,"objectName":"i","objectType":"segment"},{"data":{"value":2.690499996544328,"definitionString":"Linjestykke C, B"},"time":1576581673431,"action":"ADD","deltaTime":1825,"objectName":"j","objectType":"segment"},{"data":{"x":"1.53845","y":"6.53845","definitionString":"Punkt på h"},"time":1576581684931,"action":"ADD","deltaTime":11500,"objectName":"D","objectType":"point"},{"data":{"value":2.504442099830803,"definitionString":"Linjestykke B, D"},"time":1576581684973,"action":"ADD","deltaTime":42,"objectName":"k","objectType":"segment"},{"data":{"value":2.504442099830802,"definitionString":"Linjestykke D, A"},"time":1576581686347,"action":"ADD","deltaTime":1374,"objectName":"l","objectType":"segment"},{"data":{"x":"1.35845","y":"6.35845","definitionString":"Punkt på h"},"time":1576581726423,"action":"ADD","deltaTime":40076,"objectName":"D","objectType":"point"},{"data":{"value":null,"definitionString":"Midtnormal DC"},"time":1576581732355,"action":"ADD","deltaTime":5932,"objectName":"k","objectType":"line"},{"data":{"value":2.7183345928486515,"definitionString":"Linjestykke A, D"},"time":1576581738281,"action":"ADD","deltaTime":5926,"objectName":"l","objectType":"segment"},{"data":{"value":2.7183345928486515,"definitionString":"Linjestykke D, B"},"time":1576581739770,"action":"ADD","deltaTime":1489,"objectName":"m","objectType":"segment"}]