[{"data":{"x":["10.88518","11.86322","12.00000","12.00000"],"y":["8.62788","8.86396","9.00000","8.00000"]},"time":1576581170203,"action":"UPDATE","deltaTime":[null,1051,16034,20099],"objectName":"S","objectType":"point"},{"data":{"x":"6.00000","y":"8.00000"},"time":1576581225694,"action":"ADD","deltaTime":55491,"objectName":"A","objectType":"point"},{"data":{"x":"18.00000","y":"8.00000"},"time":1576581232007,"action":"ADD","deltaTime":6313,"objectName":"B","objectType":"point"},{"data":{"value":null,"definitionString":"Linje A, B"},"time":1576581232043,"action":"ADD","deltaTime":36,"objectName":"f","objectType":"line"},{"data":{"x":"12.00000","y":"2.00000"},"time":1576581240249,"action":"ADD","deltaTime":8206,"objectName":"C","objectType":"point"},{"data":{"x":"12.00000","y":"14.00000"},"time":1576581246044,"action":"ADD","deltaTime":5795,"objectName":"D","objectType":"point"},{"data":{"value":null,"definitionString":"Linje C, D"},"time":1576581246079,"action":"ADD","deltaTime":35,"objectName":"g","objectType":"line"},{"data":{"value":8.485281374238571,"definitionString":"Linjestykke D, B"},"time":1576581264007,"action":"ADD","deltaTime":17928,"objectName":"h","objectType":"segment"},{"data":{"value":8.485281374238571,"definitionString":"Linjestykke B, C"},"time":1576581267979,"action":"ADD","deltaTime":3972,"objectName":"i","objectType":"segment"},{"data":{"value":8.485281374238571,"definitionString":"Linjestykke C, A"},"time":1576581270988,"action":"ADD","deltaTime":3009,"objectName":"j","objectType":"segment"},{"data":{"value":8.485281374238571,"definitionString":"Linjestykke A, D"},"time":1576581274551,"action":"ADD","deltaTime":3563,"objectName":"k","objectType":"segment"},{"data":{"value":null,"definitionString":"Midtnormal DB"},"time":1576581281923,"action":"ADD","deltaTime":7372,"objectName":"l","objectType":"line"},{"data":{"value":null,"definitionString":"Midtnormal DA"},"time":1576581286755,"action":"ADD","deltaTime":4832,"objectName":"m","objectType":"line"},{"data":{"x":"7.78241","y":"1.98390"},"time":1576581452288,"action":"ADD","deltaTime":165533,"objectName":"E","objectType":"point"},{"data":{"x":"16.21385","y":"2.01763"},"time":1576581458699,"action":"ADD","deltaTime":6411,"objectName":"F","objectType":"point"},{"data":{"x":["7.61378","7.61378","8.00000","7.64750","8.28829","18.00000"],"y":["3.60274","3.63646","4.00000","3.67019","2.69214","2.00000"]},"time":1576581467027,"action":"UPDATE","deltaTime":[8328,573,4969,5733,11267,112517],"objectName":"E","objectType":"point"},{"data":{"value":6,"definitionString":"Linjestykke C, E"},"time":1576581579589,"action":"ADD","deltaTime":112562,"objectName":"n","objectType":"segment"},{"data":{"value":6,"definitionString":"Linjestykke E, B"},"time":1576581582546,"action":"ADD","deltaTime":2957,"objectName":"p","objectType":"segment"},{"data":{"x":"18.00000","y":"8.00000"},"time":1576581582828,"action":"UPDATE","deltaTime":282,"objectName":"B","objectType":"point"},{"data":{"x":"15.00000","y":"5.00000","definitionString":"Skjæring mellom m og i"},"time":1576581587482,"action":"ADD","deltaTime":4654,"objectName":"F","objectType":"point"},{"data":{"value":null,"definitionString":"Midtnormal FE"},"time":1576581593293,"action":"ADD","deltaTime":5811,"objectName":"q","objectType":"line"},{"data":{"x":"16.50000","y":"3.50000","definitionString":"Skjæring mellom m og q"},"time":1576581598540,"action":"ADD","deltaTime":5247,"objectName":"G","objectType":"point"},{"data":{"x":"12.74009","y":"1.97213"},"time":1576581663233,"action":"UPDATE","deltaTime":64693,"objectName":"C","objectType":"point"},{"data":{"x":"12.74009","y":"13.97213"},"time":1576581663261,"action":"UPDATE","deltaTime":28,"objectName":"D","objectType":"point"},{"data":{"x":"12.00000","y":"2.00000"},"time":1576581667783,"action":"UPDATE","deltaTime":4522,"objectName":"C","objectType":"point"},{"data":{"x":["12.00000","11.08940"],"y":["14.00000","13.83137"]},"time":1576581667804,"action":"UPDATE","deltaTime":[21,7229],"objectName":"D","objectType":"point"},{"data":{"x":"5.08940","y":"7.83137"},"time":1576581675062,"action":"UPDATE","deltaTime":7258,"objectName":"A","objectType":"point"},{"data":{"x":"11.05568","y":"13.83137"},"time":1576581675342,"action":"UPDATE","deltaTime":280,"objectName":"D","objectType":"point"},{"data":{"x":"5.05568","y":"7.83137"},"time":1576581675362,"action":"UPDATE","deltaTime":20,"objectName":"A","objectType":"point"},{"data":{"x":"7.21094","y":"12.58352"},"time":1576581678300,"action":"UPDATE","deltaTime":2938,"objectName":"D","objectType":"point"},{"data":{"x":"1.21094","y":"6.58352"},"time":1576581678321,"action":"UPDATE","deltaTime":21,"objectName":"A","objectType":"point"},{"data":{"x":"11.83137","y":"14.13490"},"time":1576581679916,"action":"UPDATE","deltaTime":1595,"objectName":"D","objectType":"point"},{"data":{"x":"5.83137","y":"8.13490"},"time":1576581679938,"action":"UPDATE","deltaTime":22,"objectName":"A","objectType":"point"},{"data":{"x":"12.00000","y":"14.00000"},"time":1576581680633,"action":"UPDATE","deltaTime":695,"objectName":"D","objectType":"point"},{"data":{"x":"6.00000","y":"8.00000"},"time":1576581680655,"action":"UPDATE","deltaTime":22,"objectName":"A","objectType":"point"}]