[{"data":{"value":null,"definitionString":"Midtnormal AB"},"time":1576581750295,"action":"ADD","deltaTime":null,"objectName":"f","objectType":"line"},{"data":{"x":"5.00000","y":"7.00000"},"time":1576581809409,"action":"ADD","deltaTime":59114,"objectName":"C","objectType":"point"},{"data":{"x":"6.00000","y":"7.00000"},"time":1576581810528,"action":"ADD","deltaTime":1119,"objectName":"D","objectType":"point"},{"data":{"x":"7.00000","y":"7.00000"},"time":1576581811581,"action":"ADD","deltaTime":1053,"objectName":"E","objectType":"point"},{"data":{"x":"6.00000","y":"7.00000"},"time":1576581827847,"action":"ADD","deltaTime":16266,"objectName":"C","objectType":"point"},{"data":{"x":"6.00000","y":"8.00000"},"time":1576582046101,"action":"ADD","deltaTime":218254,"objectName":"D","objectType":"point"},{"data":{"x":"6.00000","y":"9.00000"},"time":1576582047051,"action":"ADD","deltaTime":950,"objectName":"E","objectType":"point"},{"data":{"x":"6.00000","y":"10.00000"},"time":1576582048057,"action":"ADD","deltaTime":1006,"objectName":"F","objectType":"point"},{"data":{"x":"6.00000","y":"11.00000"},"time":1576582048947,"action":"ADD","deltaTime":890,"objectName":"G","objectType":"point"},{"data":{"x":"6.00000","y":"6.00000"},"time":1576582050131,"action":"ADD","deltaTime":1184,"objectName":"H","objectType":"point"},{"data":{"x":"6.00000","y":"5.00000"},"time":1576582050639,"action":"ADD","deltaTime":508,"objectName":"I","objectType":"point"},{"data":{"x":"6.00000","y":"4.00000"},"time":1576582051388,"action":"ADD","deltaTime":749,"objectName":"J","objectType":"point"},{"data":{"x":"6.00000","y":"3.00000"},"time":1576582052478,"action":"ADD","deltaTime":1090,"objectName":"K","objectType":"point"}]