[{"data":{"value":null,"definitionString":"Midtnormal AB"},"time":1576581764811,"action":"ADD","deltaTime":null,"objectName":"f","objectType":"line"},{"data":{"x":"5.00000","y":"7.00000"},"time":1576581844728,"action":"ADD","deltaTime":79917,"objectName":"C","objectType":"point"},{"data":{"x":"6.00000","y":"8.00000"},"time":1576581882781,"action":"ADD","deltaTime":38053,"objectName":"D","objectType":"point"},{"data":{"x":"5.00000","y":"6.00000"},"time":1576581911932,"action":"ADD","deltaTime":29151,"objectName":"E","objectType":"point"},{"data":{"x":"6.00000","y":"9.00000"},"time":1576581917200,"action":"ADD","deltaTime":5268,"objectName":"F","objectType":"point"},{"data":{"x":"6.00000","y":"10.00000"},"time":1576581956076,"action":"ADD","deltaTime":38876,"objectName":"G","objectType":"point"},{"data":{"x":"5.00000","y":"5.00000"},"time":1576581958180,"action":"ADD","deltaTime":2104,"objectName":"H","objectType":"point"},{"data":{"x":"5.00000","y":"4.00000"},"time":1576581965316,"action":"ADD","deltaTime":7136,"objectName":"I","objectType":"point"},{"data":{"x":"5.00000","y":"3.00000"},"time":1576581966829,"action":"ADD","deltaTime":1513,"objectName":"J","objectType":"point"},{"data":{"x":"6.00000","y":"11.00000"},"time":1576581968650,"action":"ADD","deltaTime":1821,"objectName":"K","objectType":"point"}]