[{"data":{"value":null,"definitionString":"Midtnormal AB"},"time":1576581773007,"action":"ADD","deltaTime":null,"objectName":"f","objectType":"line"},{"data":{"x":"4.00000","y":"7.00000"},"time":1576582064364,"action":"ADD","deltaTime":291357,"objectName":"C","objectType":"point"},{"data":{"x":"6.00000","y":"9.00000"},"time":1576582069002,"action":"ADD","deltaTime":4638,"objectName":"D","objectType":"point"},{"data":{"x":"5.00000","y":"8.00000"},"time":1576582078774,"action":"ADD","deltaTime":9772,"objectName":"D","objectType":"point"},{"data":{"x":"6.00000","y":"9.00000"},"time":1576582081624,"action":"ADD","deltaTime":2850,"objectName":"E","objectType":"point"},{"data":{"x":"3.00000","y":"6.00000"},"time":1576582082930,"action":"ADD","deltaTime":1306,"objectName":"F","objectType":"point"},{"data":{"x":"6.00000","y":"9.00000"},"time":1576582107354,"action":"ADD","deltaTime":24424,"objectName":"E","objectType":"point"},{"data":{"x":"3.00000","y":"6.00000"},"time":1576582108734,"action":"ADD","deltaTime":1380,"objectName":"F","objectType":"point"},{"data":{"x":"3.00000","y":"5.00000"},"time":1576582127114,"action":"ADD","deltaTime":18380,"objectName":"G","objectType":"point"},{"data":{"x":"6.00000","y":"10.00000"},"time":1576582132590,"action":"ADD","deltaTime":5476,"objectName":"H","objectType":"point"},{"data":{"x":"6.00000","y":"11.00000"},"time":1576582139748,"action":"ADD","deltaTime":7158,"objectName":"I","objectType":"point"},{"data":{"x":"6.00000","y":"12.00000"},"time":1576582140623,"action":"ADD","deltaTime":875,"objectName":"J","objectType":"point"},{"data":{"x":"3.00000","y":"4.00000"},"time":1576582142202,"action":"ADD","deltaTime":1579,"objectName":"K","objectType":"point"},{"data":{"x":"3.00000","y":"3.00000"},"time":1576582143013,"action":"ADD","deltaTime":811,"objectName":"L","objectType":"point"},{"data":{"x":"3.00000","y":"2.00000"},"time":1576582144101,"action":"ADD","deltaTime":1088,"objectName":"M","objectType":"point"}]