[{"data":{"x":"10.00000","y":"8.00000"},"time":1576580896903,"action":"UPDATE","deltaTime":null,"objectName":"S","objectType":"point"},{"data":{"x":"6.97299","y":"10.85378"},"time":1576580905776,"action":"ADD","deltaTime":8873,"objectName":"A","objectType":"point"},{"data":{"x":"4.98317","y":"4.78314"},"time":1576580907016,"action":"ADD","deltaTime":1240,"objectName":"B","objectType":"point"},{"data":{"value":null,"definitionString":"Linje A, B"},"time":1576580907041,"action":"ADD","deltaTime":25,"objectName":"f","objectType":"line"},{"data":{"x":"10.37929","y":"7.95336"},"time":1576580917407,"action":"UPDATE","deltaTime":10366,"objectName":"S","objectType":"point"},{"data":{"x":"10.43687","y":"10.72710"},"time":1576580923198,"action":"ADD","deltaTime":5791,"objectName":"A","objectType":"point"},{"data":{"x":"16.19164","y":"14.34645"},"time":1576580924635,"action":"ADD","deltaTime":1437,"objectName":"B","objectType":"point"},{"data":{"value":null,"definitionString":"Linje A, B"},"time":1576580924657,"action":"ADD","deltaTime":22,"objectName":"f","objectType":"line"},{"data":{"x":"3.91661","y":"7.86637"},"time":1576581265168,"action":"ADD","deltaTime":340511,"objectName":"A","objectType":"point"},{"data":{"x":"3.96040","y":"8.87363"},"time":1576581267888,"action":"ADD","deltaTime":2720,"objectName":"B","objectType":"point"},{"data":{"value":1.0082169353536758,"definitionString":"Linjestykke A, B"},"time":1576581267917,"action":"ADD","deltaTime":29,"objectName":"f","objectType":"segment"},{"data":{"x":"5.00000","y":"9.00000"},"time":1576581269199,"action":"ADD","deltaTime":1282,"objectName":"C","objectType":"point"},{"data":{"value":1.0472480934981026,"definitionString":"Linjestykke B, C"},"time":1576581269231,"action":"ADD","deltaTime":32,"objectName":"g","objectType":"segment"},{"data":{"x":"5.00000","y":"10.00000"},"time":1576581270140,"action":"ADD","deltaTime":909,"objectName":"D","objectType":"point"},{"data":{"value":1,"definitionString":"Linjestykke C, D"},"time":1576581270174,"action":"ADD","deltaTime":34,"objectName":"h","objectType":"segment"},{"data":{"x":"4.00000","y":"8.00000"},"time":1576581279114,"action":"ADD","deltaTime":8940,"objectName":"A","objectType":"point"},{"data":{"x":"4.00000","y":"9.00000"},"time":1576581280998,"action":"ADD","deltaTime":1884,"objectName":"B","objectType":"point"},{"data":{"value":1,"definitionString":"Linjestykke A, B"},"time":1576581281022,"action":"ADD","deltaTime":24,"objectName":"f","objectType":"segment"},{"data":{"x":"5.14285","y":"8.91742"},"time":1576581283112,"action":"ADD","deltaTime":2090,"objectName":"C","objectType":"point"},{"data":{"value":1.1458254848499825,"definitionString":"Linjestykke B, C"},"time":1576581283142,"action":"ADD","deltaTime":30,"objectName":"g","objectType":"segment"},{"data":{"x":"5.00000","y":"10.00000"},"time":1576581284571,"action":"ADD","deltaTime":1429,"objectName":"D","objectType":"point"},{"data":{"value":1.0919589450944844,"definitionString":"Linjestykke C, D"},"time":1576581284593,"action":"ADD","deltaTime":22,"objectName":"h","objectType":"segment"},{"data":{"x":"6.00000","y":"10.00000"},"time":1576581286966,"action":"ADD","deltaTime":2373,"objectName":"E","objectType":"point"},{"data":{"value":1,"definitionString":"Linjestykke D, E"},"time":1576581286989,"action":"ADD","deltaTime":23,"objectName":"i","objectType":"segment"},{"data":{"x":"6.00000","y":"11.00000"},"time":1576581288988,"action":"ADD","deltaTime":1999,"objectName":"F","objectType":"point"},{"data":{"value":1,"definitionString":"Linjestykke E, F"},"time":1576581289013,"action":"ADD","deltaTime":25,"objectName":"j","objectType":"segment"},{"data":{"x":"7.00000","y":"11.00000"},"time":1576581290455,"action":"ADD","deltaTime":1442,"objectName":"G","objectType":"point"},{"data":{"value":1,"definitionString":"Linjestykke F, G"},"time":1576581290483,"action":"ADD","deltaTime":28,"objectName":"k","objectType":"segment"},{"data":{"x":"7.00000","y":"12.00000"},"time":1576581291722,"action":"ADD","deltaTime":1239,"objectName":"H","objectType":"point"},{"data":{"value":1,"definitionString":"Linjestykke G, H"},"time":1576581291744,"action":"ADD","deltaTime":22,"objectName":"l","objectType":"segment"},{"data":{"x":"8.00000","y":"12.00000"},"time":1576581293774,"action":"ADD","deltaTime":2030,"objectName":"I","objectType":"point"},{"data":{"value":1,"definitionString":"Linjestykke H, I"},"time":1576581293797,"action":"ADD","deltaTime":23,"objectName":"m","objectType":"segment"},{"data":{"x":"8.00000","y":"13.00000"},"time":1576581295326,"action":"ADD","deltaTime":1529,"objectName":"J","objectType":"point"},{"data":{"value":1,"definitionString":"Linjestykke I, J"},"time":1576581295348,"action":"ADD","deltaTime":22,"objectName":"n","objectType":"segment"},{"data":{"x":"9.00000","y":"13.00000"},"time":1576581297265,"action":"ADD","deltaTime":1917,"objectName":"K","objectType":"point"},{"data":{"value":1,"definitionString":"Linjestykke J, K"},"time":1576581297287,"action":"ADD","deltaTime":22,"objectName":"p","objectType":"segment"},{"data":{"x":"9.00000","y":"14.00000"},"time":1576581298765,"action":"ADD","deltaTime":1478,"objectName":"L","objectType":"point"},{"data":{"value":1,"definitionString":"Linjestykke K, L"},"time":1576581298787,"action":"ADD","deltaTime":22,"objectName":"q","objectType":"segment"},{"data":{"x":"13.00000","y":"14.00000"},"time":1576581305400,"action":"ADD","deltaTime":6613,"objectName":"M","objectType":"point"},{"data":{"value":4,"definitionString":"Linjestykke L, M"},"time":1576581305422,"action":"ADD","deltaTime":22,"objectName":"r","objectType":"segment"},{"data":{"x":"13.11338","y":"13.25305"},"time":1576581306798,"action":"ADD","deltaTime":1376,"objectName":"N","objectType":"point"},{"data":{"value":0.7555109836501817,"definitionString":"Linjestykke M, N"},"time":1576581306820,"action":"ADD","deltaTime":22,"objectName":"s","objectType":"segment"},{"data":{"x":"14.00000","y":"13.00000"},"time":1576581308902,"action":"ADD","deltaTime":2082,"objectName":"O","objectType":"point"},{"data":{"value":0.922022664007093,"definitionString":"Linjestykke N, O"},"time":1576581308926,"action":"ADD","deltaTime":24,"objectName":"t","objectType":"segment"},{"data":{"x":"14.00000","y":"12.00000"},"time":1576581311198,"action":"ADD","deltaTime":2272,"objectName":"P","objectType":"point"},{"data":{"value":1,"definitionString":"Linjestykke O, P"},"time":1576581311228,"action":"ADD","deltaTime":30,"objectName":"a","objectType":"segment"},{"data":{"x":"15.12791","y":"12.07060"},"time":1576581312982,"action":"ADD","deltaTime":1754,"objectName":"Q","objectType":"point"},{"data":{"value":1.1301188471671453,"definitionString":"Linjestykke P, Q"},"time":1576581313008,"action":"ADD","deltaTime":26,"objectName":"b","objectType":"segment"},{"data":{"x":"15.00000","y":"11.00000"},"time":1576581315421,"action":"ADD","deltaTime":2413,"objectName":"R","objectType":"point"},{"data":{"value":1.078217215958971,"definitionString":"Linjestykke Q, R"},"time":1576581315446,"action":"ADD","deltaTime":25,"objectName":"c","objectType":"segment"},{"data":{"x":"15.08412","y":"10.14366"},"time":1576581323954,"action":"ADD","deltaTime":8508,"objectName":"T","objectType":"point"},{"data":{"value":0.8604606905628858,"definitionString":"Linjestykke R, T"},"time":1576581323980,"action":"ADD","deltaTime":26,"objectName":"d","objectType":"segment"},{"data":{"x":"15.96000","y":"10.14366"},"time":1576581325086,"action":"ADD","deltaTime":1106,"objectName":"U","objectType":"point"},{"data":{"value":0.8758829028025694,"definitionString":"Linjestykke T, U"},"time":1576581325111,"action":"ADD","deltaTime":25,"objectName":"e","objectType":"segment"},{"data":{"x":"16.00379","y":"9.13640"},"time":1576581327126,"action":"ADD","deltaTime":2015,"objectName":"V","objectType":"point"},{"data":{"value":1.0082169353536767,"definitionString":"Linjestykke U, V"},"time":1576581327152,"action":"ADD","deltaTime":26,"objectName":"f_1","objectType":"segment"},{"data":{"x":"17.18624","y":"8.96122"},"time":1576581328779,"action":"ADD","deltaTime":1627,"objectName":"W","objectType":"point"},{"data":{"value":1.1953475334283343,"definitionString":"Linjestykke V, W"},"time":1576581328804,"action":"ADD","deltaTime":25,"objectName":"g_1","objectType":"segment"},{"data":{"x":"16.00000","y":"8.00000"},"time":1576581337307,"action":"ADD","deltaTime":8503,"objectName":"W","objectType":"point"},{"data":{"value":1.136401745531541,"definitionString":"Linjestykke V, W"},"time":1576581337330,"action":"ADD","deltaTime":23,"objectName":"g_1","objectType":"segment"},{"data":{"x":["10.83609","11.00000"],"y":["7.95395","8.00000"]},"time":1576581352921,"action":"UPDATE","deltaTime":[15591,552],"objectName":"S","objectType":"point"},{"data":{"x":"6.00000","y":"8.00000"},"time":1576581374634,"action":"ADD","deltaTime":21713,"objectName":"A","objectType":"point"},{"data":{"x":"6.00000","y":"9.00000"},"time":1576581376560,"action":"ADD","deltaTime":1926,"objectName":"B","objectType":"point"},{"data":{"value":1,"definitionString":"Linjestykke A, B"},"time":1576581376587,"action":"ADD","deltaTime":27,"objectName":"f","objectType":"segment"},{"data":{"x":"7.00000","y":"9.00000"},"time":1576581379317,"action":"ADD","deltaTime":2730,"objectName":"C","objectType":"point"},{"data":{"value":1,"definitionString":"Linjestykke B, C"},"time":1576581379344,"action":"ADD","deltaTime":27,"objectName":"g","objectType":"segment"},{"data":{"x":"7.00000","y":"10.00000"},"time":1576581380348,"action":"ADD","deltaTime":1004,"objectName":"D","objectType":"point"},{"data":{"x":"8.00000","y":"10.00000"},"time":1576581383840,"action":"ADD","deltaTime":3492,"objectName":"E","objectType":"point"},{"data":{"value":1,"definitionString":"Linjestykke D, E"},"time":1576581383862,"action":"ADD","deltaTime":22,"objectName":"h","objectType":"segment"},{"data":{"x":"16.00000","y":"8.00000"},"time":1576581388005,"action":"ADD","deltaTime":4143,"objectName":"F","objectType":"point"},{"data":{"x":"16.00000","y":"9.00000"},"time":1576581389188,"action":"ADD","deltaTime":1183,"objectName":"G","objectType":"point"},{"data":{"value":1,"definitionString":"Linjestykke F, G"},"time":1576581389211,"action":"ADD","deltaTime":23,"objectName":"i","objectType":"segment"},{"data":{"x":"15.00000","y":"9.00000"},"time":1576581392880,"action":"ADD","deltaTime":3669,"objectName":"H","objectType":"point"},{"data":{"value":1,"definitionString":"Linjestykke G, H"},"time":1576581392905,"action":"ADD","deltaTime":25,"objectName":"j","objectType":"segment"},{"data":{"x":"15.00000","y":"10.00000"},"time":1576581395452,"action":"ADD","deltaTime":2547,"objectName":"I","objectType":"point"},{"data":{"value":1,"definitionString":"Linjestykke H, I"},"time":1576581395473,"action":"ADD","deltaTime":21,"objectName":"k","objectType":"segment"},{"data":{"x":"14.00000","y":"10.00000"},"time":1576581406352,"action":"ADD","deltaTime":10879,"objectName":"J","objectType":"point"},{"data":{"value":1,"definitionString":"Linjestykke I, J"},"time":1576581406380,"action":"ADD","deltaTime":28,"objectName":"l","objectType":"segment"},{"data":{"x":"14.00000","y":"11.00000"},"time":1576581410980,"action":"ADD","deltaTime":4600,"objectName":"K","objectType":"point"},{"data":{"value":1,"definitionString":"Linjestykke J, K"},"time":1576581411009,"action":"ADD","deltaTime":29,"objectName":"m","objectType":"segment"},{"data":{"x":"8.00000","y":"11.00000"},"time":1576581414166,"action":"ADD","deltaTime":3157,"objectName":"L","objectType":"point"},{"data":{"value":1,"definitionString":"Linjestykke E, L"},"time":1576581414190,"action":"ADD","deltaTime":24,"objectName":"n","objectType":"segment"},{"data":{"x":"9.00000","y":"11.00000"},"time":1576581416526,"action":"ADD","deltaTime":2336,"objectName":"M","objectType":"point"},{"data":{"value":1,"definitionString":"Linjestykke L, M"},"time":1576581416554,"action":"ADD","deltaTime":28,"objectName":"p","objectType":"segment"},{"data":{"x":"13.00000","y":"11.00000"},"time":1576581420253,"action":"ADD","deltaTime":3699,"objectName":"N","objectType":"point"},{"data":{"value":1,"definitionString":"Linjestykke K, N"},"time":1576581420276,"action":"ADD","deltaTime":23,"objectName":"q","objectType":"segment"},{"data":{"x":"13.00000","y":"12.00000"},"time":1576581421750,"action":"ADD","deltaTime":1474,"objectName":"O","objectType":"point"},{"data":{"value":1,"definitionString":"Linjestykke N, O"},"time":1576581421774,"action":"ADD","deltaTime":24,"objectName":"r","objectType":"segment"},{"data":{"x":"9.00000","y":"12.00000"},"time":1576581434216,"action":"ADD","deltaTime":12442,"objectName":"P","objectType":"point"},{"data":{"value":1,"definitionString":"Linjestykke M, P"},"time":1576581434239,"action":"ADD","deltaTime":23,"objectName":"s","objectType":"segment"},{"data":{"x":"10.00000","y":"12.00000"},"time":1576581436204,"action":"ADD","deltaTime":1965,"objectName":"Q","objectType":"point"},{"data":{"value":1,"definitionString":"Linjestykke P, Q"},"time":1576581436232,"action":"ADD","deltaTime":28,"objectName":"t","objectType":"segment"},{"data":{"x":"12.00000","y":"12.00000"},"time":1576581438177,"action":"ADD","deltaTime":1945,"objectName":"R","objectType":"point"},{"data":{"value":1,"definitionString":"Linjestykke O, R"},"time":1576581438200,"action":"ADD","deltaTime":23,"objectName":"a","objectType":"segment"},{"data":{"x":"12.00000","y":"13.00000"},"time":1576581439872,"action":"ADD","deltaTime":1672,"objectName":"T","objectType":"point"},{"data":{"value":1,"definitionString":"Linjestykke R, T"},"time":1576581439896,"action":"ADD","deltaTime":24,"objectName":"b","objectType":"segment"},{"data":{"x":"10.00000","y":"13.00000"},"time":1576581444080,"action":"ADD","deltaTime":4184,"objectName":"U","objectType":"point"},{"data":{"value":1,"definitionString":"Linjestykke Q, U"},"time":1576581444106,"action":"ADD","deltaTime":26,"objectName":"c","objectType":"segment"},{"data":{"x":"11.00000","y":"13.00000"},"time":1576581445245,"action":"ADD","deltaTime":1139,"objectName":"V","objectType":"point"},{"data":{"value":1,"definitionString":"Linjestykke U, V"},"time":1576581445270,"action":"ADD","deltaTime":25,"objectName":"d","objectType":"segment"},{"data":{"value":1,"definitionString":"Linjestykke T, V"},"time":1576581447219,"action":"ADD","deltaTime":1949,"objectName":"e","objectType":"segment"},{"data":{"x":"11.00000","y":"3.00000"},"time":1576581455201,"action":"ADD","deltaTime":7982,"objectName":"W","objectType":"point"},{"data":{"x":"10.00000","y":"3.00000"},"time":1576581456661,"action":"ADD","deltaTime":1460,"objectName":"Z","objectType":"point"},{"data":{"value":1,"definitionString":"Linjestykke W, Z"},"time":1576581456687,"action":"ADD","deltaTime":26,"objectName":"f_1","objectType":"segment"},{"data":{"x":"10.00400","y":"3.83730"},"time":1576581458041,"action":"ADD","deltaTime":1354,"objectName":"A_1","objectType":"point"},{"data":{"value":0.8373133863250013,"definitionString":"Linjestykke A_1, Z"},"time":1576581459312,"action":"ADD","deltaTime":1271,"objectName":"g_1","objectType":"segment"},{"data":{"x":"9.00000","y":"4.00000"},"time":1576581462342,"action":"ADD","deltaTime":3030,"objectName":"B_1","objectType":"point"},{"data":{"value":1.0170931917721977,"definitionString":"Linjestykke A_1, B_1"},"time":1576581462368,"action":"ADD","deltaTime":26,"objectName":"h_1","objectType":"segment"},{"data":{"x":"9.00000","y":"5.00000"},"time":1576581464007,"action":"ADD","deltaTime":1639,"objectName":"C_1","objectType":"point"},{"data":{"value":1,"definitionString":"Linjestykke B_1, C_1"},"time":1576581464037,"action":"ADD","deltaTime":30,"objectName":"i_1","objectType":"segment"},{"data":{"x":"12.00000","y":"3.00000"},"time":1576581481148,"action":"ADD","deltaTime":17111,"objectName":"A_1","objectType":"point"},{"data":{"value":1,"definitionString":"Linjestykke W, A_1"},"time":1576581481174,"action":"ADD","deltaTime":26,"objectName":"g_1","objectType":"segment"},{"data":{"x":"12.00000","y":"4.00000"},"time":1576581482923,"action":"ADD","deltaTime":1749,"objectName":"B_1","objectType":"point"},{"data":{"value":1,"definitionString":"Linjestykke A_1, B_1"},"time":1576581482948,"action":"ADD","deltaTime":25,"objectName":"h_1","objectType":"segment"},{"data":{"x":"13.00000","y":"4.00000"},"time":1576581484220,"action":"ADD","deltaTime":1272,"objectName":"C_1","objectType":"point"},{"data":{"value":1,"definitionString":"Linjestykke B_1, C_1"},"time":1576581484248,"action":"ADD","deltaTime":28,"objectName":"i_1","objectType":"segment"},{"data":{"x":"13.00000","y":"5.00000"},"time":1576581485803,"action":"ADD","deltaTime":1555,"objectName":"D_1","objectType":"point"},{"data":{"value":1,"definitionString":"Linjestykke C_1, D_1"},"time":1576581485832,"action":"ADD","deltaTime":29,"objectName":"j_1","objectType":"segment"},{"data":{"x":"14.00000","y":"5.00000"},"time":1576581486965,"action":"ADD","deltaTime":1133,"objectName":"E_1","objectType":"point"},{"data":{"value":1,"definitionString":"Linjestykke D_1, E_1"},"time":1576581486990,"action":"ADD","deltaTime":25,"objectName":"k_1","objectType":"segment"},{"data":{"x":"14.00000","y":"6.00000"},"time":1576581488182,"action":"ADD","deltaTime":1192,"objectName":"F_1","objectType":"point"},{"data":{"value":1,"definitionString":"Linjestykke E_1, F_1"},"time":1576581488208,"action":"ADD","deltaTime":26,"objectName":"l_1","objectType":"segment"},{"data":{"x":"14.82135","y":"5.93942"},"time":1576581489619,"action":"ADD","deltaTime":1411,"objectName":"G_1","objectType":"point"},{"data":{"value":0.8235830866579198,"definitionString":"Linjestykke F_1, G_1"},"time":1576581489645,"action":"ADD","deltaTime":26,"objectName":"m_1","objectType":"segment"},{"data":{"x":"16.00000","y":"7.00000"},"time":1576581491999,"action":"ADD","deltaTime":2354,"objectName":"H_1","objectType":"point"},{"data":{"value":1,"definitionString":"Linjestykke H_1, F"},"time":1576581493626,"action":"ADD","deltaTime":1627,"objectName":"n_1","objectType":"segment"},{"data":{"x":"16.00000","y":"8.00000"},"time":1576581493904,"action":"UPDATE","deltaTime":278,"objectName":"F","objectType":"point"},{"data":{"x":"16.00000","y":"6.00000"},"time":1576581494899,"action":"ADD","deltaTime":995,"objectName":"I_1","objectType":"point"},{"data":{"value":1,"definitionString":"Linjestykke I_1, H_1"},"time":1576581495588,"action":"ADD","deltaTime":689,"objectName":"p_1","objectType":"segment"},{"data":{"value":1.1802034284747598,"definitionString":"Linjestykke I_1, G_1"},"time":1576581496978,"action":"ADD","deltaTime":1390,"objectName":"q_1","objectType":"segment"},{"data":{"x":"10.00000","y":"4.00000"},"time":1576581503754,"action":"ADD","deltaTime":6776,"objectName":"J_1","objectType":"point"},{"data":{"value":1,"definitionString":"Linjestykke Z, J_1"},"time":1576581503783,"action":"ADD","deltaTime":29,"objectName":"r_1","objectType":"segment"},{"data":{"x":"9.12811","y":"3.96869"},"time":1576581507729,"action":"ADD","deltaTime":3946,"objectName":"K_1","objectType":"point"},{"data":{"value":0.8724487593529113,"definitionString":"Linjestykke J_1, K_1"},"time":1576581507756,"action":"ADD","deltaTime":27,"objectName":"s_1","objectType":"segment"},{"data":{"x":"9.00000","y":"5.00000"},"time":1576581511464,"action":"ADD","deltaTime":3708,"objectName":"L_1","objectType":"point"},{"data":{"value":1.0392405953776251,"definitionString":"Linjestykke K_1, L_1"},"time":1576581511492,"action":"ADD","deltaTime":28,"objectName":"t_1","objectType":"segment"},{"data":{"x":"8.00000","y":"5.00000"},"time":1576581514097,"action":"ADD","deltaTime":2605,"objectName":"M_1","objectType":"point"},{"data":{"value":1,"definitionString":"Linjestykke L_1, M_1"},"time":1576581514126,"action":"ADD","deltaTime":29,"objectName":"a_1","objectType":"segment"},{"data":{"x":"8.00000","y":"6.00000"},"time":1576581515745,"action":"ADD","deltaTime":1619,"objectName":"N_1","objectType":"point"},{"data":{"value":1,"definitionString":"Linjestykke M_1, N_1"},"time":1576581515776,"action":"ADD","deltaTime":31,"objectName":"b_1","objectType":"segment"},{"data":{"x":"7.00000","y":"6.00000"},"time":1576581517227,"action":"ADD","deltaTime":1451,"objectName":"O_1","objectType":"point"},{"data":{"value":1,"definitionString":"Linjestykke N_1, O_1"},"time":1576581517269,"action":"ADD","deltaTime":42,"objectName":"c_1","objectType":"segment"},{"data":{"x":"7.00000","y":"7.00000"},"time":1576581519184,"action":"ADD","deltaTime":1915,"objectName":"P_1","objectType":"point"},{"data":{"value":1,"definitionString":"Linjestykke O_1, P_1"},"time":1576581519212,"action":"ADD","deltaTime":28,"objectName":"d_1","objectType":"segment"},{"data":{"x":"6.00000","y":"7.00000"},"time":1576581520882,"action":"ADD","deltaTime":1670,"objectName":"Q_1","objectType":"point"},{"data":{"value":1,"definitionString":"Linjestykke P_1, Q_1"},"time":1576581520909,"action":"ADD","deltaTime":27,"objectName":"e_1","objectType":"segment"},{"data":{"value":1,"definitionString":"Linjestykke Q_1, A"},"time":1576581522154,"action":"ADD","deltaTime":1245,"objectName":"f_2","objectType":"segment"},{"data":{"x":"6.00000","y":"8.00000"},"time":1576581522437,"action":"UPDATE","deltaTime":283,"objectName":"A","objectType":"point"},{"data":{"x":"11.97473","y":"2.83004"},"time":1576581541656,"action":"ADD","deltaTime":19219,"objectName":"A_1","objectType":"point"},{"data":{"x":"12.00000","y":"4.00000"},"time":1576581544686,"action":"ADD","deltaTime":3030,"objectName":"B_1","objectType":"point"},{"data":{"value":1.1702342994739514,"definitionString":"Linjestykke A_1, B_1"},"time":1576581544711,"action":"ADD","deltaTime":25,"objectName":"g_1","objectType":"segment"},{"data":{"value":0.989439717410568,"definitionString":"Linjestykke W, A_1"},"time":1576581548215,"action":"ADD","deltaTime":3504,"objectName":"h_1","objectType":"segment"},{"data":{"x":"12.00000","y":"3.00000"},"time":1576581553827,"action":"ADD","deltaTime":5612,"objectName":"A_1","objectType":"point"},{"data":{"value":1,"definitionString":"Linjestykke W, A_1"},"time":1576581553856,"action":"ADD","deltaTime":29,"objectName":"g_1","objectType":"segment"},{"data":{"x":"12.00000","y":"4.00000"},"time":1576581555104,"action":"ADD","deltaTime":1248,"objectName":"B_1","objectType":"point"},{"data":{"value":1,"definitionString":"Linjestykke A_1, B_1"},"time":1576581555136,"action":"ADD","deltaTime":32,"objectName":"h_1","objectType":"segment"},{"data":{"x":"13.00000","y":"4.00000"},"time":1576581558211,"action":"ADD","deltaTime":3075,"objectName":"C_1","objectType":"point"},{"data":{"value":1,"definitionString":"Linjestykke B_1, C_1"},"time":1576581558237,"action":"ADD","deltaTime":26,"objectName":"i_1","objectType":"segment"},{"data":{"x":"13.00000","y":"5.00000"},"time":1576581560153,"action":"ADD","deltaTime":1916,"objectName":"D_1","objectType":"point"},{"data":{"value":1,"definitionString":"Linjestykke C_1, D_1"},"time":1576581560178,"action":"ADD","deltaTime":25,"objectName":"j_1","objectType":"segment"},{"data":{"x":"14.00000","y":"5.00000"},"time":1576581562077,"action":"ADD","deltaTime":1899,"objectName":"E_1","objectType":"point"},{"data":{"value":1,"definitionString":"Linjestykke D_1, E_1"},"time":1576581562113,"action":"ADD","deltaTime":36,"objectName":"k_1","objectType":"segment"},{"data":{"x":"14.00000","y":"6.00000"},"time":1576581563208,"action":"ADD","deltaTime":1095,"objectName":"F_1","objectType":"point"},{"data":{"value":1,"definitionString":"Linjestykke E_1, F_1"},"time":1576581563234,"action":"ADD","deltaTime":26,"objectName":"l_1","objectType":"segment"},{"data":{"x":"15.00000","y":"6.00000"},"time":1576581564331,"action":"ADD","deltaTime":1097,"objectName":"G_1","objectType":"point"},{"data":{"value":1,"definitionString":"Linjestykke F_1, G_1"},"time":1576581564357,"action":"ADD","deltaTime":26,"objectName":"m_1","objectType":"segment"},{"data":{"x":"16.00000","y":"7.00000"},"time":1576581583396,"action":"ADD","deltaTime":19039,"objectName":"H_1","objectType":"point"},{"data":{"value":1,"definitionString":"Linjestykke H_1, F"},"time":1576581584329,"action":"ADD","deltaTime":933,"objectName":"n_1","objectType":"segment"},{"data":{"x":"16.00000","y":"8.00000"},"time":1576581584618,"action":"UPDATE","deltaTime":289,"objectName":"F","objectType":"point"},{"data":{"x":"15.00000","y":"7.00000"},"time":1576581586069,"action":"ADD","deltaTime":1451,"objectName":"I_1","objectType":"point"},{"data":{"value":1,"definitionString":"Linjestykke G_1, I_1"},"time":1576581586099,"action":"ADD","deltaTime":30,"objectName":"p_1","objectType":"segment"},{"data":{"value":1,"definitionString":"Linjestykke I_1, H_1"},"time":1576581587110,"action":"ADD","deltaTime":1011,"objectName":"q_1","objectType":"segment"},{"data":{"x":"10.00000","y":"4.00000"},"time":1576581595909,"action":"ADD","deltaTime":8799,"objectName":"J_1","objectType":"point"},{"data":{"value":1,"definitionString":"Linjestykke Z, J_1"},"time":1576581595938,"action":"ADD","deltaTime":29,"objectName":"r_1","objectType":"segment"},{"data":{"x":"9.00000","y":"4.00000"},"time":1576581598968,"action":"ADD","deltaTime":3030,"objectName":"K_1","objectType":"point"},{"data":{"value":1,"definitionString":"Linjestykke J_1, K_1"},"time":1576581599001,"action":"ADD","deltaTime":33,"objectName":"s_1","objectType":"segment"},{"data":{"x":"9.00000","y":"5.00000"},"time":1576581600225,"action":"ADD","deltaTime":1224,"objectName":"L_1","objectType":"point"},{"data":{"value":1,"definitionString":"Linjestykke K_1, L_1"},"time":1576581600253,"action":"ADD","deltaTime":28,"objectName":"t_1","objectType":"segment"},{"data":{"x":"8.00000","y":"5.00000"},"time":1576581601321,"action":"ADD","deltaTime":1068,"objectName":"M_1","objectType":"point"},{"data":{"value":1,"definitionString":"Linjestykke L_1, M_1"},"time":1576581601350,"action":"ADD","deltaTime":29,"objectName":"a_1","objectType":"segment"},{"data":{"x":"6.00000","y":"7.00000"},"time":1576581603058,"action":"ADD","deltaTime":1708,"objectName":"N_1","objectType":"point"},{"data":{"value":1,"definitionString":"Linjestykke A, N_1"},"time":1576581603086,"action":"ADD","deltaTime":28,"objectName":"b_1","objectType":"segment"},{"data":{"x":"7.00000","y":"7.00000"},"time":1576581604559,"action":"ADD","deltaTime":1473,"objectName":"O_1","objectType":"point"},{"data":{"value":1,"definitionString":"Linjestykke N_1, O_1"},"time":1576581604590,"action":"ADD","deltaTime":31,"objectName":"c_1","objectType":"segment"},{"data":{"x":"7.00000","y":"6.00000"},"time":1576581605970,"action":"ADD","deltaTime":1380,"objectName":"P_1","objectType":"point"},{"data":{"value":1,"definitionString":"Linjestykke O_1, P_1"},"time":1576581606000,"action":"ADD","deltaTime":30,"objectName":"d_1","objectType":"segment"},{"data":{"x":"8.00000","y":"6.00000"},"time":1576581607225,"action":"ADD","deltaTime":1225,"objectName":"Q_1","objectType":"point"},{"data":{"value":1,"definitionString":"Linjestykke P_1, Q_1"},"time":1576581607255,"action":"ADD","deltaTime":30,"objectName":"e_1","objectType":"segment"},{"data":{"value":1,"definitionString":"Linjestykke Q_1, M_1"},"time":1576581608802,"action":"ADD","deltaTime":1547,"objectName":"f_2","objectType":"segment"},{"data":{"value":1,"definitionString":"Linjestykke C, D"},"time":1576581618096,"action":"ADD","deltaTime":9294,"objectName":"g_2","objectType":"segment"},{"data":{"x":"7.00000","y":"10.00000"},"time":1576581618378,"action":"UPDATE","deltaTime":282,"objectName":"D","objectType":"point"}]