[{"data":{"value":3.1622776601683795,"definitionString":"Linjestykke A, B"},"time":1576581825063,"action":"ADD","deltaTime":null,"objectName":"f","objectType":"segment"},{"data":{"x":"7.00000","y":"8.00000"},"time":1576581847373,"action":"ADD","deltaTime":22310,"objectName":"C","objectType":"point"},{"data":{"value":3.1622776601683795,"definitionString":"Linjestykke A, C"},"time":1576581850886,"action":"ADD","deltaTime":3513,"objectName":"g","objectType":"segment"},{"data":{"value":2.8284271247461903,"definitionString":"Linjestykke B, C"},"time":1576581852754,"action":"ADD","deltaTime":1868,"objectName":"h","objectType":"segment"},{"data":{"x":"4.00000","y":"7.00000"},"time":1576581905437,"action":"ADD","deltaTime":52683,"objectName":"C","objectType":"point"},{"data":{"value":2,"definitionString":"Linjestykke A, C"},"time":1576581905488,"action":"ADD","deltaTime":51,"objectName":"f","objectType":"segment"},{"data":{"x":"5.00000","y":"7.00000"},"time":1576581906864,"action":"ADD","deltaTime":1376,"objectName":"D","objectType":"point"},{"data":{"value":1,"definitionString":"Linjestykke C, D"},"time":1576581906903,"action":"ADD","deltaTime":39,"objectName":"g","objectType":"segment"},{"data":{"value":1,"definitionString":"Linjestykke D, B"},"time":1576581907755,"action":"ADD","deltaTime":852,"objectName":"h","objectType":"segment"},{"data":{"x":"6.85455","y":"8.99636"},"time":1576581916546,"action":"ADD","deltaTime":8791,"objectName":"E","objectType":"point"},{"data":{"value":2.8545477706996785,"definitionString":"Linjestykke A, E"},"time":1576581916597,"action":"ADD","deltaTime":51,"objectName":"i","objectType":"segment"},{"data":{"x":"7.00000","y":"9.00000"},"time":1576581926547,"action":"ADD","deltaTime":9950,"objectName":"E","objectType":"point"},{"data":{"value":3,"definitionString":"Linjestykke E, A"},"time":1576581928115,"action":"ADD","deltaTime":1568,"objectName":"i","objectType":"segment"},{"data":{"x":"7.00000","y":"6.00000"},"time":1576581930281,"action":"ADD","deltaTime":2166,"objectName":"F","objectType":"point"},{"data":{"value":3,"definitionString":"Linjestykke E, F"},"time":1576581930317,"action":"ADD","deltaTime":36,"objectName":"j","objectType":"segment"},{"data":{"value":2,"definitionString":"Linjestykke F, B"},"time":1576581931124,"action":"ADD","deltaTime":807,"objectName":"k","objectType":"segment"},{"data":{"value":3.1622776601683795,"definitionString":"Linjestykke A, B"},"time":1576581940187,"action":"ADD","deltaTime":9063,"objectName":"f","objectType":"segment"},{"data":{"x":"7.09455","y":"8.33636"},"time":1576581944011,"action":"ADD","deltaTime":3824,"objectName":"C","objectType":"point"},{"data":{"value":3.1377883457109275,"definitionString":"Linjestykke B, C"},"time":1576581944048,"action":"ADD","deltaTime":37,"objectName":"g","objectType":"segment"},{"data":{"value":3.1649051792096867,"definitionString":"Linjestykke C, A"},"time":1576581946055,"action":"ADD","deltaTime":2007,"objectName":"h","objectType":"segment"}]