[{"data":{"x":"9.82255","y":"11.39436"},"time":1576581995131,"action":"ADD","deltaTime":null,"objectName":"C","objectType":"point"},{"data":{"value":null,"definitionString":"Linje A, C"},"time":1576581995180,"action":"ADD","deltaTime":49,"objectName":"f","objectType":"line"},{"data":{"value":2.8284271247461903,"definitionString":"Linjestykke A, B"},"time":1576581999467,"action":"ADD","deltaTime":4287,"objectName":"f","objectType":"segment"},{"data":{"value":null,"definitionString":"Midtnormal AB"},"time":1576582002717,"action":"ADD","deltaTime":3250,"objectName":"g","objectType":"line"},{"data":{"x":"5.00000","y":"10.00000"},"time":1576582010357,"action":"ADD","deltaTime":7640,"objectName":"C","objectType":"point"},{"data":{"x":"5.00000","y":"10.00000","definitionString":"Punkt på g"},"time":1576582018496,"action":"ADD","deltaTime":8139,"objectName":"C","objectType":"point"},{"data":{"value":3.1622776601683795,"definitionString":"Linjestykke B, C"},"time":1576582018535,"action":"ADD","deltaTime":39,"objectName":"h","objectType":"segment"},{"data":{"value":3.1622776601683795,"definitionString":"Linjestykke C, A"},"time":1576582022025,"action":"ADD","deltaTime":3490,"objectName":"i","objectType":"segment"}]