[{"data":{"x":["6.00000","8.15339","8.00000","11.00000","12.00000"],"y":["8.00000","7.95336","8.00000","8.00000","8.00000"]},"time":1576580868182,"action":"UPDATE","deltaTime":[null,17735,18096,21408,22750],"objectName":"S","objectType":"point"},{"data":{"x":"6.00000","y":"8.00000"},"time":1576580899135,"action":"ADD","deltaTime":30953,"objectName":"A","objectType":"point"},{"data":{"value":6,"definitionString":"Linjestykke S, A"},"time":1576580899181,"action":"ADD","deltaTime":46,"objectName":"f","objectType":"segment"},{"data":{"x":"18.00000","y":"8.00000"},"time":1576580904584,"action":"ADD","deltaTime":5403,"objectName":"B","objectType":"point"},{"data":{"value":6,"definitionString":"Linjestykke S, B"},"time":1576580904616,"action":"ADD","deltaTime":32,"objectName":"g","objectType":"segment"},{"data":{"x":"7.00000","y":"8.00000","definitionString":"Punkt på f"},"time":1576580960874,"action":"ADD","deltaTime":56258,"objectName":"C","objectType":"point"},{"data":{"value":1,"definitionString":"Linjestykke A, C"},"time":1576580960907,"action":"ADD","deltaTime":33,"objectName":"h","objectType":"segment"},{"data":{"x":"7.00000","y":"9.00000"},"time":1576580962129,"action":"ADD","deltaTime":1222,"objectName":"D","objectType":"point"},{"data":{"value":1,"definitionString":"Linjestykke D, C"},"time":1576580964467,"action":"ADD","deltaTime":2338,"objectName":"i","objectType":"segment"},{"data":{"x":"12.00000","y":"2.00000"},"time":1576581042803,"action":"ADD","deltaTime":78336,"objectName":"C","objectType":"point"},{"data":{"value":6,"definitionString":"Linjestykke S, C"},"time":1576581042861,"action":"ADD","deltaTime":58,"objectName":"h","objectType":"segment"},{"data":{"x":"12.00000","y":"14.00000"},"time":1576581062643,"action":"ADD","deltaTime":19782,"objectName":"D","objectType":"point"},{"data":{"value":6,"definitionString":"Linjestykke S, D"},"time":1576581062674,"action":"ADD","deltaTime":31,"objectName":"i","objectType":"segment"},{"data":{"x":"6.09612","y":"8.76278"},"time":1576581091133,"action":"ADD","deltaTime":28459,"objectName":"E","objectType":"point"},{"data":{"x":"6.36592","y":"9.53847"},"time":1576581091952,"action":"ADD","deltaTime":819,"objectName":"F","objectType":"point"},{"data":{"x":"6.73691","y":"10.21299"},"time":1576581093016,"action":"ADD","deltaTime":1064,"objectName":"G","objectType":"point"},{"data":{"x":"11.00000","y":"14.00000"},"time":1576581102002,"action":"ADD","deltaTime":8986,"objectName":"E","objectType":"point"},{"data":{"x":"10.00000","y":"13.00000"},"time":1576581102913,"action":"ADD","deltaTime":911,"objectName":"F","objectType":"point"},{"data":{"x":"10.00000","y":"14.00000"},"time":1576581109585,"action":"ADD","deltaTime":6672,"objectName":"E","objectType":"point"},{"data":{"x":"9.00000","y":"14.00000"},"time":1576581114293,"action":"ADD","deltaTime":4708,"objectName":"F","objectType":"point"},{"data":{"x":"6.00000","y":"9.00000"},"time":1576581121267,"action":"ADD","deltaTime":6974,"objectName":"E","objectType":"point"},{"data":{"x":"11.00000","y":"14.00000"},"time":1576581122683,"action":"ADD","deltaTime":1416,"objectName":"F","objectType":"point"},{"data":{"x":"7.04044","y":"10.21299"},"time":1576581125376,"action":"ADD","deltaTime":2693,"objectName":"G","objectType":"point"},{"data":{"x":"9.00000","y":"13.00000"},"time":1576581126963,"action":"ADD","deltaTime":1587,"objectName":"H","objectType":"point"},{"data":{"x":"9.00000","y":"11.00000"},"time":1576581127268,"action":"ADD","deltaTime":305,"objectName":"I","objectType":"point"},{"data":{"x":"9.87340","y":"10.31417"},"time":1576581127890,"action":"ADD","deltaTime":622,"objectName":"J","objectType":"point"},{"data":{"x":"6.00000","y":"9.00000"},"time":1576581145716,"action":"ADD","deltaTime":17826,"objectName":"E","objectType":"point"},{"data":{"value":6.0827625302982185,"definitionString":"Linjestykke S, E"},"time":1576581145746,"action":"ADD","deltaTime":30,"objectName":"j","objectType":"segment"},{"data":{"x":"6.12984","y":"10.04436"},"time":1576581195827,"action":"ADD","deltaTime":50081,"objectName":"F","objectType":"point"},{"data":{"value":6.215958894388945,"definitionString":"Linjestykke F, S"},"time":1576581198984,"action":"ADD","deltaTime":3157,"objectName":"k","objectType":"segment"},{"data":{"x":"12.00000","y":"8.00000"},"time":1576581199265,"action":"UPDATE","deltaTime":281,"objectName":"S","objectType":"point"},{"data":{"x":"6.00000","y":"11.00000"},"time":1576581207456,"action":"ADD","deltaTime":8191,"objectName":"G","objectType":"point"},{"data":{"x":"6.00000","y":"14.00000"},"time":1576581215382,"action":"ADD","deltaTime":7926,"objectName":"G","objectType":"point"},{"data":{"value":8.485281374238571,"definitionString":"Linjestykke S, G"},"time":1576581215453,"action":"ADD","deltaTime":71,"objectName":"l","objectType":"segment"},{"data":{"x":"12.00000","y":"8.00000"},"time":1576581247730,"action":"UPDATE","deltaTime":32277,"objectName":"S","objectType":"point"},{"data":{"x":"7.00000","y":"4.00000"},"time":1576581286059,"action":"ADD","deltaTime":38329,"objectName":"E","objectType":"point"},{"data":{"value":6.4031242374328485,"definitionString":"Linjestykke S, E"},"time":1576581286096,"action":"ADD","deltaTime":37,"objectName":"j","objectType":"segment"},{"data":{"x":"5.00000","y":"7.00000"},"time":1576581315840,"action":"ADD","deltaTime":29744,"objectName":"E","objectType":"point"},{"data":{"value":7.0710678118654755,"definitionString":"Linjestykke S, E"},"time":1576581315913,"action":"ADD","deltaTime":73,"objectName":"j","objectType":"segment"},{"data":{"x":"4.00000","y":"6.00000"},"time":1576581321433,"action":"ADD","deltaTime":5520,"objectName":"F","objectType":"point"},{"data":{"value":8.246211251235321,"definitionString":"Linjestykke S, F"},"time":1576581321476,"action":"ADD","deltaTime":43,"objectName":"k","objectType":"segment"},{"data":{"x":"4.00000","y":"5.00000"},"time":1576581324837,"action":"ADD","deltaTime":3361,"objectName":"G","objectType":"point"},{"data":{"value":8.54400374531753,"definitionString":"Linjestykke S, G"},"time":1576581324876,"action":"ADD","deltaTime":39,"objectName":"l","objectType":"segment"},{"data":{"x":"4.00000","y":"4.00000"},"time":1576581328582,"action":"ADD","deltaTime":3706,"objectName":"H","objectType":"point"},{"data":{"value":8.94427190999916,"definitionString":"Linjestykke S, H"},"time":1576581328628,"action":"ADD","deltaTime":46,"objectName":"m","objectType":"segment"},{"data":{"x":"3.00000","y":"5.00000"},"time":1576581344100,"action":"ADD","deltaTime":15472,"objectName":"G","objectType":"point"},{"data":{"value":9.486832980505138,"definitionString":"Linjestykke S, G"},"time":1576581344128,"action":"ADD","deltaTime":28,"objectName":"l","objectType":"segment"},{"data":{"x":"11.00000","y":"2.00000"},"time":1576581359906,"action":"ADD","deltaTime":15778,"objectName":"E","objectType":"point"},{"data":{"value":6.0827625302982185,"definitionString":"Linjestykke S, E"},"time":1576581359934,"action":"ADD","deltaTime":28,"objectName":"j","objectType":"segment"},{"data":{"x":"13.00000","y":"2.00000"},"time":1576581368506,"action":"ADD","deltaTime":8572,"objectName":"F","objectType":"point"},{"data":{"value":6.0827625302982185,"definitionString":"Linjestykke S, F"},"time":1576581368534,"action":"ADD","deltaTime":28,"objectName":"k","objectType":"segment"},{"data":{"x":"13.95422","y":"2.35488"},"time":1576581383685,"action":"ADD","deltaTime":15151,"objectName":"G","objectType":"point"},{"data":{"value":5.973802952544466,"definitionString":"Linjestykke S, G"},"time":1576581383710,"action":"ADD","deltaTime":25,"objectName":"l","objectType":"segment"},{"data":{"x":"6.12984","y":"13.95655"},"time":1576581576935,"action":"ADD","deltaTime":193225,"objectName":"E","objectType":"point"},{"data":{"x":"11.00000","y":"8.00000","definitionString":"Punkt på f"},"time":1576581598691,"action":"ADD","deltaTime":21756,"objectName":"E","objectType":"point"},{"data":{"value":1,"definitionString":"Linjestykke S, E"},"time":1576581598739,"action":"ADD","deltaTime":48,"objectName":"j","objectType":"segment"},{"data":{"x":"11.00000","y":"9.00000"},"time":1576581599521,"action":"ADD","deltaTime":782,"objectName":"F","objectType":"point"},{"data":{"value":1,"definitionString":"Linjestykke F, E"},"time":1576581602336,"action":"ADD","deltaTime":2815,"objectName":"k","objectType":"segment"},{"data":{"x":"10.00000","y":"9.00000"},"time":1576581604948,"action":"ADD","deltaTime":2612,"objectName":"G","objectType":"point"},{"data":{"x":"10.00000","y":"10.00000"},"time":1576581605880,"action":"ADD","deltaTime":932,"objectName":"H","objectType":"point"},{"data":{"value":1,"definitionString":"Linjestykke G, H"},"time":1576581605923,"action":"ADD","deltaTime":43,"objectName":"l","objectType":"segment"},{"data":{"x":"9.00000","y":"10.00000"},"time":1576581606843,"action":"ADD","deltaTime":920,"objectName":"I","objectType":"point"},{"data":{"x":"9.00000","y":"11.00000"},"time":1576581607781,"action":"ADD","deltaTime":938,"objectName":"J","objectType":"point"},{"data":{"value":1,"definitionString":"Linjestykke I, J"},"time":1576581607811,"action":"ADD","deltaTime":30,"objectName":"m","objectType":"segment"},{"data":{"value":1,"definitionString":"Linjestykke G, F"},"time":1576581610020,"action":"ADD","deltaTime":2209,"objectName":"n","objectType":"segment"},{"data":{"x":"12.00000","y":"9.00000","definitionString":"Punkt på i"},"time":1576581618602,"action":"ADD","deltaTime":8582,"objectName":"K","objectType":"point"},{"data":{"value":1,"definitionString":"Linjestykke K, F"},"time":1576581619345,"action":"ADD","deltaTime":743,"objectName":"p","objectType":"segment"},{"data":{"x":"11.00000","y":"10.00000"},"time":1576581620229,"action":"ADD","deltaTime":884,"objectName":"L","objectType":"point"},{"data":{"value":1,"definitionString":"Linjestykke L, H"},"time":1576581620868,"action":"ADD","deltaTime":639,"objectName":"q","objectType":"segment"},{"data":{"x":"10.00000","y":"11.00000"},"time":1576581621567,"action":"ADD","deltaTime":699,"objectName":"M","objectType":"point"},{"data":{"value":1,"definitionString":"Linjestykke M, H"},"time":1576581622637,"action":"ADD","deltaTime":1070,"objectName":"r","objectType":"segment"},{"data":{"value":1,"definitionString":"Linjestykke I, H"},"time":1576581624420,"action":"ADD","deltaTime":1783,"objectName":"s","objectType":"segment"},{"data":{"value":1,"definitionString":"Linjestykke J, M"},"time":1576581626132,"action":"ADD","deltaTime":1712,"objectName":"t","objectType":"segment"},{"data":{"x":"12.84127","y":"8.00000","definitionString":"Punkt på g"},"time":1576581631644,"action":"ADD","deltaTime":5512,"objectName":"N","objectType":"point"},{"data":{"x":"13.00000","y":"9.00000"},"time":1576581634570,"action":"ADD","deltaTime":2926,"objectName":"O","objectType":"point"},{"data":{"value":1.0125190518662486,"definitionString":"Linjestykke N, O"},"time":1576581634608,"action":"ADD","deltaTime":38,"objectName":"a","objectType":"segment"},{"data":{"x":"13.00000","y":"8.00000","definitionString":"Punkt på g"},"time":1576581637832,"action":"ADD","deltaTime":3224,"objectName":"N","objectType":"point"},{"data":{"x":"13.00000","y":"9.00000"},"time":1576581639086,"action":"ADD","deltaTime":1254,"objectName":"O","objectType":"point"},{"data":{"value":1,"definitionString":"Linjestykke N, O"},"time":1576581639119,"action":"ADD","deltaTime":33,"objectName":"a","objectType":"segment"},{"data":{"x":"14.00000","y":"9.00000"},"time":1576581643331,"action":"ADD","deltaTime":4212,"objectName":"P","objectType":"point"},{"data":{"value":2,"definitionString":"Linjestykke K, P"},"time":1576581643369,"action":"ADD","deltaTime":38,"objectName":"b","objectType":"segment"},{"data":{"x":"14.00000","y":"8.00000","definitionString":"Punkt på g"},"time":1576581644719,"action":"ADD","deltaTime":1350,"objectName":"Q","objectType":"point"},{"data":{"value":1,"definitionString":"Linjestykke Q, N"},"time":1576581645831,"action":"ADD","deltaTime":1112,"objectName":"c","objectType":"segment"},{"data":{"value":1,"definitionString":"Linjestykke P, Q"},"time":1576581648324,"action":"ADD","deltaTime":2493,"objectName":"d","objectType":"segment"},{"data":{"value":1,"definitionString":"Linjestykke O, K"},"time":1576581656752,"action":"ADD","deltaTime":8428,"objectName":"b","objectType":"segment"},{"data":{"value":1,"definitionString":"Linjestykke F, L"},"time":1576581661533,"action":"ADD","deltaTime":4781,"objectName":"c","objectType":"segment"},{"data":{"x":"11.00000","y":"10.00000"},"time":1576581661815,"action":"UPDATE","deltaTime":282,"objectName":"L","objectType":"point"},{"data":{"x":"13.00000","y":"10.00000"},"time":1576581663935,"action":"ADD","deltaTime":2120,"objectName":"P","objectType":"point"},{"data":{"value":1,"definitionString":"Linjestykke O, P"},"time":1576581663976,"action":"ADD","deltaTime":41,"objectName":"d","objectType":"segment"},{"data":{"x":"14.00000","y":"10.00000"},"time":1576581667079,"action":"ADD","deltaTime":3103,"objectName":"Q","objectType":"point"},{"data":{"value":1,"definitionString":"Linjestykke P, Q"},"time":1576581667104,"action":"ADD","deltaTime":25,"objectName":"e","objectType":"segment"},{"data":{"x":"14.00000","y":"9.00000"},"time":1576581670938,"action":"ADD","deltaTime":3834,"objectName":"R","objectType":"point"},{"data":{"value":1,"definitionString":"Linjestykke Q, R"},"time":1576581670967,"action":"ADD","deltaTime":29,"objectName":"f_1","objectType":"segment"},{"data":{"value":1,"definitionString":"Linjestykke O, R"},"time":1576581672689,"action":"ADD","deltaTime":1722,"objectName":"g_1","objectType":"segment"},{"data":{"x":"14.00000","y":"11.00000"},"time":1576581676559,"action":"ADD","deltaTime":3870,"objectName":"T","objectType":"point"},{"data":{"value":1,"definitionString":"Linjestykke Q, T"},"time":1576581676602,"action":"ADD","deltaTime":43,"objectName":"h_1","objectType":"segment"},{"data":{"x":"15.00000","y":"11.00000"},"time":1576581680631,"action":"ADD","deltaTime":4029,"objectName":"U","objectType":"point"},{"data":{"value":1,"definitionString":"Linjestykke T, U"},"time":1576581680680,"action":"ADD","deltaTime":49,"objectName":"i_1","objectType":"segment"},{"data":{"x":"15.00000","y":"10.00000"},"time":1576581683041,"action":"ADD","deltaTime":2361,"objectName":"V","objectType":"point"},{"data":{"value":1,"definitionString":"Linjestykke U, V"},"time":1576581683084,"action":"ADD","deltaTime":43,"objectName":"j_1","objectType":"segment"},{"data":{"value":1,"definitionString":"Linjestykke V, Q"},"time":1576581685185,"action":"ADD","deltaTime":2101,"objectName":"k_1","objectType":"segment"},{"data":{"x":"18.00000","y":"13.00000"},"time":1576581722199,"action":"ADD","deltaTime":37014,"objectName":"E","objectType":"point"}]