[{"data":{"x":"12.00000","y":"8.00000"},"time":1576581097698,"action":"ADD","deltaTime":null,"objectName":"A","objectType":"point"},{"data":{"x":"7.91731","y":"7.81846"},"time":1576581130045,"action":"ADD","deltaTime":32347,"objectName":"B","objectType":"point"},{"data":{"value":4.086725340839786,"definitionString":"Linjestykke A, B"},"time":1576581130093,"action":"ADD","deltaTime":48,"objectName":"f","objectType":"segment"},{"data":{"x":"12.00000","y":"8.00000"},"time":1576581152398,"action":"ADD","deltaTime":22305,"objectName":"A","objectType":"point"},{"data":{"value":6,"definitionString":"Linjestykke S, A"},"time":1576581152451,"action":"ADD","deltaTime":53,"objectName":"f","objectType":"segment"},{"data":{"x":"0.00000","y":"8.00000","definitionString":"Punkt på yAkse"},"time":1576581160474,"action":"ADD","deltaTime":8023,"objectName":"A","objectType":"point"},{"data":{"x":"12.00000","y":"8.00000"},"time":1576581167329,"action":"ADD","deltaTime":6855,"objectName":"B","objectType":"point"},{"data":{"x":"6.00000","y":"14.00000"},"time":1576581173118,"action":"ADD","deltaTime":5789,"objectName":"C","objectType":"point"},{"data":{"x":"6.00000","y":"2.00000"},"time":1576581176369,"action":"ADD","deltaTime":3251,"objectName":"D","objectType":"point"},{"data":{"value":8.485281374238571,"definitionString":"Linjestykke C, B"},"time":1576581212428,"action":"ADD","deltaTime":36059,"objectName":"f","objectType":"segment"},{"data":{"value":8.485281374238571,"definitionString":"Linjestykke B, D"},"time":1576581214135,"action":"ADD","deltaTime":1707,"objectName":"g","objectType":"segment"},{"data":{"value":8.485281374238571,"definitionString":"Linjestykke D, A"},"time":1576581216070,"action":"ADD","deltaTime":1935,"objectName":"h","objectType":"segment"},{"data":{"value":8.485281374238571,"definitionString":"Linjestykke A, C"},"time":1576581218506,"action":"ADD","deltaTime":2436,"objectName":"i","objectType":"segment"}]