[{"data":{"value":3.1622776601683795,"definitionString":"Linjestykke A, B"},"time":1576581508363,"action":"ADD","deltaTime":null,"objectName":"f","objectType":"segment"},{"data":{"value":null,"definitionString":"Midtnormal AB"},"time":1576581512002,"action":"ADD","deltaTime":3639,"objectName":"g","objectType":"line"},{"data":{"x":"7.00000","y":"8.00000"},"time":1576581542573,"action":"ADD","deltaTime":30571,"objectName":"C","objectType":"point"},{"data":{"value":3.1622776601683795,"definitionString":"Linjestykke A, C"},"time":1576581547773,"action":"ADD","deltaTime":5200,"objectName":"f","objectType":"segment"},{"data":{"value":2.8284271247461903,"definitionString":"Linjestykke C, B"},"time":1576581549306,"action":"ADD","deltaTime":1533,"objectName":"g","objectType":"segment"},{"data":{"value":3.1622776601683795,"definitionString":"Linjestykke B, A"},"time":1576581551032,"action":"ADD","deltaTime":1726,"objectName":"h","objectType":"segment"},{"data":{"x":"2.23455","y":"10.65636"},"time":1576581605151,"action":"ADD","deltaTime":54119,"objectName":"C","objectType":"point"},{"data":{"x":"2.51455","y":"10.51636"},"time":1576581605209,"action":"ADD","deltaTime":58,"objectName":"D","objectType":"point"},{"data":{"value":0.31304951684997023,"definitionString":"Linjestykke C, D"},"time":1576581605239,"action":"ADD","deltaTime":30,"objectName":"f","objectType":"segment"},{"data":{"x":"5.00000","y":"9.00000"},"time":1576581610815,"action":"ADD","deltaTime":5576,"objectName":"C","objectType":"point"},{"data":{"value":1,"definitionString":"Linjestykke A, C"},"time":1576581610872,"action":"ADD","deltaTime":57,"objectName":"f","objectType":"segment"},{"data":{"value":3,"definitionString":"Linjestykke C, B"},"time":1576581613501,"action":"ADD","deltaTime":2629,"objectName":"g","objectType":"segment"},{"data":{"value":3.1622776601683795,"definitionString":"Linjestykke A, B"},"time":1576581616454,"action":"ADD","deltaTime":2953,"objectName":"h","objectType":"segment"},{"data":{"x":"6.00000","y":"6.00000"},"time":1576581708239,"action":"ADD","deltaTime":91785,"objectName":"C","objectType":"point"},{"data":{"value":1,"definitionString":"Linjestykke B, C"},"time":1576581708276,"action":"ADD","deltaTime":37,"objectName":"f","objectType":"segment"},{"data":{"x":"6.00000","y":"9.00000"},"time":1576581712247,"action":"ADD","deltaTime":3971,"objectName":"D","objectType":"point"},{"data":{"value":3,"definitionString":"Linjestykke C, D"},"time":1576581712278,"action":"ADD","deltaTime":31,"objectName":"g","objectType":"segment"},{"data":{"value":2,"definitionString":"Linjestykke A, D"},"time":1576581714963,"action":"ADD","deltaTime":2685,"objectName":"h","objectType":"segment"},{"data":{"x":"4.00000","y":"6.00000"},"time":1576581719214,"action":"ADD","deltaTime":4251,"objectName":"E","objectType":"point"},{"data":{"value":3,"definitionString":"Linjestykke A, E"},"time":1576581719263,"action":"ADD","deltaTime":49,"objectName":"i","objectType":"segment"},{"data":{"value":1,"definitionString":"Linjestykke E, B"},"time":1576581720622,"action":"ADD","deltaTime":1359,"objectName":"j","objectType":"segment"},{"data":{"x":"7.00000","y":"8.00000"},"time":1576581740547,"action":"ADD","deltaTime":19925,"objectName":"C","objectType":"point"},{"data":{"value":2.8284271247461903,"definitionString":"Linjestykke C, B"},"time":1576581741824,"action":"ADD","deltaTime":1277,"objectName":"f","objectType":"segment"},{"data":{"value":3.1622776601683795,"definitionString":"Linjestykke B, A"},"time":1576581743432,"action":"ADD","deltaTime":1608,"objectName":"g","objectType":"segment"},{"data":{"value":3.1622776601683795,"definitionString":"Linjestykke A, C"},"time":1576581744947,"action":"ADD","deltaTime":1515,"objectName":"h","objectType":"segment"}]