[{"data":{"value":null,"definitionString":"Midtnormal AB"},"time":1576581840670,"action":"ADD","deltaTime":null,"objectName":"f","objectType":"line"},{"data":{"value":null,"definitionString":"Midtnormal AB"},"time":1576581854482,"action":"ADD","deltaTime":13812,"objectName":"f","objectType":"line"},{"data":{"x":"0.00000","y":"6.00000","definitionString":"Punkt på yAkse"},"time":1576581915866,"action":"ADD","deltaTime":61384,"objectName":"D","objectType":"point"},{"data":{"x":"8.00000","y":"10.00000"},"time":1576581922467,"action":"ADD","deltaTime":6601,"objectName":"E","objectType":"point"},{"data":{"x":"0.00000","y":"4.58072","definitionString":"Punkt på yAkse"},"time":1576581934667,"action":"ADD","deltaTime":12200,"objectName":"F","objectType":"point"},{"data":{"value":null,"definitionString":"Linje E, F"},"time":1576581934701,"action":"ADD","deltaTime":34,"objectName":"f","objectType":"line"},{"data":{"x":"1.53315","y":"2.88973"},"time":1576581935163,"action":"ADD","deltaTime":462,"objectName":"G","objectType":"point"},{"data":{"value":null,"definitionString":"Midtnormal BA"},"time":1576581945393,"action":"ADD","deltaTime":10230,"objectName":"f","objectType":"line"},{"data":{"x":"0.00000","y":"6.00000","definitionString":"Skjæring mellom f og yAkse"},"time":1576581949559,"action":"ADD","deltaTime":4166,"objectName":"D","objectType":"point"}]