[{"data":{"x":"2.08255","y":"7.31436"},"time":1576582077349,"action":"ADD","deltaTime":null,"objectName":"C","objectType":"point"},{"data":{"value":null,"definitionString":"Linje A, C"},"time":1576582077391,"action":"ADD","deltaTime":42,"objectName":"f","objectType":"line"},{"data":{"x":"4.20255","y":"9.27436"},"time":1576582091283,"action":"ADD","deltaTime":13892,"objectName":"C","objectType":"point"},{"data":{"value":null,"definitionString":"Linje A, C"},"time":1576582096446,"action":"ADD","deltaTime":5163,"objectName":"f","objectType":"line"},{"data":{"value":null,"definitionString":"Linje B, C"},"time":1576582100175,"action":"ADD","deltaTime":3729,"objectName":"g","objectType":"line"},{"data":{"value":null,"definitionString":"Linje A, B"},"time":1576582102922,"action":"ADD","deltaTime":2747,"objectName":"h","objectType":"line"},{"data":{"value":null,"definitionString":"Midtnormal AB"},"time":1576582108720,"action":"ADD","deltaTime":5798,"objectName":"i","objectType":"line"},{"data":{"x":"4.00000","y":"9.00000"},"time":1576582119147,"action":"ADD","deltaTime":10427,"objectName":"C","objectType":"point"},{"data":{"value":2.8284271247461903,"definitionString":"Linjestykke A, B"},"time":1576582123389,"action":"ADD","deltaTime":4242,"objectName":"f","objectType":"segment"},{"data":{"value":2,"definitionString":"Linjestykke C, B"},"time":1576582126038,"action":"ADD","deltaTime":2649,"objectName":"g","objectType":"segment"},{"data":{"value":2,"definitionString":"Linjestykke C, A"},"time":1576582128896,"action":"ADD","deltaTime":2858,"objectName":"h","objectType":"segment"},{"data":{"value":null,"definitionString":"Midtnormal AB"},"time":1576582134011,"action":"ADD","deltaTime":5115,"objectName":"i","objectType":"line"},{"data":{"value":2.8284271247461903,"definitionString":"Linjestykke A, B"},"time":1576582155405,"action":"ADD","deltaTime":21394,"objectName":"f","objectType":"segment"},{"data":{"value":null,"definitionString":"Linje A, B"},"time":1576582163691,"action":"ADD","deltaTime":8286,"objectName":"f","objectType":"line"},{"data":{"value":null,"definitionString":"Midtnormal AB"},"time":1576582176091,"action":"ADD","deltaTime":12400,"objectName":"g","objectType":"line"},{"data":{"x":"4.00000","y":"9.00000"},"time":1576582195585,"action":"ADD","deltaTime":19494,"objectName":"C","objectType":"point"},{"data":{"value":2,"definitionString":"Linjestykke A, C"},"time":1576582210642,"action":"ADD","deltaTime":15057,"objectName":"g","objectType":"segment"},{"data":{"value":2,"definitionString":"Linjestykke C, B"},"time":1576582212968,"action":"ADD","deltaTime":2326,"objectName":"h","objectType":"segment"},{"data":{"x":"5.00000","y":"10.00000"},"time":1576582521942,"action":"ADD","deltaTime":308974,"objectName":"C","objectType":"point"},{"data":{"value":3.1622776601683795,"definitionString":"Linjestykke A, C"},"time":1576582526094,"action":"ADD","deltaTime":4152,"objectName":"g","objectType":"segment"},{"data":{"value":3.1622776601683795,"definitionString":"Linjestykke C, B"},"time":1576582527660,"action":"ADD","deltaTime":1566,"objectName":"h","objectType":"segment"},{"data":{"x":"1.00000","y":"6.00000"},"time":1576582549766,"action":"ADD","deltaTime":22106,"objectName":"D","objectType":"point"},{"data":{"value":3.1622776601683795,"definitionString":"Linjestykke D, B"},"time":1576582551290,"action":"ADD","deltaTime":1524,"objectName":"i","objectType":"segment"},{"data":{"value":3.1622776601683795,"definitionString":"Linjestykke A, D"},"time":1576582553268,"action":"ADD","deltaTime":1978,"objectName":"j","objectType":"segment"}]