[{"data":{"x":"12.00000","y":"8.00000"},"time":1576582658880,"action":"ADD","deltaTime":null,"objectName":"A","objectType":"point"},{"data":{"x":"0.00000","y":"8.00000","definitionString":"Punkt på yAkse"},"time":1576582669455,"action":"ADD","deltaTime":10575,"objectName":"B","objectType":"point"},{"data":{"x":"6.00000","y":"14.00000"},"time":1576582674529,"action":"ADD","deltaTime":5074,"objectName":"C","objectType":"point"},{"data":{"x":"6.00000","y":"2.00000"},"time":1576582678940,"action":"ADD","deltaTime":4411,"objectName":"D","objectType":"point"},{"data":{"x":"11.00000","y":"7.00000"},"time":1576582691814,"action":"ADD","deltaTime":12874,"objectName":"E","objectType":"point"},{"data":{"x":"11.00000","y":"9.00000"},"time":1576582695307,"action":"ADD","deltaTime":3493,"objectName":"F","objectType":"point"},{"data":{"value":8.485281374238571,"definitionString":"Linjestykke A, C"},"time":1576582702878,"action":"ADD","deltaTime":7571,"objectName":"f","objectType":"segment"},{"data":{"x":"9.00000","y":"11.00000","definitionString":"Punkt på f"},"time":1576582718738,"action":"ADD","deltaTime":15860,"objectName":"G","objectType":"point"},{"data":{"value":8.485281374238571,"definitionString":"Linjestykke A, D"},"time":1576582723712,"action":"ADD","deltaTime":4974,"objectName":"g","objectType":"segment"},{"data":{"value":8.485281374238571,"definitionString":"Linjestykke D, B"},"time":1576582725874,"action":"ADD","deltaTime":2162,"objectName":"h","objectType":"segment"},{"data":{"value":8.485281374238571,"definitionString":"Linjestykke B, C"},"time":1576582728217,"action":"ADD","deltaTime":2343,"objectName":"i","objectType":"segment"}]