[{"data":{"x":"6.00000","y":"7.00000"},"time":1576582862926,"action":"ADD","deltaTime":null,"objectName":"C","objectType":"point"},{"data":{"x":"6.00000","y":"8.00000"},"time":1576582868611,"action":"ADD","deltaTime":5685,"objectName":"D","objectType":"point"},{"data":{"x":"6.00000","y":"9.00000"},"time":1576582873197,"action":"ADD","deltaTime":4586,"objectName":"E","objectType":"point"},{"data":{"x":"6.00000","y":"10.00000"},"time":1576582875023,"action":"ADD","deltaTime":1826,"objectName":"F","objectType":"point"},{"data":{"x":"6.00000","y":"6.00000"},"time":1576582876547,"action":"ADD","deltaTime":1524,"objectName":"G","objectType":"point"},{"data":{"x":"6.00000","y":"5.00000"},"time":1576582877516,"action":"ADD","deltaTime":969,"objectName":"H","objectType":"point"},{"data":{"x":"6.00000","y":"4.00000"},"time":1576582878323,"action":"ADD","deltaTime":807,"objectName":"I","objectType":"point"},{"data":{"x":"6.00000","y":"3.00000"},"time":1576582879433,"action":"ADD","deltaTime":1110,"objectName":"J","objectType":"point"},{"data":{"value":7,"definitionString":"Linjestykke F, J"},"time":1576582884106,"action":"ADD","deltaTime":4673,"objectName":"f","objectType":"segment"},{"data":{"value":null,"definitionString":"Midtnormal AB"},"time":1576582892813,"action":"ADD","deltaTime":8707,"objectName":"g","objectType":"line"}]