[{"data":{"x":"6.00000","y":"8.00000"},"time":1576582908827,"action":"ADD","deltaTime":null,"objectName":"C","objectType":"point"},{"data":{"x":"5.00000","y":"7.00000"},"time":1576582914976,"action":"ADD","deltaTime":6149,"objectName":"D","objectType":"point"},{"data":{"x":"5.00000","y":"6.00000"},"time":1576582920952,"action":"ADD","deltaTime":5976,"objectName":"E","objectType":"point"},{"data":{"x":"5.00000","y":"5.00000"},"time":1576582925556,"action":"ADD","deltaTime":4604,"objectName":"F","objectType":"point"},{"data":{"x":"5.00000","y":"4.00000"},"time":1576582927940,"action":"ADD","deltaTime":2384,"objectName":"G","objectType":"point"},{"data":{"x":"5.00000","y":"3.00000"},"time":1576582929022,"action":"ADD","deltaTime":1082,"objectName":"H","objectType":"point"},{"data":{"x":"6.00000","y":"9.00000"},"time":1576582933444,"action":"ADD","deltaTime":4422,"objectName":"I","objectType":"point"},{"data":{"x":"6.00000","y":"10.00000"},"time":1576582935042,"action":"ADD","deltaTime":1598,"objectName":"J","objectType":"point"},{"data":{"x":"6.00000","y":"11.00000"},"time":1576582935919,"action":"ADD","deltaTime":877,"objectName":"K","objectType":"point"},{"data":{"value":3,"definitionString":"Linjestykke K, C"},"time":1576582940171,"action":"ADD","deltaTime":4252,"objectName":"f","objectType":"segment"},{"data":{"value":1.4142135623730951,"definitionString":"Linjestykke D, C"},"time":1576582942585,"action":"ADD","deltaTime":2414,"objectName":"g","objectType":"segment"},{"data":{"value":4,"definitionString":"Linjestykke D, H"},"time":1576582944812,"action":"ADD","deltaTime":2227,"objectName":"h","objectType":"segment"}]