[{"data":{"x":"3.00000","y":"6.00000"},"time":1576582968040,"action":"ADD","deltaTime":null,"objectName":"C","objectType":"point"},{"data":{"x":"4.00000","y":"7.00000"},"time":1576582972965,"action":"ADD","deltaTime":4925,"objectName":"D","objectType":"point"},{"data":{"x":"5.00000","y":"8.00000"},"time":1576582978069,"action":"ADD","deltaTime":5104,"objectName":"E","objectType":"point"},{"data":{"x":"6.00000","y":"9.00000"},"time":1576582983289,"action":"ADD","deltaTime":5220,"objectName":"F","objectType":"point"},{"data":{"value":4.242640687119286,"definitionString":"Linjestykke C, F"},"time":1576582992266,"action":"ADD","deltaTime":8977,"objectName":"f","objectType":"segment"},{"data":{"x":"6.00000","y":"10.00000"},"time":1576582997070,"action":"ADD","deltaTime":4804,"objectName":"G","objectType":"point"},{"data":{"x":"6.00000","y":"11.00000"},"time":1576583002379,"action":"ADD","deltaTime":5309,"objectName":"H","objectType":"point"},{"data":{"x":"6.00000","y":"12.00000"},"time":1576583005580,"action":"ADD","deltaTime":3201,"objectName":"I","objectType":"point"},{"data":{"x":"7.00000","y":"9.00000"},"time":1576583008418,"action":"ADD","deltaTime":2838,"objectName":"J","objectType":"point"},{"data":{"x":"8.00000","y":"9.00000"},"time":1576583009592,"action":"ADD","deltaTime":1174,"objectName":"K","objectType":"point"},{"data":{"x":"9.00000","y":"9.00000"},"time":1576583010791,"action":"ADD","deltaTime":1199,"objectName":"L","objectType":"point"},{"data":{"x":"10.00000","y":"9.00000"},"time":1576583011923,"action":"ADD","deltaTime":1132,"objectName":"M","objectType":"point"},{"data":{"x":"7.00000","y":"10.00000"},"time":1576583016267,"action":"ADD","deltaTime":4344,"objectName":"N","objectType":"point"},{"data":{"x":"8.00000","y":"10.00000"},"time":1576583018947,"action":"ADD","deltaTime":2680,"objectName":"O","objectType":"point"},{"data":{"x":"9.00000","y":"10.00000"},"time":1576583019677,"action":"ADD","deltaTime":730,"objectName":"P","objectType":"point"},{"data":{"x":"9.86727","y":"9.95818"},"time":1576583020336,"action":"ADD","deltaTime":659,"objectName":"Q","objectType":"point"},{"data":{"x":"10.00000","y":"11.00000"},"time":1576583020983,"action":"ADD","deltaTime":647,"objectName":"R","objectType":"point"},{"data":{"x":"9.00000","y":"11.00000"},"time":1576583021623,"action":"ADD","deltaTime":640,"objectName":"S","objectType":"point"},{"data":{"x":"8.00000","y":"11.00000"},"time":1576583022480,"action":"ADD","deltaTime":857,"objectName":"T","objectType":"point"},{"data":{"x":"7.00000","y":"11.00000"},"time":1576583023192,"action":"ADD","deltaTime":712,"objectName":"U","objectType":"point"},{"data":{"x":"7.00000","y":"12.00000"},"time":1576583024043,"action":"ADD","deltaTime":851,"objectName":"V","objectType":"point"},{"data":{"x":"8.00000","y":"12.00000"},"time":1576583024816,"action":"ADD","deltaTime":773,"objectName":"W","objectType":"point"},{"data":{"x":"9.00000","y":"12.00000"},"time":1576583025611,"action":"ADD","deltaTime":795,"objectName":"Z","objectType":"point"},{"data":{"x":"10.00000","y":"12.00000"},"time":1576583026334,"action":"ADD","deltaTime":723,"objectName":"A_1","objectType":"point"},{"data":{"x":"2.00000","y":"6.00000"},"time":1576583036546,"action":"ADD","deltaTime":10212,"objectName":"B_1","objectType":"point"},{"data":{"x":"1.00000","y":"6.00000"},"time":1576583037324,"action":"ADD","deltaTime":778,"objectName":"C_1","objectType":"point"},{"data":{"x":"0.00000","y":"6.00000","definitionString":"Punkt på yAkse"},"time":1576583038260,"action":"ADD","deltaTime":936,"objectName":"D_1","objectType":"point"},{"data":{"x":"3.00000","y":"5.00000"},"time":1576583039311,"action":"ADD","deltaTime":1051,"objectName":"E_1","objectType":"point"},{"data":{"x":"3.00000","y":"4.00000"},"time":1576583040065,"action":"ADD","deltaTime":754,"objectName":"F_1","objectType":"point"},{"data":{"x":"2.96727","y":"3.15818"},"time":1576583040801,"action":"ADD","deltaTime":736,"objectName":"G_1","objectType":"point"},{"data":{"x":"2.00000","y":"3.00000"},"time":1576583042342,"action":"ADD","deltaTime":1541,"objectName":"H_1","objectType":"point"},{"data":{"x":"1.00000","y":"3.00000"},"time":1576583043144,"action":"ADD","deltaTime":802,"objectName":"I_1","objectType":"point"},{"data":{"x":"0.00000","y":"3.00000"},"time":1576583043984,"action":"ADD","deltaTime":840,"objectName":"J_1","objectType":"point"},{"data":{"x":"0.00000","y":"4.00000"},"time":1576583044886,"action":"ADD","deltaTime":902,"objectName":"K_1","objectType":"point"},{"data":{"x":"0.00000","y":"5.00000","definitionString":"Punkt på yAkse"},"time":1576583046556,"action":"ADD","deltaTime":1670,"objectName":"L_1","objectType":"point"},{"data":{"x":"1.00000","y":"5.00000"},"time":1576583047222,"action":"ADD","deltaTime":666,"objectName":"M_1","objectType":"point"},{"data":{"x":"1.00000","y":"4.00000"},"time":1576583048162,"action":"ADD","deltaTime":940,"objectName":"N_1","objectType":"point"},{"data":{"x":"2.00000","y":"4.00000"},"time":1576583048938,"action":"ADD","deltaTime":776,"objectName":"O_1","objectType":"point"},{"data":{"x":"2.00000","y":"5.00000"},"time":1576583049840,"action":"ADD","deltaTime":902,"objectName":"P_1","objectType":"point"}]