[{"data":{"value":3.1622776601683795,"definitionString":"Linjestykke A, B"},"time":1576583079715,"action":"ADD","deltaTime":null,"objectName":"f","objectType":"segment"},{"data":{"x":"7.00000","y":"8.00000"},"time":1576583118206,"action":"ADD","deltaTime":38491,"objectName":"C","objectType":"point"},{"data":{"value":2.8284271247461903,"definitionString":"Linjestykke B, C"},"time":1576583124782,"action":"ADD","deltaTime":6576,"objectName":"g","objectType":"segment"},{"data":{"value":3.1622776601683795,"definitionString":"Linjestykke C, A"},"time":1576583127636,"action":"ADD","deltaTime":2854,"objectName":"h","objectType":"segment"}]