[{"data":{"x":"11.35029","y":"6.36565"},"time":1576583264710,"action":"ADD","deltaTime":null,"objectName":"D","objectType":"point"},{"data":{"x":"4.00000","y":"7.00000"},"time":1576583295707,"action":"ADD","deltaTime":30997,"objectName":"D","objectType":"point"},{"data":{"x":"3.00000","y":"7.00000"},"time":1576583299651,"action":"ADD","deltaTime":3944,"objectName":"E","objectType":"point"},{"data":{"x":"5.00000","y":"8.00000"},"time":1576583304949,"action":"ADD","deltaTime":5298,"objectName":"F","objectType":"point"},{"data":{"x":"5.96928","y":"7.85439"},"time":1576583307100,"action":"ADD","deltaTime":2151,"objectName":"G","objectType":"point"},{"data":{"x":"6.00000","y":"8.00000"},"time":1576583310617,"action":"ADD","deltaTime":3518,"objectName":"G","objectType":"point"},{"data":{"x":"8.00000","y":"8.00000"},"time":1576583312519,"action":"ADD","deltaTime":1902,"objectName":"H","objectType":"point"},{"data":{"x":"9.00000","y":"8.00000"},"time":1576583313355,"action":"ADD","deltaTime":836,"objectName":"I","objectType":"point"},{"data":{"x":"2.08000","y":"6.86784"},"time":1576583314623,"action":"ADD","deltaTime":1268,"objectName":"J","objectType":"point"},{"data":{"x":"1.00000","y":"7.00000"},"time":1576583315817,"action":"ADD","deltaTime":1194,"objectName":"K","objectType":"point"},{"data":{"value":3,"definitionString":"Linjestykke K, D"},"time":1576583319897,"action":"ADD","deltaTime":4080,"objectName":"f","objectType":"segment"},{"data":{"x":"4.00000","y":"7.00000"},"time":1576583320185,"action":"UPDATE","deltaTime":288,"objectName":"D","objectType":"point"},{"data":{"value":1.4142135623730951,"definitionString":"Linjestykke D, F"},"time":1576583321435,"action":"ADD","deltaTime":1250,"objectName":"g","objectType":"segment"},{"data":{"x":"5.00000","y":"8.00000"},"time":1576583321723,"action":"UPDATE","deltaTime":288,"objectName":"F","objectType":"point"},{"data":{"value":4,"definitionString":"Linjestykke F, I"},"time":1576583323740,"action":"ADD","deltaTime":2017,"objectName":"h","objectType":"segment"}]