[{"data":{"x":"5.00000","y":"10.00000"},"time":1576583410138,"action":"ADD","deltaTime":null,"objectName":"C","objectType":"point"},{"data":{"value":3.1622776601683795,"definitionString":"Linjestykke A, C"},"time":1576583414193,"action":"ADD","deltaTime":4055,"objectName":"f","objectType":"segment"},{"data":{"value":3.1622776601683795,"definitionString":"Linjestykke C, B"},"time":1576583416174,"action":"ADD","deltaTime":1981,"objectName":"g","objectType":"segment"},{"data":{"value":2.8284271247461903,"definitionString":"Linjestykke B, A"},"time":1576583418187,"action":"ADD","deltaTime":2013,"objectName":"h","objectType":"segment"},{"data":{"x":"1.00000","y":"6.00000"},"time":1576583441538,"action":"ADD","deltaTime":23351,"objectName":"D","objectType":"point"},{"data":{"x":"3.00000","y":"8.00000","definitionString":"Punkt på h"},"time":1576583456273,"action":"ADD","deltaTime":14735,"objectName":"E","objectType":"point"},{"data":{"x":"4.00000","y":"9.00000"},"time":1576583462843,"action":"ADD","deltaTime":6570,"objectName":"F","objectType":"point"},{"data":{"x":"6.00000","y":"11.00000"},"time":1576583470222,"action":"ADD","deltaTime":7379,"objectName":"G","objectType":"point"},{"data":{"x":"2.00000","y":"7.00000"},"time":1576583473233,"action":"ADD","deltaTime":3011,"objectName":"H","objectType":"point"},{"data":{"value":null,"definitionString":"Midtnormal BA"},"time":1576583478500,"action":"ADD","deltaTime":5267,"objectName":"i","objectType":"line"}]