[{"data":{"x":["10.68282","11.59342","12.00000","12.00000"],"y":["7.61610","7.44747","8.00000","8.00000"]},"time":1576582788781,"action":"UPDATE","deltaTime":[null,471,1497,1814],"objectName":"S","objectType":"point"},{"data":{"x":"6.00000","y":"8.00000"},"time":1576582796431,"action":"ADD","deltaTime":7650,"objectName":"A","objectType":"point"},{"data":{"value":6,"definitionString":"Linjestykke A, S"},"time":1576582798448,"action":"ADD","deltaTime":2017,"objectName":"f","objectType":"segment"},{"data":{"x":"18.00000","y":"8.00000"},"time":1576582802635,"action":"ADD","deltaTime":4187,"objectName":"B","objectType":"point"},{"data":{"value":6,"definitionString":"Linjestykke S, B"},"time":1576582802672,"action":"ADD","deltaTime":37,"objectName":"g","objectType":"segment"},{"data":{"x":"12.00000","y":"2.00000"},"time":1576582810383,"action":"ADD","deltaTime":7711,"objectName":"C","objectType":"point"},{"data":{"value":6,"definitionString":"Linjestykke S, C"},"time":1576582810418,"action":"ADD","deltaTime":35,"objectName":"h","objectType":"segment"},{"data":{"x":"12.00000","y":"14.00000"},"time":1576582815022,"action":"ADD","deltaTime":4604,"objectName":"D","objectType":"point"},{"data":{"value":6,"definitionString":"Linjestykke S, D"},"time":1576582815059,"action":"ADD","deltaTime":37,"objectName":"i","objectType":"segment"},{"data":{"x":"6.00000","y":"9.00000"},"time":1576582821665,"action":"ADD","deltaTime":6606,"objectName":"E","objectType":"point"},{"data":{"x":"6.00000","y":"10.00000"},"time":1576582822718,"action":"ADD","deltaTime":1053,"objectName":"F","objectType":"point"},{"data":{"value":1,"definitionString":"Linjestykke E, F"},"time":1576582822765,"action":"ADD","deltaTime":47,"objectName":"j","objectType":"segment"},{"data":{"x":"6.00000","y":"11.00000"},"time":1576582824057,"action":"ADD","deltaTime":1292,"objectName":"G","objectType":"point"},{"data":{"x":"6.00000","y":"12.00000"},"time":1576582825219,"action":"ADD","deltaTime":1162,"objectName":"H","objectType":"point"},{"data":{"value":1,"definitionString":"Linjestykke G, H"},"time":1576582825268,"action":"ADD","deltaTime":49,"objectName":"k","objectType":"segment"},{"data":{"x":"6.00000","y":"13.00000"},"time":1576582826119,"action":"ADD","deltaTime":851,"objectName":"I","objectType":"point"},{"data":{"value":1,"definitionString":"Linjestykke I, H"},"time":1576582830902,"action":"ADD","deltaTime":4783,"objectName":"l","objectType":"segment"},{"data":{"value":1,"definitionString":"Linjestykke F, G"},"time":1576582832985,"action":"ADD","deltaTime":2083,"objectName":"m","objectType":"segment"},{"data":{"value":1,"definitionString":"Linjestykke E, A"},"time":1576582835293,"action":"ADD","deltaTime":2308,"objectName":"n","objectType":"segment"},{"data":{"x":"6.00000","y":"14.00000"},"time":1576582837372,"action":"ADD","deltaTime":2079,"objectName":"J","objectType":"point"},{"data":{"value":1,"definitionString":"Linjestykke J, I"},"time":1576582838439,"action":"ADD","deltaTime":1067,"objectName":"p","objectType":"segment"},{"data":{"value":6,"definitionString":"Linjestykke J, D"},"time":1576582841383,"action":"ADD","deltaTime":2944,"objectName":"q","objectType":"segment"},{"data":{"x":"18.00000","y":"14.00000"},"time":1576582845362,"action":"ADD","deltaTime":3979,"objectName":"K","objectType":"point"},{"data":{"value":6,"definitionString":"Linjestykke D, K"},"time":1576582845399,"action":"ADD","deltaTime":37,"objectName":"r","objectType":"segment"},{"data":{"value":6,"definitionString":"Linjestykke K, B"},"time":1576582847492,"action":"ADD","deltaTime":2093,"objectName":"s","objectType":"segment"},{"data":{"x":"18.00000","y":"2.00000"},"time":1576582850497,"action":"ADD","deltaTime":3005,"objectName":"L","objectType":"point"},{"data":{"value":6,"definitionString":"Linjestykke B, L"},"time":1576582850541,"action":"ADD","deltaTime":44,"objectName":"t","objectType":"segment"},{"data":{"value":6,"definitionString":"Linjestykke L, C"},"time":1576582852338,"action":"ADD","deltaTime":1797,"objectName":"a","objectType":"segment"},{"data":{"x":"6.00000","y":"2.00000"},"time":1576582855158,"action":"ADD","deltaTime":2820,"objectName":"M","objectType":"point"},{"data":{"value":6,"definitionString":"Linjestykke C, M"},"time":1576582855195,"action":"ADD","deltaTime":37,"objectName":"b","objectType":"segment"},{"data":{"value":6,"definitionString":"Linjestykke M, A"},"time":1576582857751,"action":"ADD","deltaTime":2556,"objectName":"c","objectType":"segment"},{"data":{"x":"7.00000","y":"14.00000","definitionString":"Punkt på q"},"time":1576582864776,"action":"ADD","deltaTime":7025,"objectName":"N","objectType":"point"},{"data":{"x":"8.00000","y":"14.00000","definitionString":"Punkt på q"},"time":1576582865909,"action":"ADD","deltaTime":1133,"objectName":"O","objectType":"point"},{"data":{"x":"9.13144","y":"14.00000","definitionString":"Punkt på q"},"time":1576582867891,"action":"ADD","deltaTime":1982,"objectName":"P","objectType":"point"},{"data":{"x":"10.00000","y":"14.00000","definitionString":"Punkt på q"},"time":1576582869821,"action":"ADD","deltaTime":1930,"objectName":"Q","objectType":"point"},{"data":{"x":"11.00000","y":"14.00000","definitionString":"Punkt på q"},"time":1576582871065,"action":"ADD","deltaTime":1244,"objectName":"R","objectType":"point"},{"data":{"x":"13.00000","y":"14.00000","definitionString":"Punkt på r"},"time":1576582872373,"action":"ADD","deltaTime":1308,"objectName":"T","objectType":"point"},{"data":{"x":"14.00000","y":"14.00000","definitionString":"Punkt på r"},"time":1576582873231,"action":"ADD","deltaTime":858,"objectName":"U","objectType":"point"},{"data":{"x":"15.00000","y":"14.00000","definitionString":"Punkt på r"},"time":1576582874244,"action":"ADD","deltaTime":1013,"objectName":"V","objectType":"point"},{"data":{"x":"16.00000","y":"14.00000","definitionString":"Punkt på r"},"time":1576582874924,"action":"ADD","deltaTime":680,"objectName":"W","objectType":"point"},{"data":{"x":"17.00000","y":"14.00000","definitionString":"Punkt på r"},"time":1576582875692,"action":"ADD","deltaTime":768,"objectName":"Z","objectType":"point"},{"data":{"x":"18.00000","y":"13.14713","definitionString":"Punkt på s"},"time":1576582876811,"action":"ADD","deltaTime":1119,"objectName":"A_1","objectType":"point"},{"data":{"x":"18.00000","y":"12.00000","definitionString":"Punkt på s"},"time":1576582878839,"action":"ADD","deltaTime":2028,"objectName":"B_1","objectType":"point"},{"data":{"x":"18.00000","y":"11.00000","definitionString":"Punkt på s"},"time":1576582880552,"action":"ADD","deltaTime":1713,"objectName":"C_1","objectType":"point"},{"data":{"x":"18.00000","y":"10.00000","definitionString":"Punkt på s"},"time":1576582881326,"action":"ADD","deltaTime":774,"objectName":"D_1","objectType":"point"},{"data":{"x":"18.00000","y":"9.26867","definitionString":"Punkt på s"},"time":1576582882012,"action":"ADD","deltaTime":686,"objectName":"E_1","objectType":"point"},{"data":{"x":"18.00000","y":"7.00000","definitionString":"Punkt på t"},"time":1576582884220,"action":"ADD","deltaTime":2208,"objectName":"F_1","objectType":"point"},{"data":{"x":"18.00000","y":"6.16590","definitionString":"Punkt på t"},"time":1576582884880,"action":"ADD","deltaTime":660,"objectName":"G_1","objectType":"point"},{"data":{"x":"18.00000","y":"5.00000","definitionString":"Punkt på t"},"time":1576582886226,"action":"ADD","deltaTime":1346,"objectName":"H_1","objectType":"point"},{"data":{"x":"18.00000","y":"4.20980","definitionString":"Punkt på t"},"time":1576582886916,"action":"ADD","deltaTime":690,"objectName":"I_1","objectType":"point"},{"data":{"x":"18.00000","y":"3.00000","definitionString":"Punkt på t"},"time":1576582887973,"action":"ADD","deltaTime":1057,"objectName":"J_1","objectType":"point"},{"data":{"x":"17.05699","y":"2.15253"},"time":1576582889045,"action":"ADD","deltaTime":1072,"objectName":"K_1","objectType":"point"},{"data":{"value":1,"definitionString":"Linjestykke D, R"},"time":1576582923482,"action":"ADD","deltaTime":34437,"objectName":"d","objectType":"segment"},{"data":{"x":"6.00000","y":"7.00000","definitionString":"Punkt på c"},"time":1576582925322,"action":"ADD","deltaTime":1840,"objectName":"K_1","objectType":"point"},{"data":{"x":"6.00000","y":"6.00000","definitionString":"Punkt på c"},"time":1576582928137,"action":"ADD","deltaTime":2815,"objectName":"L_1","objectType":"point"},{"data":{"value":1,"definitionString":"Linjestykke K_1, L_1"},"time":1576582928209,"action":"ADD","deltaTime":72,"objectName":"e","objectType":"segment"},{"data":{"x":"6.00000","y":"5.00000","definitionString":"Punkt på c"},"time":1576582928852,"action":"ADD","deltaTime":643,"objectName":"M_1","objectType":"point"},{"data":{"x":"6.00000","y":"4.00000","definitionString":"Punkt på c"},"time":1576582930295,"action":"ADD","deltaTime":1443,"objectName":"N_1","objectType":"point"},{"data":{"value":1,"definitionString":"Linjestykke M_1, N_1"},"time":1576582930335,"action":"ADD","deltaTime":40,"objectName":"f_1","objectType":"segment"},{"data":{"x":"6.00000","y":"3.00000","definitionString":"Punkt på c"},"time":1576582931053,"action":"ADD","deltaTime":718,"objectName":"O_1","objectType":"point"},{"data":{"value":1,"definitionString":"Linjestykke O_1, M"},"time":1576582933046,"action":"ADD","deltaTime":1993,"objectName":"g_1","objectType":"segment"},{"data":{"x":"6.00000","y":"2.00000"},"time":1576582933332,"action":"UPDATE","deltaTime":286,"objectName":"M","objectType":"point"},{"data":{"x":"7.00000","y":"2.00000","definitionString":"Punkt på b"},"time":1576582935842,"action":"ADD","deltaTime":2510,"objectName":"P_1","objectType":"point"},{"data":{"x":"8.00000","y":"2.00000","definitionString":"Punkt på b"},"time":1576582936769,"action":"ADD","deltaTime":927,"objectName":"Q_1","objectType":"point"},{"data":{"value":1,"definitionString":"Linjestykke P_1, Q_1"},"time":1576582936828,"action":"ADD","deltaTime":59,"objectName":"h_1","objectType":"segment"},{"data":{"x":"9.00000","y":"2.00000","definitionString":"Punkt på b"},"time":1576582938100,"action":"ADD","deltaTime":1272,"objectName":"R_1","objectType":"point"},{"data":{"x":"10.00000","y":"2.00000","definitionString":"Punkt på b"},"time":1576582938812,"action":"ADD","deltaTime":712,"objectName":"S_1","objectType":"point"},{"data":{"value":1,"definitionString":"Linjestykke R_1, S_1"},"time":1576582938852,"action":"ADD","deltaTime":40,"objectName":"i_1","objectType":"segment"},{"data":{"x":"11.00000","y":"2.00000","definitionString":"Punkt på b"},"time":1576582939967,"action":"ADD","deltaTime":1115,"objectName":"T_1","objectType":"point"},{"data":{"x":"13.17853","y":"2.00000","definitionString":"Punkt på a"},"time":1576582941404,"action":"ADD","deltaTime":1437,"objectName":"U_1","objectType":"point"},{"data":{"value":2.1785288966308354,"definitionString":"Linjestykke T_1, U_1"},"time":1576582941430,"action":"ADD","deltaTime":26,"objectName":"j_1","objectType":"segment"},{"data":{"x":"14.00000","y":"2.00000","definitionString":"Punkt på a"},"time":1576582942693,"action":"ADD","deltaTime":1263,"objectName":"V_1","objectType":"point"},{"data":{"x":"15.00000","y":"2.00000","definitionString":"Punkt på a"},"time":1576582943473,"action":"ADD","deltaTime":780,"objectName":"W_1","objectType":"point"},{"data":{"value":1,"definitionString":"Linjestykke V_1, W_1"},"time":1576582943499,"action":"ADD","deltaTime":26,"objectName":"k_1","objectType":"segment"},{"data":{"x":"16.00000","y":"2.00000","definitionString":"Punkt på a"},"time":1576582944419,"action":"ADD","deltaTime":920,"objectName":"Z_1","objectType":"point"},{"data":{"x":"17.00000","y":"2.00000","definitionString":"Punkt på a"},"time":1576582945342,"action":"ADD","deltaTime":923,"objectName":"A_2","objectType":"point"},{"data":{"value":1,"definitionString":"Linjestykke Z_1, A_2"},"time":1576582945394,"action":"ADD","deltaTime":52,"objectName":"l_1","objectType":"segment"},{"data":{"x":"15.00000","y":"11.00000"},"time":1576583005791,"action":"ADD","deltaTime":60397,"objectName":"E","objectType":"point"},{"data":{"x":"16.00000","y":"10.00000"},"time":1576583027426,"action":"ADD","deltaTime":21635,"objectName":"F","objectType":"point"},{"data":{"x":"14.00000","y":"12.00000"},"time":1576583031122,"action":"ADD","deltaTime":3696,"objectName":"G","objectType":"point"},{"data":{"x":"13.00000","y":"13.00000"},"time":1576583037962,"action":"ADD","deltaTime":6840,"objectName":"H","objectType":"point"},{"data":{"x":"17.00000","y":"9.00000"},"time":1576583040213,"action":"ADD","deltaTime":2251,"objectName":"I","objectType":"point"},{"data":{"x":"11.00000","y":"13.00000"},"time":1576583054286,"action":"ADD","deltaTime":14073,"objectName":"J","objectType":"point"},{"data":{"x":"10.00000","y":"12.00000"},"time":1576583056243,"action":"ADD","deltaTime":1957,"objectName":"K","objectType":"point"},{"data":{"x":"9.00000","y":"11.00000"},"time":1576583059285,"action":"ADD","deltaTime":3042,"objectName":"L","objectType":"point"},{"data":{"x":"8.00000","y":"10.00000"},"time":1576583061833,"action":"ADD","deltaTime":2548,"objectName":"M","objectType":"point"},{"data":{"x":"7.00000","y":"9.00000"},"time":1576583064902,"action":"ADD","deltaTime":3069,"objectName":"N","objectType":"point"},{"data":{"value":8.485281374238571,"definitionString":"Linjestykke A, D"},"time":1576583071584,"action":"ADD","deltaTime":6683,"objectName":"j","objectType":"segment"},{"data":{"x":"12.00000","y":"14.00000"},"time":1576583071872,"action":"UPDATE","deltaTime":288,"objectName":"D","objectType":"point"},{"data":{"value":8.485281374238571,"definitionString":"Linjestykke D, B"},"time":1576583073694,"action":"ADD","deltaTime":1822,"objectName":"k","objectType":"segment"},{"data":{"x":"18.00000","y":"8.00000"},"time":1576583073980,"action":"UPDATE","deltaTime":286,"objectName":"B","objectType":"point"},{"data":{"value":8.485281374238571,"definitionString":"Linjestykke B, C"},"time":1576583076068,"action":"ADD","deltaTime":2088,"objectName":"l","objectType":"segment"},{"data":{"x":"12.00000","y":"2.00000"},"time":1576583076348,"action":"UPDATE","deltaTime":280,"objectName":"C","objectType":"point"},{"data":{"value":8.485281374238571,"definitionString":"Linjestykke C, A"},"time":1576583078858,"action":"ADD","deltaTime":2510,"objectName":"m","objectType":"segment"},{"data":{"x":"6.00000","y":"8.00000"},"time":1576583079137,"action":"UPDATE","deltaTime":279,"objectName":"A","objectType":"point"},{"data":{"x":"7.00000","y":"7.00000"},"time":1576583092765,"action":"ADD","deltaTime":13628,"objectName":"O","objectType":"point"},{"data":{"x":"8.00000","y":"6.00000"},"time":1576583094042,"action":"ADD","deltaTime":1277,"objectName":"P","objectType":"point"},{"data":{"x":"9.00000","y":"5.00000"},"time":1576583095724,"action":"ADD","deltaTime":1682,"objectName":"Q","objectType":"point"},{"data":{"x":"10.00000","y":"4.00000"},"time":1576583096626,"action":"ADD","deltaTime":902,"objectName":"R","objectType":"point"},{"data":{"x":"11.00000","y":"3.00000"},"time":1576583098117,"action":"ADD","deltaTime":1491,"objectName":"T","objectType":"point"},{"data":{"x":"13.00000","y":"3.00000"},"time":1576583099587,"action":"ADD","deltaTime":1470,"objectName":"U","objectType":"point"},{"data":{"x":"14.00000","y":"4.00000"},"time":1576583100575,"action":"ADD","deltaTime":988,"objectName":"V","objectType":"point"},{"data":{"x":"15.13462","y":"5.01922"},"time":1576583101401,"action":"ADD","deltaTime":826,"objectName":"W","objectType":"point"},{"data":{"x":"16.00000","y":"6.00000"},"time":1576583102546,"action":"ADD","deltaTime":1145,"objectName":"Z","objectType":"point"},{"data":{"x":"17.00000","y":"7.00000"},"time":1576583103936,"action":"ADD","deltaTime":1390,"objectName":"A_1","objectType":"point"}]