[{"data":{"value":3.1622776601683795,"definitionString":"Linjestykke A, B"},"time":1576583178189,"action":"ADD","deltaTime":null,"objectName":"f","objectType":"segment"},{"data":{"x":"7.00000","y":"9.00000"},"time":1576583299859,"action":"ADD","deltaTime":121670,"objectName":"C","objectType":"point"},{"data":{"value":3.6055512754639896,"definitionString":"Linjestykke C, B"},"time":1576583303051,"action":"ADD","deltaTime":3192,"objectName":"g","objectType":"segment"},{"data":{"x":"7.00000","y":"9.00000"},"time":1576583314070,"action":"ADD","deltaTime":11019,"objectName":"C","objectType":"point"},{"data":{"value":3,"definitionString":"Linjestykke A, C"},"time":1576583314107,"action":"ADD","deltaTime":37,"objectName":"g","objectType":"segment"},{"data":{"value":null,"definitionString":"Midtnormal AB"},"time":1576583320632,"action":"ADD","deltaTime":6525,"objectName":"g","objectType":"line"},{"data":{"x":"6.99455","y":"8.43636"},"time":1576583329773,"action":"ADD","deltaTime":9141,"objectName":"C","objectType":"point"},{"data":{"value":3.047127898489321,"definitionString":"Linjestykke A, C"},"time":1576583329807,"action":"ADD","deltaTime":34,"objectName":"h","objectType":"segment"},{"data":{"value":3.148663103420715,"definitionString":"Linjestykke C, B"},"time":1576583333587,"action":"ADD","deltaTime":3780,"objectName":"i","objectType":"segment"},{"data":{"value":3.148663103420715,"definitionString":"Linjestykke B, C"},"time":1576583340009,"action":"ADD","deltaTime":6422,"objectName":"j","objectType":"segment"},{"data":{"x":"7.03455","y":"8.39636"},"time":1576583356751,"action":"UPDATE","deltaTime":16742,"objectName":"C","objectType":"point"},{"data":{"value":3.0940011272148045,"definitionString":"Linjestykke A, C"},"time":1576583356800,"action":"UPDATE","deltaTime":49,"objectName":"h","objectType":"segment"},{"data":{"value":3.1435543393263465,"definitionString":"Linjestykke C, B"},"time":1576583356838,"action":"UPDATE","deltaTime":38,"objectName":"i","objectType":"segment"},{"data":{"value":3.1435543393263465,"definitionString":"Linjestykke B, C"},"time":1576583356879,"action":"UPDATE","deltaTime":41,"objectName":"j","objectType":"segment"},{"data":{"x":"7.03455","y":"8.37636"},"time":1576583357269,"action":"UPDATE","deltaTime":390,"objectName":"C","objectType":"point"},{"data":{"value":3.0979652079634357,"definitionString":"Linjestykke A, C"},"time":1576583357313,"action":"UPDATE","deltaTime":44,"objectName":"h","objectType":"segment"},{"data":{"value":3.1283349147498516,"definitionString":"Linjestykke C, B"},"time":1576583357355,"action":"UPDATE","deltaTime":42,"objectName":"i","objectType":"segment"},{"data":{"value":3.1283349147498516,"definitionString":"Linjestykke B, C"},"time":1576583357394,"action":"UPDATE","deltaTime":39,"objectName":"j","objectType":"segment"}]