[{"data":{"value":null,"definitionString":"Midtnormal AB"},"time":1576583394171,"action":"ADD","deltaTime":null,"objectName":"f","objectType":"line"},{"data":{"x":"4.05420","y":"7.35140","definitionString":"Punkt på f"},"time":1576583404017,"action":"ADD","deltaTime":9846,"objectName":"D","objectType":"point"},{"data":{"x":"10.00000","y":"10.00000"},"time":1576583639296,"action":"ADD","deltaTime":235279,"objectName":"D","objectType":"point"},{"data":{"x":"10.20970","y":"10.31713"},"time":1576583640094,"action":"ADD","deltaTime":798,"objectName":"E","objectType":"point"},{"data":{"value":0.38019109431309867,"definitionString":"Linjestykke D, E"},"time":1576583640140,"action":"ADD","deltaTime":46,"objectName":"f","objectType":"segment"},{"data":{"x":"10.76315","y":"10.48557"},"time":1576583641315,"action":"ADD","deltaTime":1175,"objectName":"F","objectType":"point"},{"data":{"value":0.5785142796383813,"definitionString":"Linjestykke E, F"},"time":1576583641359,"action":"ADD","deltaTime":44,"objectName":"g","objectType":"segment"},{"data":{"x":"11.12409","y":"10.36526"},"time":1576583642699,"action":"ADD","deltaTime":1340,"objectName":"G","objectType":"point"},{"data":{"value":0.3804697809487485,"definitionString":"Linjestykke F, G"},"time":1576583642735,"action":"ADD","deltaTime":36,"objectName":"h","objectType":"segment"},{"data":{"x":"11.43691","y":"10.10056"},"time":1576583644195,"action":"ADD","deltaTime":1460,"objectName":"H","objectType":"point"},{"data":{"value":0.4097784949086731,"definitionString":"Linjestykke G, H"},"time":1576583644234,"action":"ADD","deltaTime":39,"objectName":"i","objectType":"segment"},{"data":{"x":"11.48504","y":"9.66743"},"time":1576583645852,"action":"ADD","deltaTime":1618,"objectName":"I","objectType":"point"},{"data":{"value":0.4357998594886486,"definitionString":"Linjestykke H, I"},"time":1576583645897,"action":"ADD","deltaTime":45,"objectName":"l","objectType":"segment"},{"data":{"x":"11.31660","y":"9.33055"},"time":1576583647114,"action":"ADD","deltaTime":1217,"objectName":"J","objectType":"point"},{"data":{"value":0.37664586700358527,"definitionString":"Linjestykke I, J"},"time":1576583647155,"action":"ADD","deltaTime":41,"objectName":"m","objectType":"segment"},{"data":{"x":"10.90753","y":"9.08992"},"time":1576583648304,"action":"ADD","deltaTime":1149,"objectName":"K","objectType":"point"},{"data":{"value":0.47459697381971694,"definitionString":"Linjestykke J, K"},"time":1576583648371,"action":"ADD","deltaTime":67,"objectName":"n","objectType":"segment"},{"data":{"x":"10.71502","y":"8.72897"},"time":1576583650379,"action":"ADD","deltaTime":2008,"objectName":"L","objectType":"point"},{"data":{"value":0.4090713701455488,"definitionString":"Linjestykke K, L"},"time":1576583650438,"action":"ADD","deltaTime":59,"objectName":"p","objectType":"segment"},{"data":{"x":"10.71502","y":"8.31990"},"time":1576583652191,"action":"ADD","deltaTime":1753,"objectName":"M","objectType":"point"},{"data":{"value":0.4090713701455488,"definitionString":"Linjestykke L, M"},"time":1576583652226,"action":"ADD","deltaTime":35,"objectName":"q","objectType":"segment"},{"data":{"x":"10.76315","y":"7.59801"},"time":1576583653594,"action":"ADD","deltaTime":1368,"objectName":"N","objectType":"point"},{"data":{"x":"10.78721","y":"7.23706"},"time":1576583662476,"action":"ADD","deltaTime":8882,"objectName":"O","objectType":"point"},{"data":{"value":0.361746538076772,"definitionString":"Linjestykke N, O"},"time":1576583662517,"action":"ADD","deltaTime":41,"objectName":"r","objectType":"segment"},{"data":{"x":"4.89177","y":"4.80670"},"time":1576583798047,"action":"ADD","deltaTime":135530,"objectName":"P","objectType":"point"}]