[{"data":{"x":"3.00000","y":"10.00000"},"time":1576584942424,"action":"ADD","deltaTime":null,"objectName":"C","objectType":"point"},{"data":{"x":"4.00000","y":"11.00000"},"time":1576584946862,"action":"ADD","deltaTime":4438,"objectName":"D","objectType":"point"},{"data":{"x":"1.00000","y":"8.00000"},"time":1576584948381,"action":"ADD","deltaTime":1519,"objectName":"E","objectType":"point"},{"data":{"x":"0.00000","y":"7.00000","definitionString":"Punkt på yAkse"},"time":1576584949499,"action":"ADD","deltaTime":1118,"objectName":"F","objectType":"point"},{"data":{"x":"3.00000","y":"3.00000"},"time":1576584954637,"action":"ADD","deltaTime":5138,"objectName":"G","objectType":"point"},{"data":{"x":"4.00000","y":"4.00000"},"time":1576584955638,"action":"ADD","deltaTime":1001,"objectName":"H","objectType":"point"},{"data":{"x":"5.00000","y":"5.00000"},"time":1576584956918,"action":"ADD","deltaTime":1280,"objectName":"I","objectType":"point"},{"data":{"x":"6.00000","y":"6.00000"},"time":1576584959446,"action":"ADD","deltaTime":2528,"objectName":"J","objectType":"point"},{"data":{"x":"5.00000","y":"10.00000"},"time":1576584970151,"action":"ADD","deltaTime":10705,"objectName":"G","objectType":"point"},{"data":{"x":"6.00000","y":"9.00000"},"time":1576584971336,"action":"ADD","deltaTime":1185,"objectName":"H","objectType":"point"},{"data":{"x":"7.00000","y":"8.00000"},"time":1576584973583,"action":"ADD","deltaTime":2247,"objectName":"I","objectType":"point"},{"data":{"x":"8.00000","y":"7.00000"},"time":1576584974889,"action":"ADD","deltaTime":1306,"objectName":"J","objectType":"point"},{"data":{"x":"7.00000","y":"6.00000"},"time":1576584976115,"action":"ADD","deltaTime":1226,"objectName":"K","objectType":"point"},{"data":{"x":"6.00000","y":"5.00000"},"time":1576584977826,"action":"ADD","deltaTime":1711,"objectName":"L","objectType":"point"},{"data":{"x":"5.00000","y":"4.00000"},"time":1576584979352,"action":"ADD","deltaTime":1526,"objectName":"M","objectType":"point"},{"data":{"x":"4.00000","y":"3.00000"},"time":1576584980467,"action":"ADD","deltaTime":1115,"objectName":"N","objectType":"point"},{"data":{"x":"3.00000","y":"4.00000"},"time":1576584981820,"action":"ADD","deltaTime":1353,"objectName":"O","objectType":"point"},{"data":{"x":"2.00000","y":"5.00000"},"time":1576584982892,"action":"ADD","deltaTime":1072,"objectName":"P","objectType":"point"},{"data":{"x":"1.00000","y":"6.00000"},"time":1576584983850,"action":"ADD","deltaTime":958,"objectName":"Q","objectType":"point"},{"data":{"value":5.656854249492381,"definitionString":"Linjestykke F, D"},"time":1576584991332,"action":"ADD","deltaTime":7482,"objectName":"f","objectType":"segment"},{"data":{"x":"4.00000","y":"11.00000"},"time":1576584991630,"action":"UPDATE","deltaTime":298,"objectName":"D","objectType":"point"},{"data":{"value":5.656854249492381,"definitionString":"Linjestykke D, J"},"time":1576584993771,"action":"ADD","deltaTime":2141,"objectName":"g","objectType":"segment"},{"data":{"value":5.656854249492381,"definitionString":"Linjestykke J, N"},"time":1576584995690,"action":"ADD","deltaTime":1919,"objectName":"h","objectType":"segment"},{"data":{"value":5.656854249492381,"definitionString":"Linjestykke N, F"},"time":1576584998286,"action":"ADD","deltaTime":2596,"objectName":"i","objectType":"segment"},{"data":{"x":"-1.00000","y":"8.00000"},"time":1576585009934,"action":"ADD","deltaTime":11648,"objectName":"R","objectType":"point"},{"data":{"x":"-2.00000","y":"9.00000"},"time":1576585011162,"action":"ADD","deltaTime":1228,"objectName":"S","objectType":"point"},{"data":{"x":"4.14885","y":"12.26718"},"time":1576585015928,"action":"ADD","deltaTime":4766,"objectName":"T","objectType":"point"},{"data":{"x":["2.47978","2.62619","3.15859","3.00000"],"y":["12.35503","12.32575","11.84175","12.00000"]},"time":1576585017400,"action":"UPDATE","deltaTime":[1472,401,8482,10232],"objectName":"T","objectType":"point"},{"data":{"x":"2.00000","y":"13.00000"},"time":1576585038869,"action":"ADD","deltaTime":21469,"objectName":"U","objectType":"point"},{"data":{"x":"-1.00000","y":"10.00000"},"time":1576585045828,"action":"ADD","deltaTime":6959,"objectName":"V","objectType":"point"},{"data":{"x":"0.00000","y":"11.00000","definitionString":"Punkt på yAkse"},"time":1576585047205,"action":"ADD","deltaTime":1377,"objectName":"W","objectType":"point"},{"data":{"x":"1.00000","y":"12.00000"},"time":1576585048227,"action":"ADD","deltaTime":1022,"objectName":"Z","objectType":"point"},{"data":{"value":null,"definitionString":"Linje S, F"},"time":1576585052022,"action":"ADD","deltaTime":3795,"objectName":"j","objectType":"line"},{"data":{"value":2.8284271247461903,"definitionString":"Linjestykke S, F"},"time":1576585061631,"action":"ADD","deltaTime":9609,"objectName":"j","objectType":"segment"},{"data":{"value":5.656854249492381,"definitionString":"Linjestykke S, U"},"time":1576585064906,"action":"ADD","deltaTime":3275,"objectName":"k","objectType":"segment"},{"data":{"x":"2.00000","y":"13.00000"},"time":1576585065195,"action":"UPDATE","deltaTime":289,"objectName":"U","objectType":"point"},{"data":{"value":2.8284271247461903,"definitionString":"Linjestykke U, D"},"time":1576585066802,"action":"ADD","deltaTime":1607,"objectName":"l","objectType":"segment"},{"data":{"x":"4.00000","y":"11.00000"},"time":1576585067094,"action":"UPDATE","deltaTime":292,"objectName":"D","objectType":"point"},{"data":{"value":2.8284271247461903,"definitionString":"Linjestykke A, B"},"time":1576585074266,"action":"ADD","deltaTime":7172,"objectName":"m","objectType":"segment"},{"data":{"x":"3.00000","y":"6.00000"},"time":1576585077497,"action":"ADD","deltaTime":3231,"objectName":"A_1","objectType":"point"},{"data":{"x":"5.00000","y":"8.00000"},"time":1576585079642,"action":"ADD","deltaTime":2145,"objectName":"B_1","objectType":"point"},{"data":{"value":5.656854249492381,"definitionString":"Linjestykke P, H"},"time":1576585084225,"action":"ADD","deltaTime":4583,"objectName":"n","objectType":"segment"},{"data":{"x":"6.00000","y":"9.00000"},"time":1576585084519,"action":"UPDATE","deltaTime":294,"objectName":"H","objectType":"point"},{"data":{"value":2.8284271247461903,"definitionString":"Linjestykke B, H"},"time":1576585101589,"action":"ADD","deltaTime":17070,"objectName":"p","objectType":"segment"},{"data":{"x":"6.00000","y":"9.00000"},"time":1576585101889,"action":"UPDATE","deltaTime":300,"objectName":"H","objectType":"point"},{"data":{"value":4,"definitionString":"Linjestykke H, A"},"time":1576585103583,"action":"ADD","deltaTime":1694,"objectName":"q","objectType":"segment"},{"data":{"value":3.1622776601683795,"definitionString":"Linjestykke B, G"},"time":1576585113242,"action":"ADD","deltaTime":9659,"objectName":"r","objectType":"segment"},{"data":{"x":"5.00000","y":"10.00000"},"time":1576585113535,"action":"UPDATE","deltaTime":293,"objectName":"G","objectType":"point"},{"data":{"value":3.1622776601683795,"definitionString":"Linjestykke G, A"},"time":1576585115102,"action":"ADD","deltaTime":1567,"objectName":"s","objectType":"segment"},{"data":{"value":4,"definitionString":"Linjestykke B, D"},"time":1576585123476,"action":"ADD","deltaTime":8374,"objectName":"t","objectType":"segment"},{"data":{"x":"4.00000","y":"11.00000"},"time":1576585123777,"action":"UPDATE","deltaTime":301,"objectName":"D","objectType":"point"},{"data":{"value":2.8284271247461903,"definitionString":"Linjestykke D, A"},"time":1576585126344,"action":"ADD","deltaTime":2567,"objectName":"a","objectType":"segment"},{"data":{"value":4,"definitionString":"Linjestykke B, F"},"time":1576585131111,"action":"ADD","deltaTime":4767,"objectName":"b","objectType":"segment"},{"data":{"value":4,"definitionString":"Linjestykke A, P"},"time":1576585135401,"action":"ADD","deltaTime":4290,"objectName":"c","objectType":"segment"},{"data":{"x":"2.00000","y":"5.00000"},"time":1576585135702,"action":"UPDATE","deltaTime":301,"objectName":"P","objectType":"point"},{"data":{"value":3.1622776601683795,"definitionString":"Linjestykke A, Q"},"time":1576585138426,"action":"ADD","deltaTime":2724,"objectName":"d","objectType":"segment"},{"data":{"x":"1.00000","y":"6.00000"},"time":1576585138720,"action":"UPDATE","deltaTime":294,"objectName":"Q","objectType":"point"},{"data":{"value":3.1622776601683795,"definitionString":"Linjestykke Q, B"},"time":1576585139986,"action":"ADD","deltaTime":1266,"objectName":"e","objectType":"segment"},{"data":{"value":2.8284271247461903,"definitionString":"Linjestykke A, B"},"time":1576585143064,"action":"ADD","deltaTime":3078,"objectName":"f_1","objectType":"segment"},{"data":{"x":"8.11064","y":"11.84629"},"time":1576585152685,"action":"ADD","deltaTime":9621,"objectName":"C_1","objectType":"point"},{"data":{"x":"8.70623","y":"12.20364"},"time":1576585153126,"action":"ADD","deltaTime":441,"objectName":"D_1","objectType":"point"},{"data":{"value":0.6945697391242044,"definitionString":"Linjestykke C_1, D_1"},"time":1576585153180,"action":"ADD","deltaTime":54,"objectName":"g_1","objectType":"segment"},{"data":{"x":"9.00000","y":"12.00000"},"time":1576585153590,"action":"ADD","deltaTime":410,"objectName":"E_1","objectType":"point"},{"data":{"value":0.35745048773075805,"definitionString":"Linjestykke D_1, E_1"},"time":1576585153672,"action":"ADD","deltaTime":82,"objectName":"h_1","objectType":"segment"},{"data":{"x":"9.46064","y":"11.88600"},"time":1576585154166,"action":"ADD","deltaTime":494,"objectName":"F_1","objectType":"point"},{"data":{"value":0.474540905949193,"definitionString":"Linjestykke E_1, F_1"},"time":1576585154223,"action":"ADD","deltaTime":57,"objectName":"i_1","objectType":"segment"},{"data":{"x":"9.59961","y":"11.42938"},"time":1576585154698,"action":"ADD","deltaTime":475,"objectName":"G_1","objectType":"point"},{"data":{"value":0.4772973997944675,"definitionString":"Linjestykke F_1, G_1"},"time":1576585154760,"action":"ADD","deltaTime":62,"objectName":"j_1","objectType":"segment"},{"data":{"x":"9.59961","y":"11.07202"},"time":1576585155185,"action":"ADD","deltaTime":425,"objectName":"H_1","objectType":"point"},{"data":{"value":0.3573531826278078,"definitionString":"Linjestykke G_1, H_1"},"time":1576585155236,"action":"ADD","deltaTime":51,"objectName":"k_1","objectType":"segment"},{"data":{"x":"9.08344","y":"10.73452"},"time":1576585155668,"action":"ADD","deltaTime":432,"objectName":"I_1","objectType":"point"},{"data":{"value":0.6167210980345009,"definitionString":"Linjestykke H_1, I_1"},"time":1576585155723,"action":"ADD","deltaTime":55,"objectName":"l_1","objectType":"segment"},{"data":{"x":"8.78564","y":"10.71467"},"time":1576585155922,"action":"ADD","deltaTime":199,"objectName":"J_1","objectType":"point"},{"data":{"x":"8.70623","y":"10.11908"},"time":1576585156649,"action":"ADD","deltaTime":727,"objectName":"K_1","objectType":"point"},{"data":{"value":0.6008594363645788,"definitionString":"Linjestykke J_1, K_1"},"time":1576585156697,"action":"ADD","deltaTime":48,"objectName":"m_1","objectType":"segment"},{"data":{"x":"8.68638","y":"9.64261"},"time":1576585161796,"action":"ADD","deltaTime":5099,"objectName":"L_1","objectType":"point"},{"data":{"value":0.4768843340314168,"definitionString":"Linjestykke K_1, L_1"},"time":1576585161846,"action":"ADD","deltaTime":50,"objectName":"n_1","objectType":"segment"},{"data":{"x":"8.76579","y":"8.94776"},"time":1576585162865,"action":"ADD","deltaTime":1019,"objectName":"M_1","objectType":"point"},{"data":{"x":"8.74594","y":"8.61026"},"time":1576585164436,"action":"ADD","deltaTime":1571,"objectName":"N_1","objectType":"point"},{"data":{"value":0.3380836342256889,"definitionString":"Linjestykke M_1, N_1"},"time":1576585164510,"action":"ADD","deltaTime":74,"objectName":"p_1","objectType":"segment"}]