[{"data":{"x":"9.00000","y":"5.00000"},"time":1576581269687,"action":"ADD","deltaTime":null,"objectName":"A","objectType":"point"},{"data":{"x":"3.00000","y":"11.00000"},"time":1576581276215,"action":"ADD","deltaTime":6528,"objectName":"B","objectType":"point"},{"data":{"x":"3.00000","y":"5.00000"},"time":1576581294570,"action":"ADD","deltaTime":18355,"objectName":"C","objectType":"point"},{"data":{"x":"3.00000","y":"5.00000"},"time":1576581302083,"action":"ADD","deltaTime":7513,"objectName":"C","objectType":"point"},{"data":{"x":"9.00000","y":"11.00000"},"time":1576581306066,"action":"ADD","deltaTime":3983,"objectName":"D","objectType":"point"},{"data":{"x":"11.00000","y":"8.00000"},"time":1576581321923,"action":"ADD","deltaTime":15857,"objectName":"E","objectType":"point"},{"data":{"x":"1.00000","y":"8.00000"},"time":1576581327349,"action":"ADD","deltaTime":5426,"objectName":"F","objectType":"point"},{"data":{"x":"1.00000","y":"8.00000"},"time":1576581342768,"action":"ADD","deltaTime":15419,"objectName":"F","objectType":"point"},{"data":{"x":"6.00000","y":"14.00000"},"time":1576581350473,"action":"ADD","deltaTime":7705,"objectName":"G","objectType":"point"},{"data":{"x":"6.00000","y":"3.00000"},"time":1576581360581,"action":"ADD","deltaTime":10108,"objectName":"H","objectType":"point"},{"data":{"x":"6.00000","y":"2.00000"},"time":1576581380263,"action":"ADD","deltaTime":19682,"objectName":"H","objectType":"point"},{"data":{"value":6,"definitionString":"Linjestykke B, C"},"time":1576581440013,"action":"ADD","deltaTime":59750,"objectName":"f","objectType":"segment"},{"data":{"x":"3.00000","y":"5.00000"},"time":1576581440305,"action":"UPDATE","deltaTime":292,"objectName":"C","objectType":"point"},{"data":{"value":6,"definitionString":"Linjestykke C, A"},"time":1576581443110,"action":"ADD","deltaTime":2805,"objectName":"g","objectType":"segment"},{"data":{"x":"9.00000","y":"5.00000"},"time":1576581443392,"action":"UPDATE","deltaTime":282,"objectName":"A","objectType":"point"},{"data":{"value":6,"definitionString":"Linjestykke D, A"},"time":1576581446818,"action":"ADD","deltaTime":3426,"objectName":"h","objectType":"segment"},{"data":{"x":"9.00000","y":"5.00000"},"time":1576581447100,"action":"UPDATE","deltaTime":282,"objectName":"A","objectType":"point"},{"data":{"value":6,"definitionString":"Linjestykke B, D"},"time":1576581449899,"action":"ADD","deltaTime":2799,"objectName":"i","objectType":"segment"},{"data":{"x":"9.00000","y":"11.00000"},"time":1576581450181,"action":"UPDATE","deltaTime":282,"objectName":"D","objectType":"point"},{"data":{"x":["12.13303","11.45851","24.47666"],"y":["6.40198","6.43570","9.13376"]},"time":1576581516435,"action":"UPDATE","deltaTime":[66254,3299,7890],"objectName":"E","objectType":"point"},{"data":{"value":6,"definitionString":"Linjestykke B, C"},"time":1576581536826,"action":"ADD","deltaTime":20391,"objectName":"f","objectType":"segment"},{"data":{"x":"3.00000","y":"5.00000"},"time":1576581537140,"action":"UPDATE","deltaTime":314,"objectName":"C","objectType":"point"},{"data":{"x":"8.86163","y":"8.59415"},"time":1576581538243,"action":"ADD","deltaTime":1103,"objectName":"E","objectType":"point"},{"data":{"value":3.5968133764471144,"definitionString":"Linjestykke A, E"},"time":1576581538271,"action":"ADD","deltaTime":28,"objectName":"g","objectType":"segment"},{"data":{"value":6,"definitionString":"Linjestykke A, C"},"time":1576581543780,"action":"ADD","deltaTime":5509,"objectName":"g","objectType":"segment"},{"data":{"x":"3.00000","y":"5.00000"},"time":1576581544058,"action":"UPDATE","deltaTime":278,"objectName":"C","objectType":"point"},{"data":{"value":6,"definitionString":"Linjestykke A, D"},"time":1576581546118,"action":"ADD","deltaTime":2060,"objectName":"h","objectType":"segment"},{"data":{"x":"9.00000","y":"11.00000"},"time":1576581546397,"action":"UPDATE","deltaTime":279,"objectName":"D","objectType":"point"},{"data":{"value":6,"definitionString":"Linjestykke D, B"},"time":1576581549329,"action":"ADD","deltaTime":2932,"objectName":"i","objectType":"segment"},{"data":{"x":"3.00000","y":"11.00000"},"time":1576581549607,"action":"UPDATE","deltaTime":278,"objectName":"B","objectType":"point"},{"data":{"x":"3.00000","y":"8.00000","definitionString":"Punkt på f"},"time":1576581552257,"action":"ADD","deltaTime":2650,"objectName":"E","objectType":"point"},{"data":{"x":"9.00000","y":"8.00000","definitionString":"Punkt på h"},"time":1576581554114,"action":"ADD","deltaTime":1857,"objectName":"F","objectType":"point"},{"data":{"x":"6.00000","y":"11.00000","definitionString":"Punkt på i"},"time":1576581555670,"action":"ADD","deltaTime":1556,"objectName":"G","objectType":"point"},{"data":{"x":"6.00000","y":"5.00000","definitionString":"Punkt på g"},"time":1576581557831,"action":"ADD","deltaTime":2161,"objectName":"H","objectType":"point"}]