[{"data":{"value":3.1622776601683795,"definitionString":"Linjestykke A, B"},"time":1576581767085,"action":"ADD","deltaTime":null,"objectName":"f","objectType":"segment"},{"data":{"x":"7.00000","y":"8.00000"},"time":1576581810483,"action":"ADD","deltaTime":43398,"objectName":"C","objectType":"point"},{"data":{"value":2.8284271247461903,"definitionString":"Linjestykke C, B"},"time":1576581826954,"action":"ADD","deltaTime":16471,"objectName":"g","objectType":"segment"},{"data":{"value":3.1622776601683795,"definitionString":"Linjestykke C, A"},"time":1576581829570,"action":"ADD","deltaTime":2616,"objectName":"h","objectType":"segment"},{"data":{"x":"2.00000","y":"7.00000"},"time":1576581861922,"action":"ADD","deltaTime":32352,"objectName":"C","objectType":"point"},{"data":{"value":2.8284271247461903,"definitionString":"Linjestykke A, C"},"time":1576581868101,"action":"ADD","deltaTime":6179,"objectName":"g","objectType":"segment"},{"data":{"value":3.1622776601683795,"definitionString":"Linjestykke C, B"},"time":1576581870330,"action":"ADD","deltaTime":2229,"objectName":"h","objectType":"segment"},{"data":{"x":"8.00000","y":"9.00000"},"time":1576581921559,"action":"ADD","deltaTime":51229,"objectName":"C","objectType":"point"},{"data":{"value":4,"definitionString":"Linjestykke C, A"},"time":1576581923313,"action":"ADD","deltaTime":1754,"objectName":"g","objectType":"segment"},{"data":{"value":4.242640687119286,"definitionString":"Linjestykke C, B"},"time":1576581928233,"action":"ADD","deltaTime":4920,"objectName":"h","objectType":"segment"},{"data":{"x":"1.00000","y":"6.00000"},"time":1576582025466,"action":"ADD","deltaTime":97233,"objectName":"C","objectType":"point"},{"data":{"value":4.242640687119286,"definitionString":"Linjestykke C, A"},"time":1576582028729,"action":"ADD","deltaTime":3263,"objectName":"g","objectType":"segment"},{"data":{"value":4,"definitionString":"Linjestykke C, B"},"time":1576582031793,"action":"ADD","deltaTime":3064,"objectName":"h","objectType":"segment"},{"data":{"x":"7.00000","y":"8.00000"},"time":1576582082068,"action":"ADD","deltaTime":50275,"objectName":"C","objectType":"point"},{"data":{"value":2.8284271247461903,"definitionString":"Linjestykke C, B"},"time":1576582083632,"action":"ADD","deltaTime":1564,"objectName":"g","objectType":"segment"},{"data":{"value":3.1622776601683795,"definitionString":"Linjestykke C, A"},"time":1576582086108,"action":"ADD","deltaTime":2476,"objectName":"h","objectType":"segment"}]