[{"data":{"x":"6.02867","y":"5.76119"},"time":1576581126347,"action":"ADD","deltaTime":null,"objectName":"A","objectType":"point"},{"data":{"value":2.2389972722940157,"definitionString":"Linjestykke S, A"},"time":1576581126408,"action":"ADD","deltaTime":61,"objectName":"f","objectType":"segment"},{"data":{"x":"12.00000","y":"8.00000"},"time":1576581135807,"action":"ADD","deltaTime":9399,"objectName":"A","objectType":"point"},{"data":{"value":6,"definitionString":"Linjestykke S, A"},"time":1576581135840,"action":"ADD","deltaTime":33,"objectName":"f","objectType":"segment"},{"data":{"x":"6.00000","y":"2.00000"},"time":1576581149375,"action":"ADD","deltaTime":13535,"objectName":"B","objectType":"point"},{"data":{"value":6,"definitionString":"Linjestykke S, B"},"time":1576581149427,"action":"ADD","deltaTime":52,"objectName":"g","objectType":"segment"},{"data":{"x":"0.00000","y":"8.00000","definitionString":"Punkt på yAkse"},"time":1576581154942,"action":"ADD","deltaTime":5515,"objectName":"C","objectType":"point"},{"data":{"value":6,"definitionString":"Linjestykke S, C"},"time":1576581154971,"action":"ADD","deltaTime":29,"objectName":"h","objectType":"segment"},{"data":{"x":"6.00000","y":"14.00000"},"time":1576581161374,"action":"ADD","deltaTime":6403,"objectName":"D","objectType":"point"},{"data":{"value":6,"definitionString":"Linjestykke S, D"},"time":1576581161409,"action":"ADD","deltaTime":35,"objectName":"i","objectType":"segment"},{"data":{"x":"9.00000","y":"11.00000"},"time":1576581268388,"action":"ADD","deltaTime":106979,"objectName":"E","objectType":"point"},{"data":{"x":"9.00000","y":"5.00000"},"time":1576581319372,"action":"ADD","deltaTime":50984,"objectName":"F","objectType":"point"},{"data":{"x":"3.00000","y":"5.00000"},"time":1576581324805,"action":"ADD","deltaTime":5433,"objectName":"G","objectType":"point"},{"data":{"x":"3.00000","y":"11.00000"},"time":1576581327379,"action":"ADD","deltaTime":2574,"objectName":"H","objectType":"point"},{"data":{"value":4.242640687119286,"definitionString":"Linjestykke D, H"},"time":1576581443022,"action":"ADD","deltaTime":115643,"objectName":"j","objectType":"segment"},{"data":{"value":4.242640687119286,"definitionString":"Linjestykke H, C"},"time":1576581445043,"action":"ADD","deltaTime":2021,"objectName":"k","objectType":"segment"},{"data":{"value":4.242640687119286,"definitionString":"Linjestykke C, G"},"time":1576581447476,"action":"ADD","deltaTime":2433,"objectName":"l","objectType":"segment"},{"data":{"value":4.242640687119286,"definitionString":"Linjestykke G, B"},"time":1576581494786,"action":"ADD","deltaTime":47310,"objectName":"m","objectType":"segment"},{"data":{"x":"6.00000","y":"2.00000"},"time":1576581495070,"action":"UPDATE","deltaTime":284,"objectName":"B","objectType":"point"},{"data":{"value":4.242640687119286,"definitionString":"Linjestykke B, F"},"time":1576581496486,"action":"ADD","deltaTime":1416,"objectName":"n","objectType":"segment"},{"data":{"value":4.242640687119286,"definitionString":"Linjestykke F, A"},"time":1576581497930,"action":"ADD","deltaTime":1444,"objectName":"p","objectType":"segment"},{"data":{"x":"12.00000","y":"8.00000"},"time":1576581498213,"action":"UPDATE","deltaTime":283,"objectName":"A","objectType":"point"},{"data":{"value":4.242640687119286,"definitionString":"Linjestykke A, E"},"time":1576581499426,"action":"ADD","deltaTime":1213,"objectName":"q","objectType":"segment"},{"data":{"value":4.242640687119286,"definitionString":"Linjestykke E, D"},"time":1576581501135,"action":"ADD","deltaTime":1709,"objectName":"r","objectType":"segment"},{"data":{"x":"6.00000","y":"14.00000"},"time":1576581501415,"action":"UPDATE","deltaTime":281,"objectName":"D","objectType":"point"}]