[{"data":{"x":"4.00000","y":"8.00000"},"time":1576581800211,"action":"ADD","deltaTime":null,"objectName":"C","objectType":"point"},{"data":{"value":1,"definitionString":"Linjestykke A, C"},"time":1576581800277,"action":"ADD","deltaTime":66,"objectName":"f","objectType":"segment"},{"data":{"x":"4.00000","y":"7.00000"},"time":1576581803790,"action":"ADD","deltaTime":3513,"objectName":"D","objectType":"point"},{"data":{"value":1,"definitionString":"Linjestykke C, D"},"time":1576581803826,"action":"ADD","deltaTime":36,"objectName":"g","objectType":"segment"},{"data":{"x":"4.00000","y":"6.00000"},"time":1576581806634,"action":"ADD","deltaTime":2808,"objectName":"E","objectType":"point"},{"data":{"value":1,"definitionString":"Linjestykke D, E"},"time":1576581806666,"action":"ADD","deltaTime":32,"objectName":"h","objectType":"segment"},{"data":{"value":1,"definitionString":"Linjestykke E, B"},"time":1576581808666,"action":"ADD","deltaTime":2000,"objectName":"i","objectType":"segment"},{"data":{"value":null,"definitionString":"Midtnormal AB"},"time":1576581845326,"action":"ADD","deltaTime":36660,"objectName":"f","objectType":"line"},{"data":{"x":"5.00000","y":"9.00000"},"time":1576581873501,"action":"ADD","deltaTime":28175,"objectName":"C","objectType":"point"},{"data":{"value":1,"definitionString":"Linjestykke A, C"},"time":1576581873537,"action":"ADD","deltaTime":36,"objectName":"f","objectType":"segment"},{"data":{"x":"6.00000","y":"9.00000"},"time":1576581874874,"action":"ADD","deltaTime":1337,"objectName":"D","objectType":"point"},{"data":{"value":3.1622776601683795,"definitionString":"Linjestykke A, B"},"time":1576581881560,"action":"ADD","deltaTime":6686,"objectName":"f","objectType":"segment"},{"data":{"x":"5.00000","y":"7.00000"},"time":1576581925265,"action":"ADD","deltaTime":43705,"objectName":"C","objectType":"point"},{"data":{"value":1,"definitionString":"Linjestykke B, C"},"time":1576581925304,"action":"ADD","deltaTime":39,"objectName":"f","objectType":"segment"},{"data":{"x":"4.00000","y":"7.00000"},"time":1576581927302,"action":"ADD","deltaTime":1998,"objectName":"D","objectType":"point"},{"data":{"value":1,"definitionString":"Linjestykke C, D"},"time":1576581927334,"action":"ADD","deltaTime":32,"objectName":"g","objectType":"segment"},{"data":{"x":"4.00000","y":"8.00000"},"time":1576581929157,"action":"ADD","deltaTime":1823,"objectName":"E","objectType":"point"},{"data":{"value":1,"definitionString":"Linjestykke D, E"},"time":1576581929187,"action":"ADD","deltaTime":30,"objectName":"h","objectType":"segment"},{"data":{"value":1,"definitionString":"Linjestykke E, A"},"time":1576581930517,"action":"ADD","deltaTime":1330,"objectName":"i","objectType":"segment"},{"data":{"x":"5.00000","y":"9.00000"},"time":1576581943794,"action":"ADD","deltaTime":13277,"objectName":"F","objectType":"point"},{"data":{"value":1,"definitionString":"Linjestykke A, F"},"time":1576581943830,"action":"ADD","deltaTime":36,"objectName":"j","objectType":"segment"},{"data":{"x":"6.00000","y":"9.00000"},"time":1576581945558,"action":"ADD","deltaTime":1728,"objectName":"G","objectType":"point"},{"data":{"value":1,"definitionString":"Linjestykke F, G"},"time":1576581945585,"action":"ADD","deltaTime":27,"objectName":"k","objectType":"segment"},{"data":{"x":"4.00000","y":"6.00000"},"time":1576581958372,"action":"ADD","deltaTime":12787,"objectName":"C","objectType":"point"},{"data":{"value":1,"definitionString":"Linjestykke B, C"},"time":1576581958402,"action":"ADD","deltaTime":30,"objectName":"f","objectType":"segment"},{"data":{"x":"4.00000","y":"7.00000"},"time":1576581960033,"action":"ADD","deltaTime":1631,"objectName":"D","objectType":"point"},{"data":{"x":"4.00000","y":"8.00000"},"time":1576581961105,"action":"ADD","deltaTime":1072,"objectName":"E","objectType":"point"},{"data":{"value":1,"definitionString":"Linjestykke D, E"},"time":1576581961142,"action":"ADD","deltaTime":37,"objectName":"g","objectType":"segment"},{"data":{"value":1,"definitionString":"Linjestykke A, E"},"time":1576581963443,"action":"ADD","deltaTime":2301,"objectName":"h","objectType":"segment"},{"data":{"value":1,"definitionString":"Linjestykke D, C"},"time":1576581965483,"action":"ADD","deltaTime":2040,"objectName":"i","objectType":"segment"},{"data":{"x":"5.00000","y":"9.00000"},"time":1576581975810,"action":"ADD","deltaTime":10327,"objectName":"F","objectType":"point"},{"data":{"value":1,"definitionString":"Linjestykke A, F"},"time":1576581975845,"action":"ADD","deltaTime":35,"objectName":"j","objectType":"segment"},{"data":{"x":"5.00000","y":"8.00000"},"time":1576581978368,"action":"ADD","deltaTime":2523,"objectName":"G","objectType":"point"},{"data":{"value":1,"definitionString":"Linjestykke F, G"},"time":1576581978401,"action":"ADD","deltaTime":33,"objectName":"k","objectType":"segment"},{"data":{"x":"6.00000","y":"8.00000"},"time":1576581980599,"action":"ADD","deltaTime":2198,"objectName":"H","objectType":"point"},{"data":{"value":1,"definitionString":"Linjestykke G, H"},"time":1576581980633,"action":"ADD","deltaTime":34,"objectName":"l","objectType":"segment"},{"data":{"x":"6.00000","y":"7.00000"},"time":1576581982248,"action":"ADD","deltaTime":1615,"objectName":"I","objectType":"point"},{"data":{"value":1,"definitionString":"Linjestykke H, I"},"time":1576581982281,"action":"ADD","deltaTime":33,"objectName":"m","objectType":"segment"},{"data":{"x":"5.00000","y":"7.00000"},"time":1576581983942,"action":"ADD","deltaTime":1661,"objectName":"J","objectType":"point"},{"data":{"value":1,"definitionString":"Linjestykke I, J"},"time":1576581983969,"action":"ADD","deltaTime":27,"objectName":"n","objectType":"segment"},{"data":{"value":1,"definitionString":"Linjestykke J, B"},"time":1576581985196,"action":"ADD","deltaTime":1227,"objectName":"p","objectType":"segment"},{"data":{"value":3.1622776601683795,"definitionString":"Linjestykke A, B"},"time":1576582012870,"action":"ADD","deltaTime":27674,"objectName":"f","objectType":"segment"},{"data":{"x":"8.00000","y":"9.00000"},"time":1576582019314,"action":"ADD","deltaTime":6444,"objectName":"C","objectType":"point"},{"data":{"x":"7.00000","y":"9.00000"},"time":1576582035903,"action":"ADD","deltaTime":16589,"objectName":"D","objectType":"point"},{"data":{"value":3,"definitionString":"Linjestykke A, D"},"time":1576582043865,"action":"ADD","deltaTime":7962,"objectName":"g","objectType":"segment"},{"data":{"value":3.6055512754639896,"definitionString":"Linjestykke D, B"},"time":1576582046932,"action":"ADD","deltaTime":3067,"objectName":"h","objectType":"segment"},{"data":{"x":"6.69455","y":"9.03636"},"time":1576582111055,"action":"ADD","deltaTime":64123,"objectName":"C","objectType":"point"},{"data":{"value":3.4772098627710246,"definitionString":"Linjestykke B, C"},"time":1576582111087,"action":"ADD","deltaTime":32,"objectName":"g","objectType":"segment"},{"data":{"x":"7.00000","y":"8.00000"},"time":1576582146336,"action":"ADD","deltaTime":35249,"objectName":"C","objectType":"point"},{"data":{"value":3.1622776601683795,"definitionString":"Linjestykke C, A"},"time":1576582160534,"action":"ADD","deltaTime":14198,"objectName":"f","objectType":"segment"},{"data":{"value":3.1622776601683795,"definitionString":"Linjestykke A, B"},"time":1576582163024,"action":"ADD","deltaTime":2490,"objectName":"g","objectType":"segment"},{"data":{"value":2.8284271247461903,"definitionString":"Linjestykke B, C"},"time":1576582164756,"action":"ADD","deltaTime":1732,"objectName":"h","objectType":"segment"}]