[{"data":{"x":"3.00000","y":"10.00000"},"time":1576584934881,"action":"ADD","deltaTime":null,"objectName":"C","objectType":"point"},{"data":{"x":"4.00000","y":"11.00000"},"time":1576584936255,"action":"ADD","deltaTime":1374,"objectName":"D","objectType":"point"},{"data":{"x":"1.00000","y":"8.00000"},"time":1576584937830,"action":"ADD","deltaTime":1575,"objectName":"E","objectType":"point"},{"data":{"x":"0.00000","y":"7.00000","definitionString":"Punkt på yAkse"},"time":1576584938855,"action":"ADD","deltaTime":1025,"objectName":"F","objectType":"point"},{"data":{"x":"5.00000","y":"10.00000"},"time":1576584943099,"action":"ADD","deltaTime":4244,"objectName":"G","objectType":"point"},{"data":{"x":"6.00000","y":"9.00000"},"time":1576584944280,"action":"ADD","deltaTime":1181,"objectName":"H","objectType":"point"},{"data":{"x":"7.00000","y":"8.00000"},"time":1576584949524,"action":"ADD","deltaTime":5244,"objectName":"I","objectType":"point"},{"data":{"x":"8.00000","y":"7.00000"},"time":1576584951621,"action":"ADD","deltaTime":2097,"objectName":"J","objectType":"point"},{"data":{"x":"7.00000","y":"6.00000"},"time":1576584953153,"action":"ADD","deltaTime":1532,"objectName":"K","objectType":"point"},{"data":{"x":"6.00000","y":"5.00000"},"time":1576584959740,"action":"ADD","deltaTime":6587,"objectName":"L","objectType":"point"},{"data":{"x":"5.00000","y":"4.00000"},"time":1576584961347,"action":"ADD","deltaTime":1607,"objectName":"M","objectType":"point"},{"data":{"x":"4.00000","y":"3.00000"},"time":1576584968762,"action":"ADD","deltaTime":7415,"objectName":"N","objectType":"point"},{"data":{"x":"3.00000","y":"4.00000"},"time":1576584970159,"action":"ADD","deltaTime":1397,"objectName":"O","objectType":"point"},{"data":{"x":"2.00000","y":"5.00000"},"time":1576584971744,"action":"ADD","deltaTime":1585,"objectName":"P","objectType":"point"},{"data":{"x":"1.00000","y":"6.00000"},"time":1576584979354,"action":"ADD","deltaTime":7610,"objectName":"Q","objectType":"point"},{"data":{"x":"3.00000","y":"6.00000"},"time":1576584988673,"action":"ADD","deltaTime":9319,"objectName":"R","objectType":"point"},{"data":{"x":"5.00000","y":"8.00000"},"time":1576584991035,"action":"ADD","deltaTime":2362,"objectName":"S","objectType":"point"},{"data":{"x":"3.00000","y":"12.00000"},"time":1576584996521,"action":"ADD","deltaTime":5486,"objectName":"T","objectType":"point"},{"data":{"x":"2.00000","y":"13.00000"},"time":1576585024116,"action":"ADD","deltaTime":27595,"objectName":"U","objectType":"point"},{"data":{"x":"1.00000","y":"12.00000"},"time":1576585033477,"action":"ADD","deltaTime":9361,"objectName":"V","objectType":"point"},{"data":{"x":"0.00000","y":"11.00000","definitionString":"Punkt på yAkse"},"time":1576585035906,"action":"ADD","deltaTime":2429,"objectName":"W","objectType":"point"},{"data":{"x":"-1.00000","y":"10.00000"},"time":1576585037966,"action":"ADD","deltaTime":2060,"objectName":"Z","objectType":"point"},{"data":{"x":"-2.00000","y":"9.00000"},"time":1576585039259,"action":"ADD","deltaTime":1293,"objectName":"A_1","objectType":"point"},{"data":{"x":"-1.00000","y":"8.00000"},"time":1576585041415,"action":"ADD","deltaTime":2156,"objectName":"B_1","objectType":"point"},{"data":{"value":4.242640687119286,"definitionString":"Linjestykke V, A_1"},"time":1576585048632,"action":"ADD","deltaTime":7217,"objectName":"f","objectType":"segment"},{"data":{"value":7.0710678118654755,"definitionString":"Linjestykke A_1, O"},"time":1576585055059,"action":"ADD","deltaTime":6427,"objectName":"g","objectType":"segment"},{"data":{"value":5.656854249492381,"definitionString":"Linjestykke F, D"},"time":1576585059738,"action":"ADD","deltaTime":4679,"objectName":"h","objectType":"segment"},{"data":{"value":8.485281374238571,"definitionString":"Linjestykke U, J"},"time":1576585063855,"action":"ADD","deltaTime":4117,"objectName":"i","objectType":"segment"},{"data":{"value":5.656854249492381,"definitionString":"Linjestykke P, H"},"time":1576585067559,"action":"ADD","deltaTime":3704,"objectName":"j","objectType":"segment"},{"data":{"value":2.8284271247461903,"definitionString":"Linjestykke A, B"},"time":1576585073326,"action":"ADD","deltaTime":5767,"objectName":"k","objectType":"segment"},{"data":{"x":"1.85326","y":"13.31182"},"time":1576585080769,"action":"UPDATE","deltaTime":7443,"objectName":"U","objectType":"point"},{"data":{"x":"7.85326","y":"7.31182"},"time":1576585080853,"action":"UPDATE","deltaTime":84,"objectName":"J","objectType":"point"},{"data":{"value":8.485281374238571,"definitionString":"Linjestykke U, J"},"time":1576585080934,"action":"UPDATE","deltaTime":81,"objectName":"i","objectType":"segment"},{"data":{"value":1.4142135623730951,"definitionString":"Linjestykke O, N"},"time":1576585085969,"action":"ADD","deltaTime":5035,"objectName":"l","objectType":"segment"},{"data":{"value":5.782683408233007,"definitionString":"Linjestykke N, J"},"time":1576585088624,"action":"ADD","deltaTime":2655,"objectName":"m","objectType":"segment"},{"data":{"x":"8.00000","y":"7.00000"},"time":1576585107301,"action":"UPDATE","deltaTime":18677,"objectName":"J","objectType":"point"},{"data":{"value":8.810307680652526,"definitionString":"Linjestykke U, J"},"time":1576585107388,"action":"UPDATE","deltaTime":87,"objectName":"i","objectType":"segment"},{"data":{"value":5.656854249492381,"definitionString":"Linjestykke N, J"},"time":1576585107478,"action":"UPDATE","deltaTime":90,"objectName":"m","objectType":"segment"},{"data":{"value":3.1622776601683795,"definitionString":"Linjestykke A, G"},"time":1576585128488,"action":"ADD","deltaTime":21010,"objectName":"n","objectType":"segment"},{"data":{"value":3.1622776601683795,"definitionString":"Linjestykke G, B"},"time":1576585132240,"action":"ADD","deltaTime":3752,"objectName":"p","objectType":"segment"},{"data":{"value":4,"definitionString":"Linjestykke B, D"},"time":1576585134059,"action":"ADD","deltaTime":1819,"objectName":"q","objectType":"segment"},{"data":{"value":4,"definitionString":"Linjestykke A, H"},"time":1576585137263,"action":"ADD","deltaTime":3204,"objectName":"r","objectType":"segment"}]