[{"data":{"x":"0.00000","y":"8.00000","definitionString":"Punkt på yAkse"},"time":1576580823282,"action":"ADD","deltaTime":null,"objectName":"A","objectType":"point"},{"data":{"x":"12.13303","y":"7.98709"},"time":1576580829973,"action":"ADD","deltaTime":6691,"objectName":"B","objectType":"point"},{"data":{"value":null,"definitionString":"Linje A, B"},"time":1576580830010,"action":"ADD","deltaTime":37,"objectName":"f","objectType":"line"},{"data":{"x":"6.00000","y":"14.00000"},"time":1576580917649,"action":"ADD","deltaTime":87639,"objectName":"C","objectType":"point"},{"data":{"x":"6.00000","y":"2.00000"},"time":1576580931602,"action":"ADD","deltaTime":13953,"objectName":"D","objectType":"point"},{"data":{"x":"12.13303","y":"7.98709"},"time":1576581005772,"action":"UPDATE","deltaTime":74170,"objectName":"B","objectType":"point"},{"data":{"x":"11.28989","y":"8.83023"},"time":1576581012325,"action":"ADD","deltaTime":6553,"objectName":"E","objectType":"point"},{"data":{"value":null,"definitionString":"Linje C, E"},"time":1576581012353,"action":"ADD","deltaTime":28,"objectName":"g","objectType":"line"},{"data":{"value":8.588898667014814,"definitionString":"Linjestykke B, C"},"time":1576581025093,"action":"ADD","deltaTime":12740,"objectName":"g","objectType":"segment"},{"data":{"x":"6.00000","y":"14.00000"},"time":1576581025381,"action":"UPDATE","deltaTime":288,"objectName":"C","objectType":"point"},{"data":{"value":null,"definitionString":"Midtnormal g"},"time":1576581027644,"action":"ADD","deltaTime":2263,"objectName":"h","objectType":"line"},{"data":{"x":"10.00000","y":"4.00000"},"time":1576581202065,"action":"ADD","deltaTime":174421,"objectName":"E","objectType":"point"},{"data":{"x":"10.00000","y":"12.00000"},"time":1576581206016,"action":"ADD","deltaTime":3951,"objectName":"F","objectType":"point"},{"data":{"x":"2.00000","y":"12.00000"},"time":1576581209221,"action":"ADD","deltaTime":3205,"objectName":"G","objectType":"point"},{"data":{"x":"2.00000","y":"4.00000"},"time":1576581213213,"action":"ADD","deltaTime":3992,"objectName":"H","objectType":"point"},{"data":{"x":"10.00000","y":"4.00000"},"time":1576581308833,"action":"ADD","deltaTime":95620,"objectName":"E","objectType":"point"},{"data":{"x":"7.00000","y":"2.00000"},"time":1576581329969,"action":"ADD","deltaTime":21136,"objectName":"F","objectType":"point"},{"data":{"x":"7.00000","y":"3.00000"},"time":1576581333336,"action":"ADD","deltaTime":3367,"objectName":"G","objectType":"point"},{"data":{"x":"8.00000","y":"3.00000"},"time":1576581335105,"action":"ADD","deltaTime":1769,"objectName":"H","objectType":"point"},{"data":{"x":"8.00000","y":"4.00000"},"time":1576581336076,"action":"ADD","deltaTime":971,"objectName":"I","objectType":"point"},{"data":{"value":1,"definitionString":"Linjestykke D, F"},"time":1576581340095,"action":"ADD","deltaTime":4019,"objectName":"g","objectType":"segment"},{"data":{"value":1,"definitionString":"Linjestykke G, H"},"time":1576581341875,"action":"ADD","deltaTime":1780,"objectName":"h","objectType":"segment"},{"data":{"value":2,"definitionString":"Linjestykke I, E"},"time":1576581343415,"action":"ADD","deltaTime":1540,"objectName":"i","objectType":"segment"},{"data":{"value":1,"definitionString":"Linjestykke I, H"},"time":1576581345495,"action":"ADD","deltaTime":2080,"objectName":"j","objectType":"segment"},{"data":{"value":1,"definitionString":"Linjestykke G, F"},"time":1576581347043,"action":"ADD","deltaTime":1548,"objectName":"k","objectType":"segment"},{"data":{"x":"10.00000","y":"6.00000"},"time":1576581357509,"action":"ADD","deltaTime":10466,"objectName":"J","objectType":"point"},{"data":{"x":"11.00000","y":"6.00000"},"time":1576581358681,"action":"ADD","deltaTime":1172,"objectName":"K","objectType":"point"},{"data":{"x":"11.00000","y":"7.00000"},"time":1576581359470,"action":"ADD","deltaTime":789,"objectName":"L","objectType":"point"},{"data":{"x":"12.00000","y":"7.00000"},"time":1576581360350,"action":"ADD","deltaTime":880,"objectName":"M","objectType":"point"},{"data":{"x":["12.13303","12.00000","12.00000"],"y":["7.98709","8.00000","8.00000"]},"time":1576581378090,"action":"UPDATE","deltaTime":[17740,949,1478],"objectName":"B","objectType":"point"},{"data":{"value":1,"definitionString":"Linjestykke B, M"},"time":1576581385621,"action":"ADD","deltaTime":7531,"objectName":"l","objectType":"segment"},{"data":{"x":"12.00000","y":"7.00000"},"time":1576581385901,"action":"UPDATE","deltaTime":280,"objectName":"M","objectType":"point"},{"data":{"value":1,"definitionString":"Linjestykke L, M"},"time":1576581387692,"action":"ADD","deltaTime":1791,"objectName":"m","objectType":"segment"},{"data":{"x":"12.00000","y":"7.00000"},"time":1576581387967,"action":"UPDATE","deltaTime":275,"objectName":"M","objectType":"point"},{"data":{"value":1,"definitionString":"Linjestykke L, K"},"time":1576581389137,"action":"ADD","deltaTime":1170,"objectName":"n","objectType":"segment"},{"data":{"x":"11.00000","y":"6.00000"},"time":1576581389413,"action":"UPDATE","deltaTime":276,"objectName":"K","objectType":"point"},{"data":{"value":1,"definitionString":"Linjestykke K, J"},"time":1576581390454,"action":"ADD","deltaTime":1041,"objectName":"p","objectType":"segment"},{"data":{"x":"10.00000","y":"6.00000"},"time":1576581390731,"action":"UPDATE","deltaTime":277,"objectName":"J","objectType":"point"},{"data":{"value":2,"definitionString":"Linjestykke J, E"},"time":1576581391696,"action":"ADD","deltaTime":965,"objectName":"q","objectType":"segment"},{"data":{"x":"10.00000","y":"4.00000"},"time":1576581391972,"action":"UPDATE","deltaTime":276,"objectName":"E","objectType":"point"},{"data":{"x":"12.00000","y":"9.00000"},"time":1576581407898,"action":"ADD","deltaTime":15926,"objectName":"N","objectType":"point"},{"data":{"x":"11.00000","y":"9.00000"},"time":1576581409142,"action":"ADD","deltaTime":1244,"objectName":"O","objectType":"point"},{"data":{"x":"11.00000","y":"10.00000"},"time":1576581409972,"action":"ADD","deltaTime":830,"objectName":"P","objectType":"point"},{"data":{"x":"10.00000","y":"10.00000"},"time":1576581411872,"action":"ADD","deltaTime":1900,"objectName":"Q","objectType":"point"},{"data":{"x":"10.00000","y":"12.00000"},"time":1576581413653,"action":"ADD","deltaTime":1781,"objectName":"R","objectType":"point"},{"data":{"x":"8.00000","y":"12.00000"},"time":1576581415492,"action":"ADD","deltaTime":1839,"objectName":"T","objectType":"point"},{"data":{"x":"8.00000","y":"13.00000"},"time":1576581416209,"action":"ADD","deltaTime":717,"objectName":"U","objectType":"point"},{"data":{"x":"7.00000","y":"13.00000"},"time":1576581416888,"action":"ADD","deltaTime":679,"objectName":"V","objectType":"point"},{"data":{"x":"7.00000","y":"14.00000"},"time":1576581420671,"action":"ADD","deltaTime":3783,"objectName":"W","objectType":"point"},{"data":{"value":1,"definitionString":"Linjestykke B, N"},"time":1576581432422,"action":"ADD","deltaTime":11751,"objectName":"r","objectType":"segment"},{"data":{"value":1,"definitionString":"Linjestykke N, O"},"time":1576581433714,"action":"ADD","deltaTime":1292,"objectName":"s","objectType":"segment"},{"data":{"value":1,"definitionString":"Linjestykke O, P"},"time":1576581434503,"action":"ADD","deltaTime":789,"objectName":"t","objectType":"segment"},{"data":{"value":1,"definitionString":"Linjestykke P, Q"},"time":1576581435656,"action":"ADD","deltaTime":1153,"objectName":"a","objectType":"segment"},{"data":{"value":2,"definitionString":"Linjestykke Q, R"},"time":1576581437110,"action":"ADD","deltaTime":1454,"objectName":"b","objectType":"segment"},{"data":{"value":2,"definitionString":"Linjestykke R, T"},"time":1576581438788,"action":"ADD","deltaTime":1678,"objectName":"c","objectType":"segment"},{"data":{"value":1,"definitionString":"Linjestykke T, U"},"time":1576581439827,"action":"ADD","deltaTime":1039,"objectName":"d","objectType":"segment"},{"data":{"value":1,"definitionString":"Linjestykke U, V"},"time":1576581441710,"action":"ADD","deltaTime":1883,"objectName":"e","objectType":"segment"},{"data":{"value":1,"definitionString":"Linjestykke V, W"},"time":1576581442691,"action":"ADD","deltaTime":981,"objectName":"f_1","objectType":"segment"},{"data":{"value":1,"definitionString":"Linjestykke W, C"},"time":1576581443609,"action":"ADD","deltaTime":918,"objectName":"g_1","objectType":"segment"},{"data":{"x":"6.00000","y":"14.00000"},"time":1576581443887,"action":"UPDATE","deltaTime":278,"objectName":"C","objectType":"point"},{"data":{"x":"5.00000","y":"14.00000"},"time":1576581451544,"action":"ADD","deltaTime":7657,"objectName":"Z","objectType":"point"},{"data":{"x":"5.00000","y":"13.00000"},"time":1576581452495,"action":"ADD","deltaTime":951,"objectName":"A_1","objectType":"point"},{"data":{"x":"4.00000","y":"13.00000"},"time":1576581453506,"action":"ADD","deltaTime":1011,"objectName":"B_1","objectType":"point"},{"data":{"x":"4.07257","y":"12.16908"},"time":1576581454527,"action":"ADD","deltaTime":1021,"objectName":"C_1","objectType":"point"},{"data":{"x":"4.00000","y":"12.00000"},"time":1576581459536,"action":"ADD","deltaTime":5009,"objectName":"C_1","objectType":"point"},{"data":{"x":"2.00000","y":"12.00000"},"time":1576581461387,"action":"ADD","deltaTime":1851,"objectName":"D_1","objectType":"point"},{"data":{"x":"2.00000","y":"10.00000"},"time":1576581464694,"action":"ADD","deltaTime":3307,"objectName":"E_1","objectType":"point"},{"data":{"x":"1.00000","y":"10.00000"},"time":1576581465705,"action":"ADD","deltaTime":1011,"objectName":"F_1","objectType":"point"},{"data":{"x":"1.03725","y":"9.13376"},"time":1576581466949,"action":"ADD","deltaTime":1244,"objectName":"G_1","objectType":"point"},{"data":{"x":"0.00000","y":"9.00000","definitionString":"Punkt på yAkse"},"time":1576581468526,"action":"ADD","deltaTime":1577,"objectName":"H_1","objectType":"point"},{"data":{"value":1,"definitionString":"Linjestykke A, H_1"},"time":1576581480251,"action":"ADD","deltaTime":11725,"objectName":"h_1","objectType":"segment"},{"data":{"x":["1.00000","1.00000"],"y":["9.00000","9.00000"]},"time":1576581486016,"action":"UPDATE","deltaTime":[5765,382],"objectName":"G_1","objectType":"point"},{"data":{"value":1,"definitionString":"Linjestykke H_1, G_1"},"time":1576581489966,"action":"ADD","deltaTime":3950,"objectName":"i_1","objectType":"segment"},{"data":{"x":"1.00000","y":"9.00000"},"time":1576581490244,"action":"UPDATE","deltaTime":278,"objectName":"G_1","objectType":"point"},{"data":{"value":1,"definitionString":"Linjestykke G_1, F_1"},"time":1576581490949,"action":"ADD","deltaTime":705,"objectName":"j_1","objectType":"segment"},{"data":{"x":"1.00000","y":"10.00000"},"time":1576581491230,"action":"UPDATE","deltaTime":281,"objectName":"F_1","objectType":"point"},{"data":{"value":1,"definitionString":"Linjestykke F_1, E_1"},"time":1576581491825,"action":"ADD","deltaTime":595,"objectName":"k_1","objectType":"segment"},{"data":{"x":"2.00000","y":"10.00000"},"time":1576581492103,"action":"UPDATE","deltaTime":278,"objectName":"E_1","objectType":"point"},{"data":{"value":2,"definitionString":"Linjestykke E_1, D_1"},"time":1576581493442,"action":"ADD","deltaTime":1340,"objectName":"l_1","objectType":"segment"},{"data":{"x":"2.00000","y":"12.00000"},"time":1576581493724,"action":"UPDATE","deltaTime":282,"objectName":"D_1","objectType":"point"},{"data":{"value":2,"definitionString":"Linjestykke D_1, C_1"},"time":1576581495396,"action":"ADD","deltaTime":1672,"objectName":"m_1","objectType":"segment"},{"data":{"x":"4.00000","y":"12.00000"},"time":1576581495675,"action":"UPDATE","deltaTime":279,"objectName":"C_1","objectType":"point"},{"data":{"value":1,"definitionString":"Linjestykke C_1, B_1"},"time":1576581496494,"action":"ADD","deltaTime":819,"objectName":"n_1","objectType":"segment"},{"data":{"x":"4.00000","y":"13.00000"},"time":1576581496771,"action":"UPDATE","deltaTime":277,"objectName":"B_1","objectType":"point"},{"data":{"value":1,"definitionString":"Linjestykke B_1, A_1"},"time":1576581497399,"action":"ADD","deltaTime":628,"objectName":"p_1","objectType":"segment"},{"data":{"x":"5.00000","y":"13.00000"},"time":1576581497676,"action":"UPDATE","deltaTime":277,"objectName":"A_1","objectType":"point"},{"data":{"value":1,"definitionString":"Linjestykke A_1, Z"},"time":1576581498459,"action":"ADD","deltaTime":783,"objectName":"q_1","objectType":"segment"},{"data":{"x":"5.00000","y":"14.00000"},"time":1576581498740,"action":"UPDATE","deltaTime":281,"objectName":"Z","objectType":"point"},{"data":{"value":1,"definitionString":"Linjestykke Z, C"},"time":1576581499269,"action":"ADD","deltaTime":529,"objectName":"r_1","objectType":"segment"},{"data":{"x":"6.00000","y":"14.00000"},"time":1576581499554,"action":"UPDATE","deltaTime":285,"objectName":"C","objectType":"point"},{"data":{"x":"0.00000","y":"7.00000","definitionString":"Punkt på yAkse"},"time":1576581509970,"action":"ADD","deltaTime":10416,"objectName":"I_1","objectType":"point"},{"data":{"x":"0.86862","y":"7.14394"},"time":1576581511556,"action":"ADD","deltaTime":1586,"objectName":"J_1","objectType":"point"},{"data":{"x":"0.00000","y":"7.00000","definitionString":"Punkt på yAkse"},"time":1576581518699,"action":"ADD","deltaTime":7143,"objectName":"I_1","objectType":"point"},{"data":{"x":"1.00000","y":"7.00000"},"time":1576581524779,"action":"ADD","deltaTime":6080,"objectName":"J_1","objectType":"point"},{"data":{"x":"1.00000","y":"6.00000"},"time":1576581526144,"action":"ADD","deltaTime":1365,"objectName":"K_1","objectType":"point"},{"data":{"x":"2.00000","y":"6.00000"},"time":1576581529968,"action":"ADD","deltaTime":3824,"objectName":"L_1","objectType":"point"},{"data":{"x":"1.98157","y":"4.17608"},"time":1576581531509,"action":"ADD","deltaTime":1541,"objectName":"M_1","objectType":"point"},{"data":{"x":["2.00000","2.00000"],"y":["4.00000","4.00000"]},"time":1576581536097,"action":"UPDATE","deltaTime":[4588,517],"objectName":"M_1","objectType":"point"},{"data":{"x":"4.00000","y":"4.00000"},"time":1576581541340,"action":"ADD","deltaTime":5243,"objectName":"N_1","objectType":"point"},{"data":{"x":"4.00512","y":"3.16430"},"time":1576581542645,"action":"ADD","deltaTime":1305,"objectName":"O_1","objectType":"point"},{"data":{"x":"4.00000","y":"3.00000"},"time":1576581546747,"action":"UPDATE","deltaTime":4102,"objectName":"O_1","objectType":"point"},{"data":{"x":"5.00000","y":"3.00000"},"time":1576581551280,"action":"ADD","deltaTime":4533,"objectName":"P_1","objectType":"point"},{"data":{"x":"5.00000","y":"2.00000"},"time":1576581553112,"action":"ADD","deltaTime":1832,"objectName":"Q_1","objectType":"point"},{"data":{"value":1,"definitionString":"Linjestykke A, I_1"},"time":1576581563664,"action":"ADD","deltaTime":10552,"objectName":"s_1","objectType":"segment"},{"data":{"value":1,"definitionString":"Linjestykke J_1, I_1"},"time":1576581565604,"action":"ADD","deltaTime":1940,"objectName":"t_1","objectType":"segment"},{"data":{"value":1,"definitionString":"Linjestykke J_1, K_1"},"time":1576581566861,"action":"ADD","deltaTime":1257,"objectName":"a_1","objectType":"segment"},{"data":{"value":1,"definitionString":"Linjestykke K_1, L_1"},"time":1576581567895,"action":"ADD","deltaTime":1034,"objectName":"b_1","objectType":"segment"},{"data":{"value":2,"definitionString":"Linjestykke L_1, M_1"},"time":1576581569221,"action":"ADD","deltaTime":1326,"objectName":"c_1","objectType":"segment"},{"data":{"value":2,"definitionString":"Linjestykke M_1, N_1"},"time":1576581571344,"action":"ADD","deltaTime":2123,"objectName":"d_1","objectType":"segment"},{"data":{"value":1,"definitionString":"Linjestykke N_1, O_1"},"time":1576581572152,"action":"ADD","deltaTime":808,"objectName":"e_1","objectType":"segment"},{"data":{"value":1,"definitionString":"Linjestykke O_1, P_1"},"time":1576581573379,"action":"ADD","deltaTime":1227,"objectName":"f_2","objectType":"segment"},{"data":{"value":1,"definitionString":"Linjestykke P_1, Q_1"},"time":1576581574489,"action":"ADD","deltaTime":1110,"objectName":"g_2","objectType":"segment"},{"data":{"value":1,"definitionString":"Linjestykke Q_1, D"},"time":1576581575356,"action":"ADD","deltaTime":867,"objectName":"h_2","objectType":"segment"},{"data":{"x":"6.00000","y":"2.00000"},"time":1576581575641,"action":"UPDATE","deltaTime":285,"objectName":"D","objectType":"point"}]