[{"data":{"x":"2.00000","y":"7.00000"},"time":1576581761512,"action":"ADD","deltaTime":null,"objectName":"C","objectType":"point"},{"data":{"value":2.8284271247461903,"definitionString":"Linjestykke C, A"},"time":1576581766782,"action":"ADD","deltaTime":5270,"objectName":"f","objectType":"segment"},{"data":{"value":3.1622776601683795,"definitionString":"Linjestykke C, B"},"time":1576581768779,"action":"ADD","deltaTime":1997,"objectName":"g","objectType":"segment"},{"data":{"value":3.1622776601683795,"definitionString":"Linjestykke B, A"},"time":1576581770286,"action":"ADD","deltaTime":1507,"objectName":"h","objectType":"segment"},{"data":{"x":"2.00000","y":"7.00000"},"time":1576581804896,"action":"ADD","deltaTime":34610,"objectName":"C","objectType":"point"},{"data":{"value":2.8284271247461903,"definitionString":"Linjestykke C, A"},"time":1576581806914,"action":"ADD","deltaTime":2018,"objectName":"f","objectType":"segment"},{"data":{"value":3.1622776601683795,"definitionString":"Linjestykke C, B"},"time":1576581813805,"action":"ADD","deltaTime":6891,"objectName":"g","objectType":"segment"},{"data":{"value":3.1622776601683795,"definitionString":"Linjestykke B, A"},"time":1576581815121,"action":"ADD","deltaTime":1316,"objectName":"h","objectType":"segment"},{"data":{"value":3.1622776601683795,"definitionString":"Linjestykke A, B"},"time":1576581922858,"action":"ADD","deltaTime":107737,"objectName":"f","objectType":"segment"},{"data":{"value":null,"definitionString":"Midtnormal f"},"time":1576581958759,"action":"ADD","deltaTime":35901,"objectName":"g","objectType":"line"},{"data":{"x":"7.00000","y":"8.00000"},"time":1576581977419,"action":"ADD","deltaTime":18660,"objectName":"C","objectType":"point"},{"data":{"x":"7.00000","y":"8.00000"},"time":1576581982367,"action":"ADD","deltaTime":4948,"objectName":"C","objectType":"point"},{"data":{"value":2.8284271247461903,"definitionString":"Linjestykke B, C"},"time":1576581988425,"action":"ADD","deltaTime":6058,"objectName":"f","objectType":"segment"},{"data":{"value":3.1622776601683795,"definitionString":"Linjestykke C, A"},"time":1576581989759,"action":"ADD","deltaTime":1334,"objectName":"g","objectType":"segment"},{"data":{"value":3.1622776601683795,"definitionString":"Linjestykke B, A"},"time":1576581992327,"action":"ADD","deltaTime":2568,"objectName":"h","objectType":"segment"},{"data":{"x":"9.00000","y":"11.00000"},"time":1576582071127,"action":"ADD","deltaTime":78800,"objectName":"D","objectType":"point"},{"data":{"x":"9.00000","y":"8.00000"},"time":1576582076339,"action":"ADD","deltaTime":5212,"objectName":"E","objectType":"point"},{"data":{"x":"12.00000","y":"9.00000"},"time":1576582083752,"action":"ADD","deltaTime":7413,"objectName":"F","objectType":"point"},{"data":{"value":3,"definitionString":"Linjestykke D, E"},"time":1576582089020,"action":"ADD","deltaTime":5268,"objectName":"i","objectType":"segment"},{"data":{"value":3.1622776601683795,"definitionString":"Linjestykke E, F"},"time":1576582090489,"action":"ADD","deltaTime":1469,"objectName":"j","objectType":"segment"},{"data":{"value":3.6055512754639896,"definitionString":"Linjestykke F, D"},"time":1576582091745,"action":"ADD","deltaTime":1256,"objectName":"k","objectType":"segment"}]