[{"data":{"value":2.8284271247461903,"definitionString":"Linjestykke A, B"},"time":1576582459429,"action":"ADD","deltaTime":null,"objectName":"f","objectType":"segment"},{"data":{"value":null,"definitionString":"Midtnormal f"},"time":1576582462771,"action":"ADD","deltaTime":3342,"objectName":"g","objectType":"line"},{"data":{"x":"5.00000","y":"10.00000","definitionString":"Punkt på g"},"time":1576582561943,"action":"ADD","deltaTime":99172,"objectName":"C","objectType":"point"},{"data":{"value":3.1622776601683795,"definitionString":"Linjestykke A, C"},"time":1576582574327,"action":"ADD","deltaTime":12384,"objectName":"h","objectType":"segment"},{"data":{"value":3.1622776601683795,"definitionString":"Linjestykke C, B"},"time":1576582575994,"action":"ADD","deltaTime":1667,"objectName":"i","objectType":"segment"},{"data":{"x":"1.00000","y":"6.00000","definitionString":"Punkt på g"},"time":1576582609850,"action":"ADD","deltaTime":33856,"objectName":"C","objectType":"point"},{"data":{"x":"5.00000","y":"10.00000","definitionString":"Punkt på g"},"time":1576582610992,"action":"ADD","deltaTime":1142,"objectName":"D","objectType":"point"},{"data":{"value":null,"definitionString":"Midtnormal CD"},"time":1576582615376,"action":"ADD","deltaTime":4384,"objectName":"h","objectType":"line"},{"data":{"value":3.1622776601683795,"definitionString":"Linjestykke A, D"},"time":1576582626453,"action":"ADD","deltaTime":11077,"objectName":"i","objectType":"segment"},{"data":{"value":3.1622776601683795,"definitionString":"Linjestykke D, B"},"time":1576582627898,"action":"ADD","deltaTime":1445,"objectName":"j","objectType":"segment"}]