[{"data":{"x":"6.00000","y":"14.00000"},"time":1576581074260,"action":"ADD","deltaTime":null,"objectName":"A","objectType":"point"},{"data":{"x":"12.00000","y":"8.00000"},"time":1576581083228,"action":"ADD","deltaTime":8968,"objectName":"B","objectType":"point"},{"data":{"x":"6.00000","y":"2.00000"},"time":1576581091736,"action":"ADD","deltaTime":8508,"objectName":"C","objectType":"point"},{"data":{"x":"0.00000","y":"8.00000","definitionString":"Punkt på yAkse"},"time":1576581096359,"action":"ADD","deltaTime":4623,"objectName":"D","objectType":"point"},{"data":{"x":"9.00000","y":"11.00000"},"time":1576581141272,"action":"ADD","deltaTime":44913,"objectName":"A","objectType":"point"},{"data":{"x":"9.00000","y":"5.00000"},"time":1576581147709,"action":"ADD","deltaTime":6437,"objectName":"B","objectType":"point"},{"data":{"x":"3.00000","y":"5.00000"},"time":1576581187583,"action":"ADD","deltaTime":39874,"objectName":"C","objectType":"point"},{"data":{"x":"3.00000","y":"11.00000"},"time":1576581191992,"action":"ADD","deltaTime":4409,"objectName":"D","objectType":"point"},{"data":{"x":"6.00000","y":"14.00000"},"time":1576581209724,"action":"ADD","deltaTime":17732,"objectName":"E","objectType":"point"},{"data":{"x":"12.00000","y":"8.00000"},"time":1576581213605,"action":"ADD","deltaTime":3881,"objectName":"F","objectType":"point"},{"data":{"x":"0.00000","y":"8.00000","definitionString":"Punkt på yAkse"},"time":1576581215830,"action":"ADD","deltaTime":2225,"objectName":"G","objectType":"point"},{"data":{"x":"6.00000","y":"2.00000"},"time":1576581226961,"action":"ADD","deltaTime":11131,"objectName":"H","objectType":"point"},{"data":{"x":"6.00000","y":"12.00000"},"time":1576581271193,"action":"ADD","deltaTime":44232,"objectName":"I","objectType":"point"},{"data":{"x":"6.00000","y":"12.00000"},"time":1576581287080,"action":"ADD","deltaTime":15887,"objectName":"E","objectType":"point"},{"data":{"x":"10.00000","y":"8.00000"},"time":1576581297752,"action":"ADD","deltaTime":10672,"objectName":"F","objectType":"point"},{"data":{"x":"6.00000","y":"4.00000"},"time":1576581303939,"action":"ADD","deltaTime":6187,"objectName":"G","objectType":"point"},{"data":{"x":"2.00000","y":"8.00000"},"time":1576581310312,"action":"ADD","deltaTime":6373,"objectName":"H","objectType":"point"},{"data":{"value":3.1622776601683795,"definitionString":"Linjestykke E, A"},"time":1576581418072,"action":"ADD","deltaTime":107760,"objectName":"f","objectType":"segment"},{"data":{"x":"9.00000","y":"11.00000"},"time":1576581418367,"action":"UPDATE","deltaTime":295,"objectName":"A","objectType":"point"},{"data":{"value":3.1622776601683795,"definitionString":"Linjestykke A, F"},"time":1576581423545,"action":"ADD","deltaTime":5178,"objectName":"g","objectType":"segment"},{"data":{"value":3.1622776601683795,"definitionString":"Linjestykke F, B"},"time":1576581430804,"action":"ADD","deltaTime":7259,"objectName":"h","objectType":"segment"},{"data":{"x":"9.00000","y":"5.00000"},"time":1576581431081,"action":"UPDATE","deltaTime":277,"objectName":"B","objectType":"point"},{"data":{"value":3.1622776601683795,"definitionString":"Linjestykke B, G"},"time":1576581434134,"action":"ADD","deltaTime":3053,"objectName":"i","objectType":"segment"},{"data":{"value":3.1622776601683795,"definitionString":"Linjestykke G, C"},"time":1576581438021,"action":"ADD","deltaTime":3887,"objectName":"j","objectType":"segment"},{"data":{"x":"3.00000","y":"5.00000"},"time":1576581438303,"action":"UPDATE","deltaTime":282,"objectName":"C","objectType":"point"},{"data":{"value":3.1622776601683795,"definitionString":"Linjestykke C, H"},"time":1576581442928,"action":"ADD","deltaTime":4625,"objectName":"k","objectType":"segment"},{"data":{"value":3.1622776601683795,"definitionString":"Linjestykke H, D"},"time":1576581446597,"action":"ADD","deltaTime":3669,"objectName":"l","objectType":"segment"},{"data":{"x":"3.00000","y":"11.00000"},"time":1576581446872,"action":"UPDATE","deltaTime":275,"objectName":"D","objectType":"point"},{"data":{"value":3.1622776601683795,"definitionString":"Linjestykke D, E"},"time":1576581450407,"action":"ADD","deltaTime":3535,"objectName":"m","objectType":"segment"},{"data":{"value":6,"definitionString":"Linjestykke D, A"},"time":1576581735979,"action":"ADD","deltaTime":285572,"objectName":"f","objectType":"segment"},{"data":{"x":"9.00000","y":"11.00000"},"time":1576581736263,"action":"UPDATE","deltaTime":284,"objectName":"A","objectType":"point"},{"data":{"value":6,"definitionString":"Linjestykke A, B"},"time":1576581738786,"action":"ADD","deltaTime":2523,"objectName":"g","objectType":"segment"},{"data":{"x":"9.00000","y":"5.00000"},"time":1576581739062,"action":"UPDATE","deltaTime":276,"objectName":"B","objectType":"point"},{"data":{"value":6,"definitionString":"Linjestykke B, C"},"time":1576581740826,"action":"ADD","deltaTime":1764,"objectName":"h","objectType":"segment"},{"data":{"x":"3.00000","y":"5.00000"},"time":1576581741107,"action":"UPDATE","deltaTime":281,"objectName":"C","objectType":"point"},{"data":{"value":6,"definitionString":"Linjestykke C, D"},"time":1576581743573,"action":"ADD","deltaTime":2466,"objectName":"i","objectType":"segment"},{"data":{"x":"3.00000","y":"11.00000"},"time":1576581743854,"action":"UPDATE","deltaTime":281,"objectName":"D","objectType":"point"},{"data":{"x":"4.00000","y":"12.00000"},"time":1576581828590,"action":"ADD","deltaTime":84736,"objectName":"E","objectType":"point"},{"data":{"x":"5.00000","y":"11.00000","definitionString":"Punkt på f"},"time":1576581838330,"action":"ADD","deltaTime":9740,"objectName":"F","objectType":"point"},{"data":{"x":"6.00000","y":"12.00000"},"time":1576581840324,"action":"ADD","deltaTime":1994,"objectName":"G","objectType":"point"},{"data":{"x":"7.00000","y":"11.00000","definitionString":"Punkt på f"},"time":1576581841752,"action":"ADD","deltaTime":1428,"objectName":"H","objectType":"point"},{"data":{"x":"8.00000","y":"12.00000"},"time":1576581842908,"action":"ADD","deltaTime":1156,"objectName":"I","objectType":"point"},{"data":{"x":"10.00000","y":"10.00000"},"time":1576581844675,"action":"ADD","deltaTime":1767,"objectName":"J","objectType":"point"},{"data":{"x":"9.00000","y":"9.00000","definitionString":"Punkt på g"},"time":1576581845943,"action":"ADD","deltaTime":1268,"objectName":"K","objectType":"point"},{"data":{"x":"10.00000","y":"8.00000"},"time":1576581847411,"action":"ADD","deltaTime":1468,"objectName":"L","objectType":"point"},{"data":{"x":"9.00000","y":"7.00000","definitionString":"Punkt på g"},"time":1576581849559,"action":"ADD","deltaTime":2148,"objectName":"M","objectType":"point"},{"data":{"x":"10.00000","y":"6.00000"},"time":1576581850687,"action":"ADD","deltaTime":1128,"objectName":"N","objectType":"point"},{"data":{"x":"8.00000","y":"4.00000"},"time":1576581852972,"action":"ADD","deltaTime":2285,"objectName":"O","objectType":"point"},{"data":{"x":"7.00333","y":"4.86187"},"time":1576581854019,"action":"ADD","deltaTime":1047,"objectName":"P","objectType":"point"},{"data":{"x":"6.00000","y":"4.00000"},"time":1576581855138,"action":"ADD","deltaTime":1119,"objectName":"Q","objectType":"point"},{"data":{"x":"4.96960","y":"4.86187"},"time":1576581856556,"action":"ADD","deltaTime":1418,"objectName":"R","objectType":"point"},{"data":{"x":"4.00000","y":"4.00000"},"time":1576581858052,"action":"ADD","deltaTime":1496,"objectName":"T","objectType":"point"},{"data":{"x":"2.00000","y":"6.00000"},"time":1576581860998,"action":"ADD","deltaTime":2946,"objectName":"U","objectType":"point"},{"data":{"x":"3.00000","y":"7.00000","definitionString":"Punkt på i"},"time":1576581862046,"action":"ADD","deltaTime":1048,"objectName":"V","objectType":"point"},{"data":{"x":"2.00000","y":"8.00000"},"time":1576581863164,"action":"ADD","deltaTime":1118,"objectName":"W","objectType":"point"},{"data":{"x":"3.00000","y":"9.00000","definitionString":"Punkt på i"},"time":1576581864150,"action":"ADD","deltaTime":986,"objectName":"Z","objectType":"point"},{"data":{"x":"2.00000","y":"10.00000"},"time":1576581865057,"action":"ADD","deltaTime":907,"objectName":"A_1","objectType":"point"},{"data":{"x":"2.00000","y":"11.00000"},"time":1576581877023,"action":"ADD","deltaTime":11966,"objectName":"B_1","objectType":"point"},{"data":{"x":"3.00000","y":"12.00000"},"time":1576581878320,"action":"ADD","deltaTime":1297,"objectName":"C_1","objectType":"point"},{"data":{"x":"3.87022","y":"12.00045"},"time":1576581906514,"action":"ADD","deltaTime":28194,"objectName":"E","objectType":"point"},{"data":{"x":"5.00000","y":"11.00000"},"time":1576581907512,"action":"ADD","deltaTime":998,"objectName":"F","objectType":"point"},{"data":{"x":"6.00000","y":"12.00000"},"time":1576581908370,"action":"ADD","deltaTime":858,"objectName":"G","objectType":"point"},{"data":{"x":"7.00000","y":"11.00000"},"time":1576581909328,"action":"ADD","deltaTime":958,"objectName":"H","objectType":"point"},{"data":{"x":"8.00000","y":"12.00000"},"time":1576581910277,"action":"ADD","deltaTime":949,"objectName":"I","objectType":"point"},{"data":{"x":"10.00000","y":"10.00000"},"time":1576581911796,"action":"ADD","deltaTime":1519,"objectName":"J","objectType":"point"},{"data":{"x":"9.00000","y":"9.00000"},"time":1576581912702,"action":"ADD","deltaTime":906,"objectName":"K","objectType":"point"},{"data":{"x":"10.00000","y":"8.00000"},"time":1576581913850,"action":"ADD","deltaTime":1148,"objectName":"L","objectType":"point"},{"data":{"x":"9.00000","y":"7.00000"},"time":1576581914948,"action":"ADD","deltaTime":1098,"objectName":"M","objectType":"point"},{"data":{"x":"10.00000","y":"6.00000"},"time":1576581916077,"action":"ADD","deltaTime":1129,"objectName":"N","objectType":"point"},{"data":{"x":"8.00000","y":"4.00000"},"time":1576581917651,"action":"ADD","deltaTime":1574,"objectName":"O","objectType":"point"},{"data":{"x":"7.00000","y":"5.00000"},"time":1576581918621,"action":"ADD","deltaTime":970,"objectName":"P","objectType":"point"},{"data":{"x":"5.99494","y":"3.87254"},"time":1576581919618,"action":"ADD","deltaTime":997,"objectName":"Q","objectType":"point"},{"data":{"x":"6.00000","y":"4.00000"},"time":1576581924520,"action":"ADD","deltaTime":4902,"objectName":"Q","objectType":"point"},{"data":{"x":"5.00000","y":"5.00000"},"time":1576581926178,"action":"ADD","deltaTime":1658,"objectName":"R","objectType":"point"},{"data":{"x":"4.00000","y":"4.00000"},"time":1576581927545,"action":"ADD","deltaTime":1367,"objectName":"T","objectType":"point"},{"data":{"x":"2.00000","y":"6.00000"},"time":1576581929549,"action":"ADD","deltaTime":2004,"objectName":"U","objectType":"point"},{"data":{"x":"3.00000","y":"7.00000"},"time":1576581930458,"action":"ADD","deltaTime":909,"objectName":"V","objectType":"point"},{"data":{"x":"2.00000","y":"8.00000"},"time":1576581931526,"action":"ADD","deltaTime":1068,"objectName":"W","objectType":"point"},{"data":{"x":"3.00000","y":"9.00000"},"time":1576581932664,"action":"ADD","deltaTime":1138,"objectName":"Z","objectType":"point"},{"data":{"x":"2.00000","y":"10.00000"},"time":1576581933714,"action":"ADD","deltaTime":1050,"objectName":"A_1","objectType":"point"},{"data":{"x":"2.00000","y":"11.00000"},"time":1576581937154,"action":"ADD","deltaTime":3440,"objectName":"B_1","objectType":"point"},{"data":{"x":"3.00000","y":"10.00000"},"time":1576581966602,"action":"ADD","deltaTime":29448,"objectName":"B_1","objectType":"point"},{"data":{"value":4,"definitionString":"Linjestykke A_1, U"},"time":1576582247253,"action":"ADD","deltaTime":280651,"objectName":"f","objectType":"segment"},{"data":{"x":"2.00000","y":"6.00000"},"time":1576582247544,"action":"UPDATE","deltaTime":291,"objectName":"U","objectType":"point"},{"data":{"x":"6.00000","y":"8.00000"},"time":1576582290755,"action":"UPDATE","deltaTime":43211,"objectName":"S","objectType":"point"},{"data":{"value":4,"definitionString":"Linjestykke S, W"},"time":1576582297677,"action":"ADD","deltaTime":6922,"objectName":"f","objectType":"segment"},{"data":{"value":2,"definitionString":"Linjestykke W, U"},"time":1576582299843,"action":"ADD","deltaTime":2166,"objectName":"g","objectType":"segment"},{"data":{"value":8,"definitionString":"Linjestykke U, N"},"time":1576582303615,"action":"ADD","deltaTime":3772,"objectName":"h","objectType":"segment"},{"data":{"value":2,"definitionString":"Linjestykke N, L"},"time":1576582305870,"action":"ADD","deltaTime":2255,"objectName":"i","objectType":"segment"},{"data":{"value":2,"definitionString":"Linjestykke L, J"},"time":1576582314056,"action":"ADD","deltaTime":8186,"objectName":"j","objectType":"segment"},{"data":{"value":8,"definitionString":"Linjestykke J, A_1"},"time":1576582317221,"action":"ADD","deltaTime":3165,"objectName":"k","objectType":"segment"},{"data":{"value":2,"definitionString":"Linjestykke A_1, W"},"time":1576582319794,"action":"ADD","deltaTime":2573,"objectName":"l","objectType":"segment"},{"data":{"value":2,"definitionString":"Linjestykke W, U"},"time":1576582332332,"action":"ADD","deltaTime":12538,"objectName":"f","objectType":"segment"},{"data":{"value":8,"definitionString":"Linjestykke U, N"},"time":1576582334787,"action":"ADD","deltaTime":2455,"objectName":"g","objectType":"segment"},{"data":{"value":4,"definitionString":"Linjestykke N, J"},"time":1576582337569,"action":"ADD","deltaTime":2782,"objectName":"h","objectType":"segment"},{"data":{"value":8,"definitionString":"Linjestykke J, A_1"},"time":1576582340580,"action":"ADD","deltaTime":3011,"objectName":"i","objectType":"segment"},{"data":{"value":2,"definitionString":"Linjestykke A_1, W"},"time":1576582342217,"action":"ADD","deltaTime":1637,"objectName":"j","objectType":"segment"},{"data":{"x":"3.83649","y":"11.39339"},"time":1576582406478,"action":"ADD","deltaTime":64261,"objectName":"B_1","objectType":"point"},{"data":{"value":0.6079999502800193,"definitionString":"Linjestykke E, B_1"},"time":1576582406512,"action":"ADD","deltaTime":34,"objectName":"k","objectType":"segment"},{"data":{"x":["4.00000","4.00000"],"y":["12.00000","12.00000"]},"time":1576582412512,"action":"UPDATE","deltaTime":[6000,532],"objectName":"E","objectType":"point"},{"data":{"x":"23.22881","y":"13.88910"},"time":1576582527893,"action":"ADD","deltaTime":115381,"objectName":"B_1","objectType":"point"},{"data":{"x":"12.13303","y":"7.95336"},"time":1576582912776,"action":"ADD","deltaTime":384883,"objectName":"A","objectType":"point"},{"data":{"x":"12.00000","y":"8.00000"},"time":1576582914727,"action":"UPDATE","deltaTime":1951,"objectName":"A","objectType":"point"},{"data":{"x":"0.00000","y":"8.00000","definitionString":"Punkt på yAkse"},"time":1576582916912,"action":"ADD","deltaTime":2185,"objectName":"B","objectType":"point"},{"data":{"x":"6.00000","y":"14.00000"},"time":1576582920005,"action":"ADD","deltaTime":3093,"objectName":"C","objectType":"point"},{"data":{"x":"6.00000","y":"6.00000"},"time":1576582921171,"action":"ADD","deltaTime":1166,"objectName":"D","objectType":"point"},{"data":{"x":"6.00000","y":"2.00000"},"time":1576582928041,"action":"ADD","deltaTime":6870,"objectName":"D","objectType":"point"},{"data":{"x":"9.00000","y":"11.00000"},"time":1576583003144,"action":"ADD","deltaTime":75103,"objectName":"E","objectType":"point"},{"data":{"x":"10.00000","y":"10.00000"},"time":1576583016241,"action":"ADD","deltaTime":13097,"objectName":"F","objectType":"point"},{"data":{"x":"8.00000","y":"12.00000"},"time":1576583029143,"action":"ADD","deltaTime":12902,"objectName":"G","objectType":"point"},{"data":{"x":"11.00000","y":"9.00000"},"time":1576583045462,"action":"ADD","deltaTime":16319,"objectName":"H","objectType":"point"},{"data":{"x":"7.00000","y":"13.00000"},"time":1576583047818,"action":"ADD","deltaTime":2356,"objectName":"I","objectType":"point"},{"data":{"x":"11.00000","y":"7.00000"},"time":1576583067763,"action":"ADD","deltaTime":19945,"objectName":"J","objectType":"point"},{"data":{"x":"10.00000","y":"6.00000"},"time":1576583069750,"action":"ADD","deltaTime":1987,"objectName":"K","objectType":"point"},{"data":{"x":"9.00000","y":"5.00000"},"time":1576583072646,"action":"ADD","deltaTime":2896,"objectName":"L","objectType":"point"},{"data":{"x":"8.00000","y":"4.00000"},"time":1576583074682,"action":"ADD","deltaTime":2036,"objectName":"M","objectType":"point"},{"data":{"x":"7.00000","y":"3.00000"},"time":1576583076558,"action":"ADD","deltaTime":1876,"objectName":"N","objectType":"point"},{"data":{"x":"5.00000","y":"3.00000"},"time":1576583078926,"action":"ADD","deltaTime":2368,"objectName":"O","objectType":"point"},{"data":{"x":"4.00000","y":"4.00000"},"time":1576583080981,"action":"ADD","deltaTime":2055,"objectName":"P","objectType":"point"},{"data":{"x":"3.00000","y":"5.00000"},"time":1576583083415,"action":"ADD","deltaTime":2434,"objectName":"Q","objectType":"point"},{"data":{"x":"2.00000","y":"6.00000"},"time":1576583085366,"action":"ADD","deltaTime":1951,"objectName":"R","objectType":"point"},{"data":{"x":"1.00000","y":"7.00000"},"time":1576583086680,"action":"ADD","deltaTime":1314,"objectName":"T","objectType":"point"},{"data":{"x":"1.00000","y":"9.00000"},"time":1576583089117,"action":"ADD","deltaTime":2437,"objectName":"U","objectType":"point"},{"data":{"x":"2.00000","y":"10.00000"},"time":1576583091232,"action":"ADD","deltaTime":2115,"objectName":"V","objectType":"point"},{"data":{"x":"3.00000","y":"11.00000"},"time":1576583093478,"action":"ADD","deltaTime":2246,"objectName":"W","objectType":"point"},{"data":{"x":"4.00000","y":"12.00000"},"time":1576583095034,"action":"ADD","deltaTime":1556,"objectName":"Z","objectType":"point"},{"data":{"x":"5.00000","y":"13.00000"},"time":1576583096981,"action":"ADD","deltaTime":1947,"objectName":"A_1","objectType":"point"},{"data":{"x":"12.00000","y":"8.00000"},"time":1576583168031,"action":"UPDATE","deltaTime":71050,"objectName":"A","objectType":"point"},{"data":{"value":8.485281374238571,"definitionString":"Linjestykke A, C"},"time":1576583171139,"action":"ADD","deltaTime":3108,"objectName":"f","objectType":"segment"},{"data":{"x":"6.00000","y":"14.00000"},"time":1576583171430,"action":"UPDATE","deltaTime":291,"objectName":"C","objectType":"point"},{"data":{"value":8.485281374238571,"definitionString":"Linjestykke C, B"},"time":1576583176213,"action":"ADD","deltaTime":4783,"objectName":"g","objectType":"segment"},{"data":{"value":8.485281374238571,"definitionString":"Linjestykke B, D"},"time":1576583180180,"action":"ADD","deltaTime":3967,"objectName":"h","objectType":"segment"},{"data":{"value":8.485281374238571,"definitionString":"Linjestykke D, A"},"time":1576583184877,"action":"ADD","deltaTime":4697,"objectName":"i","objectType":"segment"},{"data":{"x":"12.00000","y":"8.00000"},"time":1576583185160,"action":"UPDATE","deltaTime":283,"objectName":"A","objectType":"point"}]