[{"data":{"x":"6.00000","y":"7.00000"},"time":1576583376677,"action":"ADD","deltaTime":null,"objectName":"C","objectType":"point"},{"data":{"x":"6.00000","y":"8.00000"},"time":1576583377617,"action":"ADD","deltaTime":940,"objectName":"D","objectType":"point"},{"data":{"x":"6.00000","y":"9.00000"},"time":1576583378724,"action":"ADD","deltaTime":1107,"objectName":"E","objectType":"point"},{"data":{"x":"6.00000","y":"10.00000"},"time":1576583379672,"action":"ADD","deltaTime":948,"objectName":"F","objectType":"point"},{"data":{"x":"6.00000","y":"6.00000"},"time":1576583382545,"action":"ADD","deltaTime":2873,"objectName":"G","objectType":"point"},{"data":{"x":"6.00000","y":"5.00000"},"time":1576583384569,"action":"ADD","deltaTime":2024,"objectName":"H","objectType":"point"},{"data":{"x":"6.00000","y":"4.00000"},"time":1576583385978,"action":"ADD","deltaTime":1409,"objectName":"I","objectType":"point"},{"data":{"value":6,"definitionString":"Linjestykke F, I"},"time":1576583402491,"action":"ADD","deltaTime":16513,"objectName":"f","objectType":"segment"},{"data":{"value":4,"definitionString":"Linjestykke A, B"},"time":1576583409950,"action":"ADD","deltaTime":7459,"objectName":"g","objectType":"segment"}]