[{"data":{"x":"5.00000","y":"7.00000"},"time":1576583420480,"action":"ADD","deltaTime":null,"objectName":"C","objectType":"point"},{"data":{"x":"6.00000","y":"8.00000"},"time":1576583423382,"action":"ADD","deltaTime":2902,"objectName":"D","objectType":"point"},{"data":{"x":"6.00000","y":"9.00000"},"time":1576583440138,"action":"ADD","deltaTime":16756,"objectName":"E","objectType":"point"},{"data":{"x":"5.00000","y":"6.00000"},"time":1576583454078,"action":"ADD","deltaTime":13940,"objectName":"F","objectType":"point"},{"data":{"x":"5.00000","y":"5.00000"},"time":1576583465051,"action":"ADD","deltaTime":10973,"objectName":"G","objectType":"point"},{"data":{"x":"6.00000","y":"10.00000"},"time":1576583467656,"action":"ADD","deltaTime":2605,"objectName":"H","objectType":"point"},{"data":{"x":"6.00000","y":"11.00000"},"time":1576583468966,"action":"ADD","deltaTime":1310,"objectName":"I","objectType":"point"},{"data":{"x":"5.00000","y":"4.00000"},"time":1576583470875,"action":"ADD","deltaTime":1909,"objectName":"J","objectType":"point"},{"data":{"value":3,"definitionString":"Linjestykke I, D"},"time":1576583494615,"action":"ADD","deltaTime":23740,"objectName":"f","objectType":"segment"},{"data":{"value":1.4142135623730951,"definitionString":"Linjestykke D, C"},"time":1576583496640,"action":"ADD","deltaTime":2025,"objectName":"g","objectType":"segment"},{"data":{"value":3,"definitionString":"Linjestykke C, J"},"time":1576583499863,"action":"ADD","deltaTime":3223,"objectName":"h","objectType":"segment"}]