[{"data":{"x":"4.00000","y":"7.00000"},"time":1576583542982,"action":"ADD","deltaTime":null,"objectName":"C","objectType":"point"},{"data":{"x":"5.00000","y":"8.00000"},"time":1576583552588,"action":"ADD","deltaTime":9606,"objectName":"D","objectType":"point"},{"data":{"x":"5.00000","y":"8.00000"},"time":1576583558328,"action":"ADD","deltaTime":5740,"objectName":"C","objectType":"point"},{"data":{"x":"2.94727","y":"6.17818"},"time":1576583582333,"action":"ADD","deltaTime":24005,"objectName":"D","objectType":"point"},{"data":{"x":"-0.15273","y":"9.07818"},"time":1576583586359,"action":"ADD","deltaTime":4026,"objectName":"E","objectType":"point"},{"data":{"x":"3.00000","y":"12.00000"},"time":1576583589153,"action":"ADD","deltaTime":2794,"objectName":"F","objectType":"point"},{"data":{"x":"6.00000","y":"9.00000"},"time":1576583592067,"action":"ADD","deltaTime":2914,"objectName":"G","objectType":"point"},{"data":{"x":"4.00000","y":"7.00000"},"time":1576583593683,"action":"ADD","deltaTime":1616,"objectName":"H","objectType":"point"},{"data":{"x":"4.96727","y":"10.13818"},"time":1576583596290,"action":"ADD","deltaTime":2607,"objectName":"I","objectType":"point"},{"data":{"x":"4.00000","y":"11.00000"},"time":1576583597260,"action":"ADD","deltaTime":970,"objectName":"J","objectType":"point"},{"data":{"x":"2.00000","y":"11.00000"},"time":1576583598476,"action":"ADD","deltaTime":1216,"objectName":"K","objectType":"point"},{"data":{"x":"1.00000","y":"10.00000"},"time":1576583600094,"action":"ADD","deltaTime":1618,"objectName":"L","objectType":"point"},{"data":{"x":"1.00000","y":"8.00000"},"time":1576583601882,"action":"ADD","deltaTime":1788,"objectName":"M","objectType":"point"},{"data":{"x":"2.00000","y":"7.00000"},"time":1576583603460,"action":"ADD","deltaTime":1578,"objectName":"N","objectType":"point"},{"data":{"x":"3.98727","y":"5.13818"},"time":1576583607543,"action":"ADD","deltaTime":4083,"objectName":"O","objectType":"point"},{"data":{"x":"5.00000","y":"4.00000"},"time":1576583608790,"action":"ADD","deltaTime":1247,"objectName":"P","objectType":"point"},{"data":{"x":"7.00000","y":"3.00000"},"time":1576583610827,"action":"ADD","deltaTime":2037,"objectName":"Q","objectType":"point"},{"data":{"x":"8.00000","y":"4.00000"},"time":1576583612005,"action":"ADD","deltaTime":1178,"objectName":"R","objectType":"point"},{"data":{"x":"9.00000","y":"5.00000"},"time":1576583613142,"action":"ADD","deltaTime":1137,"objectName":"S","objectType":"point"},{"data":{"x":"10.00000","y":"6.00000"},"time":1576583614672,"action":"ADD","deltaTime":1530,"objectName":"T","objectType":"point"},{"data":{"x":"9.00000","y":"7.00000"},"time":1576583616777,"action":"ADD","deltaTime":2105,"objectName":"U","objectType":"point"},{"data":{"x":"8.00000","y":"8.00000"},"time":1576583619674,"action":"ADD","deltaTime":2897,"objectName":"V","objectType":"point"},{"data":{"x":"5.98727","y":"3.21818"},"time":1576583629456,"action":"ADD","deltaTime":9782,"objectName":"Q","objectType":"point"},{"data":{"x":"6.00000","y":"3.00000"},"time":1576583634465,"action":"ADD","deltaTime":5009,"objectName":"Q","objectType":"point"},{"data":{"x":"7.00000","y":"4.00000"},"time":1576583635910,"action":"ADD","deltaTime":1445,"objectName":"R","objectType":"point"},{"data":{"x":"8.00000","y":"5.00000"},"time":1576583637790,"action":"ADD","deltaTime":1880,"objectName":"S","objectType":"point"},{"data":{"x":"9.00000","y":"6.00000"},"time":1576583638837,"action":"ADD","deltaTime":1047,"objectName":"T","objectType":"point"},{"data":{"x":"8.16727","y":"6.97818"},"time":1576583642389,"action":"ADD","deltaTime":3552,"objectName":"U","objectType":"point"},{"data":{"x":"8.00000","y":"7.00000"},"time":1576583646539,"action":"ADD","deltaTime":4150,"objectName":"U","objectType":"point"},{"data":{"x":"7.00000","y":"8.00000"},"time":1576583651348,"action":"ADD","deltaTime":4809,"objectName":"V","objectType":"point"},{"data":{"x":["-0.15273","-0.15273","-0.15273","-0.15273","0.00000","0.00000"],"y":["9.07818","9.07818","9.07818","9.07818","9.00000","9.00000"]},"time":1576583663699,"action":"UPDATE","deltaTime":[12351,1348,2135,6352,8463,8761],"objectName":"E","objectType":"point"},{"data":{"value":4.242640687119286,"definitionString":"Linjestykke E, F"},"time":1576583679134,"action":"ADD","deltaTime":15435,"objectName":"f","objectType":"segment"},{"data":{"x":"3.00000","y":"12.00000"},"time":1576583679446,"action":"UPDATE","deltaTime":312,"objectName":"F","objectType":"point"},{"data":{"value":8.485281374238571,"definitionString":"Linjestykke F, T"},"time":1576583684618,"action":"ADD","deltaTime":5172,"objectName":"g","objectType":"segment"},{"data":{"x":"9.00000","y":"6.00000"},"time":1576583684936,"action":"UPDATE","deltaTime":318,"objectName":"T","objectType":"point"},{"data":{"value":4.242640687119286,"definitionString":"Linjestykke T, Q"},"time":1576583687993,"action":"ADD","deltaTime":3057,"objectName":"h","objectType":"segment"},{"data":{"x":"6.00000","y":"3.00000"},"time":1576583688287,"action":"UPDATE","deltaTime":294,"objectName":"Q","objectType":"point"},{"data":{"value":8.485281374238571,"definitionString":"Linjestykke E, Q"},"time":1576583693915,"action":"ADD","deltaTime":5628,"objectName":"i","objectType":"segment"},{"data":{"x":"6.00000","y":"3.00000"},"time":1576583694215,"action":"UPDATE","deltaTime":300,"objectName":"Q","objectType":"point"},{"data":{"value":4.157138637680072,"definitionString":"Linjestykke G, D"},"time":1576583700523,"action":"ADD","deltaTime":6308,"objectName":"j","objectType":"segment"},{"data":{"x":"2.94727","y":"6.17818"},"time":1576583700842,"action":"UPDATE","deltaTime":319,"objectName":"D","objectType":"point"}]