[{"data":{"x":"7.00000","y":"8.00000"},"time":1576584606152,"action":"ADD","deltaTime":null,"objectName":"C","objectType":"point"},{"data":{"x":"4.01455","y":"6.37636"},"time":1576584619497,"action":"ADD","deltaTime":13345,"objectName":"D","objectType":"point"},{"data":{"value":2.623676683366861,"definitionString":"Linjestykke A, D"},"time":1576584619542,"action":"ADD","deltaTime":45,"objectName":"f","objectType":"segment"},{"data":{"value":3.1622776601683795,"definitionString":"Linjestykke A, B"},"time":1576584626142,"action":"ADD","deltaTime":6600,"objectName":"f","objectType":"segment"},{"data":{"value":2.8284271247461903,"definitionString":"Linjestykke B, C"},"time":1576584629750,"action":"ADD","deltaTime":3608,"objectName":"g","objectType":"segment"},{"data":{"x":"7.00000","y":"8.00000"},"time":1576584630043,"action":"UPDATE","deltaTime":293,"objectName":"C","objectType":"point"},{"data":{"value":3.1622776601683795,"definitionString":"Linjestykke C, A"},"time":1576584636924,"action":"ADD","deltaTime":6881,"objectName":"h","objectType":"segment"},{"data":{"x":"8.00000","y":"9.00000"},"time":1576584688948,"action":"ADD","deltaTime":52024,"objectName":"C","objectType":"point"},{"data":{"x":"7.00000","y":"8.00000"},"time":1576584690175,"action":"ADD","deltaTime":1227,"objectName":"D","objectType":"point"},{"data":{"x":"6.00000","y":"7.00000"},"time":1576584691872,"action":"ADD","deltaTime":1697,"objectName":"E","objectType":"point"},{"data":{"x":"4.00000","y":"5.00000"},"time":1576584696585,"action":"ADD","deltaTime":4713,"objectName":"F","objectType":"point"},{"data":{"x":"3.00000","y":"6.00000"},"time":1576584697763,"action":"ADD","deltaTime":1178,"objectName":"G","objectType":"point"},{"data":{"x":"2.00000","y":"7.00000"},"time":1576584698950,"action":"ADD","deltaTime":1187,"objectName":"H","objectType":"point"},{"data":{"x":"1.00000","y":"8.00000"},"time":1576584700407,"action":"ADD","deltaTime":1457,"objectName":"I","objectType":"point"},{"data":{"x":"0.00000","y":"9.00000","definitionString":"Punkt på yAkse"},"time":1576584701544,"action":"ADD","deltaTime":1137,"objectName":"J","objectType":"point"},{"data":{"x":"1.00000","y":"10.00000"},"time":1576584703792,"action":"ADD","deltaTime":2248,"objectName":"K","objectType":"point"},{"data":{"x":"2.00000","y":"11.00000"},"time":1576584704790,"action":"ADD","deltaTime":998,"objectName":"L","objectType":"point"},{"data":{"x":"3.00000","y":"12.00000"},"time":1576584705969,"action":"ADD","deltaTime":1179,"objectName":"M","objectType":"point"},{"data":{"x":"5.00000","y":"12.00000"},"time":1576584708105,"action":"ADD","deltaTime":2136,"objectName":"N","objectType":"point"},{"data":{"x":"6.00000","y":"11.00000"},"time":1576584709419,"action":"ADD","deltaTime":1314,"objectName":"O","objectType":"point"},{"data":{"x":"7.00000","y":"10.00000"},"time":1576584711266,"action":"ADD","deltaTime":1847,"objectName":"P","objectType":"point"},{"data":{"x":"5.00000","y":"10.00000"},"time":1576584717537,"action":"ADD","deltaTime":6271,"objectName":"Q","objectType":"point"},{"data":{"x":"3.00000","y":"8.00000"},"time":1576584719821,"action":"ADD","deltaTime":2284,"objectName":"R","objectType":"point"},{"data":{"x":"5.01455","y":"4.13636"},"time":1576584721741,"action":"ADD","deltaTime":1920,"objectName":"S","objectType":"point"},{"data":{"x":"1.00000","y":"6.00000"},"time":1576584733196,"action":"ADD","deltaTime":11455,"objectName":"S","objectType":"point"},{"data":{"x":"3.00000","y":"4.00000"},"time":1576584740462,"action":"ADD","deltaTime":7266,"objectName":"T","objectType":"point"},{"data":{"x":"2.00000","y":"5.00000"},"time":1576584741482,"action":"ADD","deltaTime":1020,"objectName":"U","objectType":"point"},{"data":{"x":"4.00000","y":"3.00000"},"time":1576584743018,"action":"ADD","deltaTime":1536,"objectName":"V","objectType":"point"},{"data":{"x":"5.00000","y":"2.00000"},"time":1576584747739,"action":"ADD","deltaTime":4721,"objectName":"W","objectType":"point"},{"data":{"x":"6.00000","y":"3.00000"},"time":1576584748997,"action":"ADD","deltaTime":1258,"objectName":"Z","objectType":"point"},{"data":{"x":"7.00000","y":"4.00000"},"time":1576584750096,"action":"ADD","deltaTime":1099,"objectName":"A_1","objectType":"point"},{"data":{"x":"8.00000","y":"5.00000"},"time":1576584755366,"action":"ADD","deltaTime":5270,"objectName":"B_1","objectType":"point"},{"data":{"x":"9.00000","y":"6.00000"},"time":1576584762574,"action":"ADD","deltaTime":7208,"objectName":"C_1","objectType":"point"},{"data":{"x":"8.00000","y":"7.00000"},"time":1576584765258,"action":"ADD","deltaTime":2684,"objectName":"D_1","objectType":"point"},{"data":{"value":5.656854249492381,"definitionString":"Linjestykke Q, C_1"},"time":1576584784372,"action":"ADD","deltaTime":19114,"objectName":"f","objectType":"segment"},{"data":{"value":5.656854249492381,"definitionString":"Linjestykke C_1, W"},"time":1576584791074,"action":"ADD","deltaTime":6702,"objectName":"g","objectType":"segment"},{"data":{"value":5.656854249492381,"definitionString":"Linjestykke W, S"},"time":1576584793301,"action":"ADD","deltaTime":2227,"objectName":"h","objectType":"segment"},{"data":{"value":5.656854249492381,"definitionString":"Linjestykke S, Q"},"time":1576584795567,"action":"ADD","deltaTime":2266,"objectName":"i","objectType":"segment"},{"data":{"x":"4.00000","y":"13.00000"},"time":1576584800901,"action":"ADD","deltaTime":5334,"objectName":"E_1","objectType":"point"},{"data":{"x":"6.00000","y":"9.00000","definitionString":"Punkt på f"},"time":1576584803796,"action":"ADD","deltaTime":2895,"objectName":"F_1","objectType":"point"},{"data":{"value":5.656854249492381,"definitionString":"Linjestykke C, F"},"time":1576584810766,"action":"ADD","deltaTime":6970,"objectName":"j","objectType":"segment"},{"data":{"x":"4.00000","y":"5.00000"},"time":1576584811059,"action":"UPDATE","deltaTime":293,"objectName":"F","objectType":"point"},{"data":{"value":5.656854249492381,"definitionString":"Linjestykke F, J"},"time":1576584814272,"action":"ADD","deltaTime":3213,"objectName":"k","objectType":"segment"},{"data":{"value":5.656854249492381,"definitionString":"Linjestykke J, E_1"},"time":1576584823068,"action":"ADD","deltaTime":8796,"objectName":"l","objectType":"segment"},{"data":{"value":5.656854249492381,"definitionString":"Linjestykke E_1, C"},"time":1576584827099,"action":"ADD","deltaTime":4031,"objectName":"m","objectType":"segment"},{"data":{"x":"8.00000","y":"9.00000"},"time":1576584827395,"action":"UPDATE","deltaTime":296,"objectName":"C","objectType":"point"},{"data":{"value":3.1622776601683795,"definitionString":"Linjestykke A, B"},"time":1576584834408,"action":"ADD","deltaTime":7013,"objectName":"n","objectType":"segment"},{"data":{"value":3.1622776601683795,"definitionString":"Linjestykke A, D"},"time":1576584837518,"action":"ADD","deltaTime":3110,"objectName":"p","objectType":"segment"},{"data":{"x":"7.00000","y":"8.00000"},"time":1576584837824,"action":"UPDATE","deltaTime":306,"objectName":"D","objectType":"point"}]