[{"data":{"x":"4.00000","y":"11.00000"},"time":1576584937397,"action":"ADD","deltaTime":null,"objectName":"C","objectType":"point"},{"data":{"x":"3.00000","y":"10.00000"},"time":1576584938596,"action":"ADD","deltaTime":1199,"objectName":"D","objectType":"point"},{"data":{"x":"1.00000","y":"8.00000"},"time":1576584939963,"action":"ADD","deltaTime":1367,"objectName":"E","objectType":"point"},{"data":{"x":"6.00000","y":"9.00000"},"time":1576584945401,"action":"ADD","deltaTime":5438,"objectName":"F","objectType":"point"},{"data":{"x":"5.00000","y":"10.00000"},"time":1576584946577,"action":"ADD","deltaTime":1176,"objectName":"G","objectType":"point"},{"data":{"x":"7.00000","y":"8.00000"},"time":1576584947964,"action":"ADD","deltaTime":1387,"objectName":"H","objectType":"point"},{"data":{"x":"6.00000","y":"5.00000"},"time":1576584952506,"action":"ADD","deltaTime":4542,"objectName":"I","objectType":"point"},{"data":{"x":"7.00000","y":"6.00000"},"time":1576584954005,"action":"ADD","deltaTime":1499,"objectName":"J","objectType":"point"},{"data":{"x":"8.00000","y":"7.00000"},"time":1576584955809,"action":"ADD","deltaTime":1804,"objectName":"K","objectType":"point"},{"data":{"x":"5.00000","y":"4.00000"},"time":1576584957456,"action":"ADD","deltaTime":1647,"objectName":"L","objectType":"point"},{"data":{"x":"2.00000","y":"5.00000"},"time":1576584963685,"action":"ADD","deltaTime":6229,"objectName":"M","objectType":"point"},{"data":{"x":"0.00000","y":"7.00000","definitionString":"Punkt på yAkse"},"time":1576584965026,"action":"ADD","deltaTime":1341,"objectName":"N","objectType":"point"},{"data":{"x":"1.00000","y":"6.00000"},"time":1576584966181,"action":"ADD","deltaTime":1155,"objectName":"O","objectType":"point"},{"data":{"x":"3.00000","y":"4.00000"},"time":1576584967648,"action":"ADD","deltaTime":1467,"objectName":"P","objectType":"point"},{"data":{"x":"4.00000","y":"3.00000"},"time":1576584968699,"action":"ADD","deltaTime":1051,"objectName":"Q","objectType":"point"},{"data":{"x":"6.85835","y":"10.77400"},"time":1576584991602,"action":"ADD","deltaTime":22903,"objectName":"R","objectType":"point"},{"data":{"x":["11.76744","8.73107","-1.00000"],"y":["12.70127","10.50127","8.00000"]},"time":1576584993057,"action":"UPDATE","deltaTime":[1455,1164,7989],"objectName":"R","objectType":"point"},{"data":{"x":"2.13107","y":"10.64673"},"time":1576585001929,"action":"ADD","deltaTime":8872,"objectName":"S","objectType":"point"},{"data":{"x":["3.22198","2.67653","3.04016","-2.00000"],"y":["10.81036","12.70127","11.24673","9.00000"]},"time":1576585002422,"action":"UPDATE","deltaTime":[493,1168,1633,28152],"objectName":"S","objectType":"point"},{"data":{"x":"3.00000","y":"12.00000"},"time":1576585049774,"action":"ADD","deltaTime":47352,"objectName":"T","objectType":"point"},{"data":{"x":"2.00000","y":"13.00000"},"time":1576585051184,"action":"ADD","deltaTime":1410,"objectName":"U","objectType":"point"},{"data":{"x":"0.00000","y":"11.00000","definitionString":"Punkt på yAkse"},"time":1576585070065,"action":"ADD","deltaTime":18881,"objectName":"V","objectType":"point"},{"data":{"x":"1.00000","y":"12.00000"},"time":1576585073100,"action":"ADD","deltaTime":3035,"objectName":"W","objectType":"point"},{"data":{"x":"-1.00000","y":"10.00000"},"time":1576585074248,"action":"ADD","deltaTime":1148,"objectName":"Z","objectType":"point"},{"data":{"x":"5.00000","y":"8.00000"},"time":1576585085156,"action":"ADD","deltaTime":10908,"objectName":"A_1","objectType":"point"},{"data":{"x":"3.00000","y":"6.00000"},"time":1576585086363,"action":"ADD","deltaTime":1207,"objectName":"B_1","objectType":"point"},{"data":{"value":8.485281374238571,"definitionString":"Linjestykke U, K"},"time":1576585090812,"action":"ADD","deltaTime":4449,"objectName":"f","objectType":"segment"},{"data":{"x":"8.00000","y":"7.00000"},"time":1576585091138,"action":"UPDATE","deltaTime":326,"objectName":"K","objectType":"point"},{"data":{"x":"0.10035","y":"10.83831"},"time":1576585100666,"action":"UPDATE","deltaTime":9528,"objectName":"U","objectType":"point"},{"data":{"value":8.782776247569789,"definitionString":"Linjestykke U, K"},"time":1576585100740,"action":"UPDATE","deltaTime":74,"objectName":"f","objectType":"segment"},{"data":{"x":"2.00000","y":"13.00000"},"time":1576585101964,"action":"UPDATE","deltaTime":1224,"objectName":"U","objectType":"point"},{"data":{"value":8.485281374238571,"definitionString":"Linjestykke U, K"},"time":1576585102049,"action":"UPDATE","deltaTime":85,"objectName":"f","objectType":"segment"},{"data":{"x":["-2.00000","-0.49965","-2.00000"],"y":["9.00000","10.57831","9.00000"]},"time":1576585113585,"action":"UPDATE","deltaTime":[11536,2981,3897],"objectName":"S","objectType":"point"},{"data":{"value":5.656854249492381,"definitionString":"Linjestykke S, U"},"time":1576585123226,"action":"ADD","deltaTime":9641,"objectName":"g","objectType":"segment"},{"data":{"value":8.485281374238571,"definitionString":"Linjestykke S, Q"},"time":1576585126763,"action":"ADD","deltaTime":3537,"objectName":"h","objectType":"segment"},{"data":{"value":5.656854249492381,"definitionString":"Linjestykke Q, K"},"time":1576585129154,"action":"ADD","deltaTime":2391,"objectName":"i","objectType":"segment"},{"data":{"value":5.656854249492381,"definitionString":"Linjestykke F, M"},"time":1576585133483,"action":"ADD","deltaTime":4329,"objectName":"j","objectType":"segment"},{"data":{"value":5.656854249492381,"definitionString":"Linjestykke C, N"},"time":1576585136800,"action":"ADD","deltaTime":3317,"objectName":"k","objectType":"segment"},{"data":{"value":4,"definitionString":"Linjestykke F, A"},"time":1576585141837,"action":"ADD","deltaTime":5037,"objectName":"l","objectType":"segment"},{"data":{"value":2.8284271247461903,"definitionString":"Linjestykke A, B"},"time":1576585143886,"action":"ADD","deltaTime":2049,"objectName":"m","objectType":"segment"},{"data":{"value":3.1622776601683795,"definitionString":"Linjestykke A, G"},"time":1576585150435,"action":"ADD","deltaTime":6549,"objectName":"n","objectType":"segment"},{"data":{"value":3.1622776601683795,"definitionString":"Linjestykke G, B"},"time":1576585153352,"action":"ADD","deltaTime":2917,"objectName":"p","objectType":"segment"},{"data":{"value":4,"definitionString":"Linjestykke B, C"},"time":1576585158666,"action":"ADD","deltaTime":5314,"objectName":"q","objectType":"segment"}]