[{"data":{"x":["6.00000","8.65928"],"y":["8.00000","8.96513"]},"time":1576581042965,"action":"UPDATE","deltaTime":[null,11995],"objectName":"S","objectType":"point"},{"data":{"x":"6.56828","y":"8.69533"},"time":1576581055256,"action":"ADD","deltaTime":12291,"objectName":"A","objectType":"point"},{"data":{"x":"9.23261","y":"10.75260"},"time":1576581055796,"action":"ADD","deltaTime":540,"objectName":"B","objectType":"point"},{"data":{"value":3.36616292201466,"definitionString":"Linjestykke A, B"},"time":1576581059254,"action":"ADD","deltaTime":3458,"objectName":"f","objectType":"segment"},{"data":{"value":1.877165526652018,"definitionString":"Linjestykke S, B"},"time":1576581060583,"action":"ADD","deltaTime":1329,"objectName":"g","objectType":"segment"},{"data":{"x":"7.14162","y":"8.59415"},"time":1576581061448,"action":"ADD","deltaTime":865,"objectName":"C","objectType":"point"},{"data":{"value":1.5623442093449285,"definitionString":"Linjestykke S, C"},"time":1576581061475,"action":"ADD","deltaTime":27,"objectName":"h","objectType":"segment"},{"data":{"value":0.1390549086035232,"definitionString":"Linjestykke C, A"},"time":1576581065772,"action":"ADD","deltaTime":4297,"objectName":"i","objectType":"segment"},{"data":{"x":"6.43338","y":"8.72905"},"time":1576581065962,"action":"UPDATE","deltaTime":190,"objectName":"C","objectType":"point"},{"data":{"value":2.2383851690798715,"definitionString":"Linjestykke S, C"},"time":1576581066004,"action":"UPDATE","deltaTime":42,"objectName":"h","objectType":"segment"},{"data":{"x":"8.00000","y":"8.00000"},"time":1576581083886,"action":"ADD","deltaTime":17882,"objectName":"A","objectType":"point"},{"data":{"x":"11.69460","y":"9.57220"},"time":1576581087394,"action":"ADD","deltaTime":3508,"objectName":"B","objectType":"point"},{"data":{"value":4.015201071778618,"definitionString":"Linjestykke A, B"},"time":1576581087425,"action":"ADD","deltaTime":31,"objectName":"f","objectType":"segment"},{"data":{"x":["8.65928","8.65928","8.65928","0.66627","4.00000","5.92749","6.00000"],"y":["8.96513","8.96513","8.96513","8.35807","6.00000","5.86236","6.00000"]},"time":1576581111011,"action":"UPDATE","deltaTime":[23586,3781,13235,29911,33992,35404,36346],"objectName":"S","objectType":"point"},{"data":{"x":"12.00000","y":"6.00000"},"time":1576581163392,"action":"ADD","deltaTime":52381,"objectName":"A","objectType":"point"},{"data":{"x":"6.00000","y":"12.00000"},"time":1576581173882,"action":"ADD","deltaTime":10490,"objectName":"B","objectType":"point"},{"data":{"x":"0.00000","y":"6.00000","definitionString":"Punkt på yAkse"},"time":1576581176027,"action":"ADD","deltaTime":2145,"objectName":"C","objectType":"point"},{"data":{"x":"6.00000","y":"0.00000","definitionString":"Punkt på xAkse"},"time":1576581179164,"action":"ADD","deltaTime":3137,"objectName":"D","objectType":"point"},{"data":{"value":8.485281374238571,"definitionString":"Linjestykke B, C"},"time":1576581186241,"action":"ADD","deltaTime":7077,"objectName":"f","objectType":"segment"},{"data":{"value":8.485281374238571,"definitionString":"Linjestykke C, D"},"time":1576581188329,"action":"ADD","deltaTime":2088,"objectName":"g","objectType":"segment"},{"data":{"value":8.485281374238571,"definitionString":"Linjestykke D, A"},"time":1576581191579,"action":"ADD","deltaTime":3250,"objectName":"h","objectType":"segment"},{"data":{"value":8.485281374238571,"definitionString":"Linjestykke A, B"},"time":1576581193699,"action":"ADD","deltaTime":2120,"objectName":"i","objectType":"segment"}]