[{"data":{"value":3.1622776601683795,"definitionString":"Linjestykke A, B"},"time":1576581271966,"action":"ADD","deltaTime":null,"objectName":"f","objectType":"segment"},{"data":{"x":"3.00000","y":"6.00000"},"time":1576581274771,"action":"ADD","deltaTime":2805,"objectName":"C","objectType":"point"},{"data":{"value":2,"definitionString":"Linjestykke B, C"},"time":1576581274801,"action":"ADD","deltaTime":30,"objectName":"g","objectType":"segment"},{"data":{"value":3.1622776601683795,"definitionString":"Linjestykke C, A"},"time":1576581276478,"action":"ADD","deltaTime":1677,"objectName":"h","objectType":"segment"}]