[{"data":{"x":"2.00000","y":"7.00000"},"time":1576581328234,"action":"ADD","deltaTime":null,"objectName":"C","objectType":"point"},{"data":{"x":"0.00000","y":"7.00000"},"time":1576581334430,"action":"UPDATE","deltaTime":6196,"objectName":"C","objectType":"point"},{"data":{"value":2.8284271247461903,"definitionString":"Linjestykke A, C"},"time":1576581337297,"action":"ADD","deltaTime":2867,"objectName":"f","objectType":"segment"},{"data":{"value":4,"definitionString":"Linjestykke C, B"},"time":1576581338928,"action":"ADD","deltaTime":1631,"objectName":"g","objectType":"segment"},{"data":{"x":"1.92255","y":"9.31436"},"time":1576581339817,"action":"ADD","deltaTime":889,"objectName":"D","objectType":"point"},{"data":{"value":3.109999426005113,"definitionString":"Linjestykke B, D"},"time":1576581339848,"action":"ADD","deltaTime":31,"objectName":"h","objectType":"segment"},{"data":{"value":0.32376488765669015,"definitionString":"Linjestykke D, A"},"time":1576581341741,"action":"ADD","deltaTime":1893,"objectName":"i","objectType":"segment"},{"data":{"value":2.8284271247461903,"definitionString":"Linjestykke A, C"},"time":1576581341894,"action":"UPDATE","deltaTime":153,"objectName":"f","objectType":"segment"},{"data":{"value":0.32376488765669015,"definitionString":"Linjestykke D, A"},"time":1576581342973,"action":"ADD","deltaTime":1079,"objectName":"j","objectType":"segment"},{"data":{"x":"2.00000","y":"9.00000"},"time":1576581345961,"action":"UPDATE","deltaTime":2988,"objectName":"D","objectType":"point"},{"data":{"value":2.8284271247461903,"definitionString":"Linjestykke B, D"},"time":1576581345987,"action":"UPDATE","deltaTime":26,"objectName":"h","objectType":"segment"},{"data":{"value":0,"definitionString":"Linjestykke D, A"},"time":1576581346009,"action":"UPDATE","deltaTime":22,"objectName":"i","objectType":"segment"},{"data":{"value":0,"definitionString":"Linjestykke D, A"},"time":1576581346029,"action":"UPDATE","deltaTime":20,"objectName":"j","objectType":"segment"},{"data":{"value":null,"definitionString":"Midtnormal DB"},"time":1576581351233,"action":"ADD","deltaTime":5204,"objectName":"k","objectType":"line"}]