[{"data":{"x":"7.00000","y":"8.00000"},"time":1576580975761,"action":"ADD","deltaTime":null,"objectName":"A","objectType":"point"},{"data":{"value":1,"definitionString":"Linjestykke S, A"},"time":1576580975812,"action":"ADD","deltaTime":51,"objectName":"f","objectType":"segment"},{"data":{"x":"21.10408","y":"13.51811"},"time":1576580986446,"action":"ADD","deltaTime":10634,"objectName":"A","objectType":"point"},{"data":{"value":null,"definitionString":"Linje S, A"},"time":1576580986472,"action":"ADD","deltaTime":26,"objectName":"f","objectType":"line"},{"data":{"x":"7.00000","y":"8.00000"},"time":1576580991592,"action":"ADD","deltaTime":5120,"objectName":"A","objectType":"point"},{"data":{"x":"7.00000","y":"9.00000"},"time":1576580992809,"action":"ADD","deltaTime":1217,"objectName":"B","objectType":"point"},{"data":{"x":"8.00000","y":"9.00000"},"time":1576580998484,"action":"ADD","deltaTime":5675,"objectName":"C","objectType":"point"},{"data":{"x":"7.00000","y":"7.00000"},"time":1576581028238,"action":"ADD","deltaTime":29754,"objectName":"A","objectType":"point"},{"data":{"x":"8.00000","y":"6.00000"},"time":1576581029587,"action":"ADD","deltaTime":1349,"objectName":"B","objectType":"point"},{"data":{"x":"9.00000","y":"5.00000"},"time":1576581030781,"action":"ADD","deltaTime":1194,"objectName":"C","objectType":"point"},{"data":{"x":"10.00000","y":"4.00000"},"time":1576581032251,"action":"ADD","deltaTime":1470,"objectName":"D","objectType":"point"},{"data":{"x":"11.00000","y":"3.00000"},"time":1576581033723,"action":"ADD","deltaTime":1472,"objectName":"E","objectType":"point"},{"data":{"value":7.0710678118654755,"definitionString":"Linjestykke S, E"},"time":1576581050685,"action":"ADD","deltaTime":16962,"objectName":"f","objectType":"segment"},{"data":{"x":"6.00000","y":"8.00000"},"time":1576581069094,"action":"UPDATE","deltaTime":18409,"objectName":"S","objectType":"point"},{"data":{"x":"12.00000","y":"8.00000"},"time":1576581082009,"action":"ADD","deltaTime":12915,"objectName":"A","objectType":"point"},{"data":{"x":"0.00000","y":"8.00000","definitionString":"Punkt på yAkse"},"time":1576581087627,"action":"ADD","deltaTime":5618,"objectName":"B","objectType":"point"},{"data":{"value":null,"definitionString":"Midtnormal BA"},"time":1576581092963,"action":"ADD","deltaTime":5336,"objectName":"f","objectType":"line"},{"data":{"value":12,"definitionString":"Linjestykke B, A"},"time":1576581109288,"action":"ADD","deltaTime":16325,"objectName":"g","objectType":"segment"},{"data":{"x":"6.00000","y":"14.12518","definitionString":"Punkt på f"},"time":1576581131733,"action":"ADD","deltaTime":22445,"objectName":"C","objectType":"point"},{"data":{"x":"6.00000","y":"3.00000","definitionString":"Punkt på f"},"time":1576581137551,"action":"ADD","deltaTime":5818,"objectName":"D","objectType":"point"},{"data":{"x":"9.00000","y":"5.00000"},"time":1576581185787,"action":"ADD","deltaTime":48236,"objectName":"E","objectType":"point"},{"data":{"x":"9.00000","y":"11.00000"},"time":1576581193545,"action":"ADD","deltaTime":7758,"objectName":"F","objectType":"point"},{"data":{"x":"3.00000","y":"5.00000"},"time":1576581202542,"action":"ADD","deltaTime":8997,"objectName":"G","objectType":"point"},{"data":{"x":"12.00000","y":"2.00000"},"time":1576581228530,"action":"ADD","deltaTime":25988,"objectName":"H","objectType":"point"},{"data":{"x":"3.00000","y":"11.00000"},"time":1576581251594,"action":"ADD","deltaTime":23064,"objectName":"I","objectType":"point"},{"data":{"x":"0.00000","y":"2.00000","definitionString":"Punkt på yAkse"},"time":1576581321668,"action":"ADD","deltaTime":70074,"objectName":"J","objectType":"point"},{"data":{"x":"0.00000","y":"14.00000","definitionString":"Punkt på yAkse"},"time":1576581329440,"action":"ADD","deltaTime":7772,"objectName":"K","objectType":"point"},{"data":{"x":"12.00000","y":"14.00000"},"time":1576581338539,"action":"ADD","deltaTime":9099,"objectName":"L","objectType":"point"},{"data":{"x":"12.53774","y":"12.94478"},"time":1576581387654,"action":"ADD","deltaTime":49115,"objectName":"M","objectType":"point"},{"data":{"x":"18.27112","y":"11.25849"},"time":1576581388634,"action":"UPDATE","deltaTime":980,"objectName":"M","objectType":"point"},{"data":{"x":"18.33857","y":"8.29062"},"time":1576581389983,"action":"ADD","deltaTime":1349,"objectName":"N","objectType":"point"},{"data":{"x":"3.00000","y":"11.00000"},"time":1576581664480,"action":"ADD","deltaTime":274497,"objectName":"H","objectType":"point"},{"data":{"value":4.332058545764347,"definitionString":"Linjestykke C, H"},"time":1576581731142,"action":"ADD","deltaTime":66662,"objectName":"h","objectType":"segment"},{"data":{"value":4.242640687119286,"definitionString":"Linjestykke H, B"},"time":1576581734514,"action":"ADD","deltaTime":3372,"objectName":"i","objectType":"segment"},{"data":{"value":4.242640687119286,"definitionString":"Linjestykke B, G"},"time":1576581736336,"action":"ADD","deltaTime":1822,"objectName":"j","objectType":"segment"},{"data":{"x":"3.00000","y":"5.00000"},"time":1576581736613,"action":"UPDATE","deltaTime":277,"objectName":"G","objectType":"point"},{"data":{"value":4.242640687119286,"definitionString":"Linjestykke G, D"},"time":1576581738232,"action":"ADD","deltaTime":1619,"objectName":"k","objectType":"segment"},{"data":{"value":4.242640687119286,"definitionString":"Linjestykke D, E"},"time":1576581739705,"action":"ADD","deltaTime":1473,"objectName":"l","objectType":"segment"},{"data":{"x":"9.00000","y":"5.00000"},"time":1576581739985,"action":"UPDATE","deltaTime":280,"objectName":"E","objectType":"point"},{"data":{"value":4.242640687119286,"definitionString":"Linjestykke E, A"},"time":1576581741318,"action":"ADD","deltaTime":1333,"objectName":"m","objectType":"segment"},{"data":{"x":"12.00000","y":"8.00000"},"time":1576581741595,"action":"UPDATE","deltaTime":277,"objectName":"A","objectType":"point"},{"data":{"value":4.242640687119286,"definitionString":"Linjestykke A, F"},"time":1576581742901,"action":"ADD","deltaTime":1306,"objectName":"n","objectType":"segment"},{"data":{"x":"9.00000","y":"11.00000"},"time":1576581743177,"action":"UPDATE","deltaTime":276,"objectName":"F","objectType":"point"},{"data":{"value":4.332058545764347,"definitionString":"Linjestykke F, C"},"time":1576581744956,"action":"ADD","deltaTime":1779,"objectName":"p","objectType":"segment"}]