[{"data":{"value":3.1622776601683795,"definitionString":"Linjestykke A, B"},"time":1576582009022,"action":"ADD","deltaTime":null,"objectName":"f","objectType":"segment"},{"data":{"x":"8.00000","y":"9.00000"},"time":1576582078041,"action":"ADD","deltaTime":69019,"objectName":"C","objectType":"point"},{"data":{"value":4,"definitionString":"Linjestykke A, C"},"time":1576582083814,"action":"ADD","deltaTime":5773,"objectName":"g","objectType":"segment"},{"data":{"value":4.242640687119286,"definitionString":"Linjestykke C, B"},"time":1576582085522,"action":"ADD","deltaTime":1708,"objectName":"h","objectType":"segment"}]