[{"data":{"value":null,"definitionString":"Midtnormal BC"},"time":1576582131423,"action":"ADD","deltaTime":null,"objectName":"f","objectType":"line"},{"data":{"value":null,"definitionString":"Midtnormal AB"},"time":1576582146346,"action":"ADD","deltaTime":14923,"objectName":"f","objectType":"line"},{"data":{"value":null,"definitionString":"Midtnormal BC"},"time":1576582196955,"action":"ADD","deltaTime":50609,"objectName":"f","objectType":"line"},{"data":{"value":null,"definitionString":"Midtnormal CA"},"time":1576582200946,"action":"ADD","deltaTime":3991,"objectName":"g","objectType":"line"},{"data":{"value":null,"definitionString":"Midtnormal AB"},"time":1576582203253,"action":"ADD","deltaTime":2307,"objectName":"h","objectType":"line"},{"data":{"value":null,"definitionString":"Midtnormal AB"},"time":1576582395661,"action":"ADD","deltaTime":192408,"objectName":"f","objectType":"line"},{"data":{"x":"4.69907","y":"5.66391"},"time":1576582419966,"action":"ADD","deltaTime":24305,"objectName":"D","objectType":"point"},{"data":{"x":"4.73277","y":"5.61337"},"time":1576582463943,"action":"ADD","deltaTime":43977,"objectName":"D","objectType":"point"},{"data":{"value":null,"definitionString":"Midtnormal AD"},"time":1576582470863,"action":"ADD","deltaTime":6920,"objectName":"f","objectType":"line"},{"data":{"x":"4.46323","y":"5.83237"},"time":1576582511160,"action":"ADD","deltaTime":40297,"objectName":"D","objectType":"point"},{"data":{"x":"4.39584","y":"6.08506"},"time":1576582525600,"action":"ADD","deltaTime":14440,"objectName":"E","objectType":"point"},{"data":{"value":null,"definitionString":"Midtnormal AB"},"time":1576582562209,"action":"ADD","deltaTime":36609,"objectName":"f","objectType":"line"},{"data":{"x":"6.03623","y":"8.68996"},"time":1576582976822,"action":"ADD","deltaTime":414613,"objectName":"D","objectType":"point"},{"data":{"x":"6.00000","y":"9.00000"},"time":1576582979517,"action":"ADD","deltaTime":2695,"objectName":"D","objectType":"point"},{"data":{"value":2,"definitionString":"Linjestykke A, D"},"time":1576582986836,"action":"ADD","deltaTime":7319,"objectName":"f","objectType":"segment"},{"data":{"value":3.1622776601683795,"definitionString":"Linjestykke D, B"},"time":1576582991433,"action":"ADD","deltaTime":4597,"objectName":"g","objectType":"segment"},{"data":{"x":"10.34819","y":"9.51761"},"time":1576583278351,"action":"ADD","deltaTime":286918,"objectName":"D","objectType":"point"},{"data":{"x":"8.86659","y":"7.96449"},"time":1576583279950,"action":"ADD","deltaTime":1599,"objectName":"D","objectType":"point"},{"data":{"x":"8.00000","y":"7.00000"},"time":1576583281278,"action":"ADD","deltaTime":1328,"objectName":"E","objectType":"point"},{"data":{"value":1.2966193792173082,"definitionString":"Linjestykke D, E"},"time":1576583281328,"action":"ADD","deltaTime":50,"objectName":"f","objectType":"segment"},{"data":{"x":"9.00000","y":"7.00000"},"time":1576583282386,"action":"ADD","deltaTime":1058,"objectName":"F","objectType":"point"},{"data":{"value":0.9736740197513924,"definitionString":"Linjestykke F, D"},"time":1576583283406,"action":"ADD","deltaTime":1020,"objectName":"g","objectType":"segment"},{"data":{"value":1,"definitionString":"Linjestykke F, E"},"time":1576583285524,"action":"ADD","deltaTime":2118,"objectName":"h","objectType":"segment"},{"data":{"x":"8.00000","y":"8.00000"},"time":1576583287584,"action":"ADD","deltaTime":2060,"objectName":"G","objectType":"point"},{"data":{"value":0.8673175522646277,"definitionString":"Linjestykke D, G"},"time":1576583287616,"action":"ADD","deltaTime":32,"objectName":"i","objectType":"segment"},{"data":{"value":1,"definitionString":"Linjestykke E, G"},"time":1576583289743,"action":"ADD","deltaTime":2127,"objectName":"l","objectType":"segment"},{"data":{"x":"10.00000","y":"8.00000"},"time":1576583295977,"action":"ADD","deltaTime":6234,"objectName":"D","objectType":"point"},{"data":{"x":"9.00000","y":"7.00000"},"time":1576583297590,"action":"ADD","deltaTime":1613,"objectName":"E","objectType":"point"},{"data":{"value":1.4142135623730951,"definitionString":"Linjestykke D, E"},"time":1576583297643,"action":"ADD","deltaTime":53,"objectName":"f","objectType":"segment"},{"data":{"x":"10.00000","y":"7.00000"},"time":1576583299609,"action":"ADD","deltaTime":1966,"objectName":"F","objectType":"point"},{"data":{"value":1,"definitionString":"Linjestykke F, D"},"time":1576583300886,"action":"ADD","deltaTime":1277,"objectName":"g","objectType":"segment"},{"data":{"x":"9.00000","y":"8.00000"},"time":1576583302326,"action":"ADD","deltaTime":1440,"objectName":"G","objectType":"point"},{"data":{"value":1,"definitionString":"Linjestykke G, E"},"time":1576583303365,"action":"ADD","deltaTime":1039,"objectName":"h","objectType":"segment"},{"data":{"value":1,"definitionString":"Linjestykke F, E"},"time":1576583306137,"action":"ADD","deltaTime":2772,"objectName":"i","objectType":"segment"},{"data":{"value":1,"definitionString":"Linjestykke G, D"},"time":1576583308559,"action":"ADD","deltaTime":2422,"objectName":"l","objectType":"segment"},{"data":{"x":"9.00000","y":"7.48834","definitionString":"Punkt på h"},"time":1576583310888,"action":"ADD","deltaTime":2329,"objectName":"H","objectType":"point"},{"data":{"value":1.123298663625439,"definitionString":"Linjestykke D, H"},"time":1576583310920,"action":"ADD","deltaTime":32,"objectName":"m","objectType":"segment"},{"data":{"x":"10.00000","y":"7.45462","definitionString":"Punkt på g"},"time":1576583313106,"action":"ADD","deltaTime":2186,"objectName":"I","objectType":"point"},{"data":{"value":0.5453829649929833,"definitionString":"Linjestykke D, I"},"time":1576583313136,"action":"ADD","deltaTime":30,"objectName":"n","objectType":"segment"},{"data":{"x":"9.60535","y":"7.00000","definitionString":"Punkt på i"},"time":1576583315451,"action":"ADD","deltaTime":2315,"objectName":"J","objectType":"point"},{"data":{"value":1.0750590833865097,"definitionString":"Linjestykke D, J"},"time":1576583315483,"action":"ADD","deltaTime":32,"objectName":"p","objectType":"segment"},{"data":{"x":"9.59411","y":"8.00000","definitionString":"Punkt på l"},"time":1576583317704,"action":"ADD","deltaTime":2221,"objectName":"K","objectType":"point"},{"data":{"value":0.5941059718915422,"definitionString":"Linjestykke G, K"},"time":1576583317738,"action":"ADD","deltaTime":34,"objectName":"q","objectType":"segment"},{"data":{"x":"14.59391","y":"9.04718"},"time":1576584494779,"action":"ADD","deltaTime":1177041,"objectName":"D","objectType":"point"},{"data":{"x":"14.64471","y":"9.09799"},"time":1576584494961,"action":"ADD","deltaTime":182,"objectName":"E","objectType":"point"}]