[{"data":{"x":"3.00000","y":"10.00000"},"time":1576584936523,"action":"ADD","deltaTime":null,"objectName":"C","objectType":"point"},{"data":{"x":"4.00000","y":"11.00000"},"time":1576584938124,"action":"ADD","deltaTime":1601,"objectName":"D","objectType":"point"},{"data":{"x":"5.00000","y":"12.00000"},"time":1576584940392,"action":"ADD","deltaTime":2268,"objectName":"E","objectType":"point"},{"data":{"x":"1.00000","y":"8.00000"},"time":1576584942987,"action":"ADD","deltaTime":2595,"objectName":"F","objectType":"point"},{"data":{"x":"0.00000","y":"7.00000","definitionString":"Punkt på yAkse"},"time":1576584944622,"action":"ADD","deltaTime":1635,"objectName":"G","objectType":"point"},{"data":{"x":"0.24255","y":"6.09436"},"time":1576584948155,"action":"ADD","deltaTime":3533,"objectName":"H","objectType":"point"},{"data":{"x":"1.00000","y":"6.00000"},"time":1576584953171,"action":"ADD","deltaTime":5016,"objectName":"H","objectType":"point"},{"data":{"x":"6.00000","y":"11.00000"},"time":1576584958413,"action":"ADD","deltaTime":5242,"objectName":"H","objectType":"point"},{"data":{"x":"7.00255","y":"9.15436"},"time":1576584963147,"action":"ADD","deltaTime":4734,"objectName":"I","objectType":"point"},{"data":{"x":"7.00000","y":"10.00000"},"time":1576584967980,"action":"ADD","deltaTime":4833,"objectName":"I","objectType":"point"},{"data":{"x":"3.00000","y":"10.00000"},"time":1576584977669,"action":"ADD","deltaTime":9689,"objectName":"C","objectType":"point"},{"data":{"x":"4.00000","y":"11.00000"},"time":1576584978887,"action":"ADD","deltaTime":1218,"objectName":"D","objectType":"point"},{"data":{"x":"5.00000","y":"10.00000"},"time":1576584980487,"action":"ADD","deltaTime":1600,"objectName":"E","objectType":"point"},{"data":{"x":"6.00000","y":"9.00000"},"time":1576584983426,"action":"ADD","deltaTime":2939,"objectName":"F","objectType":"point"},{"data":{"x":"7.00000","y":"8.00000"},"time":1576584987451,"action":"ADD","deltaTime":4025,"objectName":"G","objectType":"point"},{"data":{"x":"8.00000","y":"7.00000"},"time":1576584988648,"action":"ADD","deltaTime":1197,"objectName":"H","objectType":"point"},{"data":{"x":"7.00000","y":"6.00000"},"time":1576584991130,"action":"ADD","deltaTime":2482,"objectName":"I","objectType":"point"},{"data":{"x":"6.00000","y":"5.00000"},"time":1576584992508,"action":"ADD","deltaTime":1378,"objectName":"J","objectType":"point"},{"data":{"x":"5.00000","y":"4.00000"},"time":1576584994788,"action":"ADD","deltaTime":2280,"objectName":"K","objectType":"point"},{"data":{"x":"4.00000","y":"3.00000"},"time":1576584996977,"action":"ADD","deltaTime":2189,"objectName":"L","objectType":"point"},{"data":{"x":"3.00000","y":"4.00000"},"time":1576584998580,"action":"ADD","deltaTime":1603,"objectName":"M","objectType":"point"},{"data":{"x":"2.04255","y":"4.87436"},"time":1576585000066,"action":"ADD","deltaTime":1486,"objectName":"N","objectType":"point"},{"data":{"x":"1.00000","y":"6.00000"},"time":1576585001653,"action":"ADD","deltaTime":1587,"objectName":"O","objectType":"point"},{"data":{"x":"0.00000","y":"7.00000","definitionString":"Punkt på yAkse"},"time":1576585003048,"action":"ADD","deltaTime":1395,"objectName":"P","objectType":"point"},{"data":{"x":"1.02255","y":"8.21436"},"time":1576585006524,"action":"ADD","deltaTime":3476,"objectName":"Q","objectType":"point"},{"data":{"x":"1.00000","y":"6.00000"},"time":1576585015655,"action":"ADD","deltaTime":9131,"objectName":"O","objectType":"point"},{"data":{"x":"0.00000","y":"7.00000"},"time":1576585016659,"action":"ADD","deltaTime":1004,"objectName":"P","objectType":"point"},{"data":{"x":"1.00000","y":"8.00000"},"time":1576585018927,"action":"ADD","deltaTime":2268,"objectName":"Q","objectType":"point"},{"data":{"x":"-1.55035","y":"9.35755"},"time":1576585058110,"action":"ADD","deltaTime":39183,"objectName":"R","objectType":"point"},{"data":{"x":["-1.00000","-1.00000"],"y":["9.00000","8.00000"]},"time":1576585059018,"action":"UPDATE","deltaTime":[908,3436],"objectName":"R","objectType":"point"},{"data":{"x":"-2.00000","y":"9.00000"},"time":1576585068700,"action":"ADD","deltaTime":9682,"objectName":"S","objectType":"point"},{"data":{"x":"-1.00000","y":"10.00000"},"time":1576585069936,"action":"ADD","deltaTime":1236,"objectName":"T","objectType":"point"},{"data":{"x":"0.00000","y":"11.00000","definitionString":"Punkt på yAkse"},"time":1576585071307,"action":"ADD","deltaTime":1371,"objectName":"U","objectType":"point"},{"data":{"x":"1.00000","y":"12.00000"},"time":1576585072462,"action":"ADD","deltaTime":1155,"objectName":"V","objectType":"point"},{"data":{"x":"2.00364","y":"12.43043"},"time":1576585073531,"action":"ADD","deltaTime":1069,"objectName":"W","objectType":"point"},{"data":{"x":["2.12779","-1.87626","2.00000"],"y":["12.22868","12.69427","13.00000"]},"time":1576585074085,"action":"UPDATE","deltaTime":[554,483,9729],"objectName":"W","objectType":"point"},{"data":{"x":"3.00000","y":"12.00000"},"time":1576585084907,"action":"ADD","deltaTime":10822,"objectName":"Z","objectType":"point"},{"data":{"value":2.8284271247461903,"definitionString":"Linjestykke A, B"},"time":1576585097153,"action":"ADD","deltaTime":12246,"objectName":"f","objectType":"segment"},{"data":{"value":5.656854249492381,"definitionString":"Linjestykke D, P"},"time":1576585100002,"action":"ADD","deltaTime":2849,"objectName":"g","objectType":"segment"},{"data":{"x":"0.00000","y":"7.00000"},"time":1576585100297,"action":"UPDATE","deltaTime":295,"objectName":"P","objectType":"point"},{"data":{"value":5.656854249492381,"definitionString":"Linjestykke P, L"},"time":1576585117962,"action":"ADD","deltaTime":17665,"objectName":"h","objectType":"segment"},{"data":{"x":"4.00000","y":"3.00000"},"time":1576585118257,"action":"UPDATE","deltaTime":295,"objectName":"L","objectType":"point"},{"data":{"value":5.656854249492381,"definitionString":"Linjestykke L, H"},"time":1576585120196,"action":"ADD","deltaTime":1939,"objectName":"i","objectType":"segment"},{"data":{"x":"8.00000","y":"7.00000"},"time":1576585120493,"action":"UPDATE","deltaTime":297,"objectName":"H","objectType":"point"},{"data":{"value":5.656854249492381,"definitionString":"Linjestykke H, D"},"time":1576585122334,"action":"ADD","deltaTime":1841,"objectName":"j","objectType":"segment"},{"data":{"x":"4.00000","y":"11.00000"},"time":1576585122620,"action":"UPDATE","deltaTime":286,"objectName":"D","objectType":"point"},{"data":{"value":2.8284271247461903,"definitionString":"Linjestykke P, S"},"time":1576585130847,"action":"ADD","deltaTime":8227,"objectName":"k","objectType":"segment"},{"data":{"x":"-2.00000","y":"9.00000"},"time":1576585131139,"action":"UPDATE","deltaTime":292,"objectName":"S","objectType":"point"},{"data":{"value":5.656854249492381,"definitionString":"Linjestykke S, W"},"time":1576585132529,"action":"ADD","deltaTime":1390,"objectName":"l","objectType":"segment"},{"data":{"x":"2.00000","y":"13.00000"},"time":1576585132816,"action":"UPDATE","deltaTime":287,"objectName":"W","objectType":"point"},{"data":{"value":2.8284271247461903,"definitionString":"Linjestykke W, D"},"time":1576585134344,"action":"ADD","deltaTime":1528,"objectName":"m","objectType":"segment"},{"data":{"x":"4.00000","y":"11.00000"},"time":1576585134641,"action":"UPDATE","deltaTime":297,"objectName":"D","objectType":"point"},{"data":{"value":2.8284271247461903,"definitionString":"Linjestykke B, F"},"time":1576585140268,"action":"ADD","deltaTime":5627,"objectName":"n","objectType":"segment"},{"data":{"x":"6.00000","y":"9.00000"},"time":1576585140559,"action":"UPDATE","deltaTime":291,"objectName":"F","objectType":"point"},{"data":{"value":2.8896294309017967,"definitionString":"Linjestykke B, N"},"time":1576585149988,"action":"ADD","deltaTime":9429,"objectName":"p","objectType":"segment"},{"data":{"x":"2.04255","y":"4.87436"},"time":1576585150276,"action":"UPDATE","deltaTime":288,"objectName":"N","objectType":"point"},{"data":{"value":4,"definitionString":"Linjestykke A, F"},"time":1576585152469,"action":"ADD","deltaTime":2193,"objectName":"q","objectType":"segment"},{"data":{"x":"6.00000","y":"9.00000"},"time":1576585152757,"action":"UPDATE","deltaTime":288,"objectName":"F","objectType":"point"},{"data":{"value":4,"definitionString":"Linjestykke B, D"},"time":1576585157340,"action":"ADD","deltaTime":4583,"objectName":"r","objectType":"segment"},{"data":{"x":"4.00000","y":"11.00000"},"time":1576585157630,"action":"UPDATE","deltaTime":290,"objectName":"D","objectType":"point"},{"data":{"value":3.1622776601683795,"definitionString":"Linjestykke A, E"},"time":1576585164081,"action":"ADD","deltaTime":6451,"objectName":"s","objectType":"segment"},{"data":{"x":"5.00000","y":"10.00000"},"time":1576585164369,"action":"UPDATE","deltaTime":288,"objectName":"E","objectType":"point"},{"data":{"value":3.1622776601683795,"definitionString":"Linjestykke E, B"},"time":1576585166055,"action":"ADD","deltaTime":1686,"objectName":"t","objectType":"segment"}]