[{"data":{"x":"12.00000","y":"8.00000"},"time":1576581033029,"action":"ADD","deltaTime":null,"objectName":"A","objectType":"point"},{"data":{"x":"0.00000","y":"8.00000","definitionString":"Punkt på yAkse"},"time":1576581042904,"action":"ADD","deltaTime":9875,"objectName":"B","objectType":"point"},{"data":{"x":"5.99494","y":"14.15890"},"time":1576581050407,"action":"ADD","deltaTime":7503,"objectName":"C","objectType":"point"},{"data":{"x":"6.00000","y":"3.00000"},"time":1576581056024,"action":"ADD","deltaTime":5617,"objectName":"D","objectType":"point"},{"data":{"x":"9.00000","y":"5.00000"},"time":1576581156158,"action":"ADD","deltaTime":100134,"objectName":"A","objectType":"point"},{"data":{"x":"9.00000","y":"11.00000"},"time":1576581165441,"action":"ADD","deltaTime":9283,"objectName":"B","objectType":"point"},{"data":{"x":"3.00000","y":"11.00000"},"time":1576581185554,"action":"ADD","deltaTime":20113,"objectName":"C","objectType":"point"},{"data":{"x":"3.00000","y":"5.00000"},"time":1576581200045,"action":"ADD","deltaTime":14491,"objectName":"D","objectType":"point"},{"data":{"x":"12.00000","y":"8.00000"},"time":1576581206262,"action":"ADD","deltaTime":6217,"objectName":"E","objectType":"point"},{"data":{"x":"6.00000","y":"13.00000"},"time":1576581215759,"action":"ADD","deltaTime":9497,"objectName":"F","objectType":"point"},{"data":{"x":"1.00000","y":"8.00000"},"time":1576581222448,"action":"ADD","deltaTime":6689,"objectName":"G","objectType":"point"},{"data":{"x":"6.00000","y":"4.00000"},"time":1576581226992,"action":"ADD","deltaTime":4544,"objectName":"H","objectType":"point"},{"data":{"x":"11.15498","y":"8.08826"},"time":1576581230919,"action":"ADD","deltaTime":3927,"objectName":"I","objectType":"point"},{"data":{"x":"12.00000","y":"8.00000"},"time":1576581243361,"action":"ADD","deltaTime":12442,"objectName":"E","objectType":"point"},{"data":{"x":"6.00000","y":"14.00000"},"time":1576581253679,"action":"ADD","deltaTime":10318,"objectName":"F","objectType":"point"},{"data":{"x":"6.00000","y":"3.00000"},"time":1576581261121,"action":"ADD","deltaTime":7442,"objectName":"G","objectType":"point"},{"data":{"x":"0.00000","y":"8.00000","definitionString":"Punkt på yAkse"},"time":1576581267529,"action":"ADD","deltaTime":6408,"objectName":"H","objectType":"point"},{"data":{"x":"6.19729","y":"5.35648"},"time":1576581411496,"action":"ADD","deltaTime":143967,"objectName":"I","objectType":"point"},{"data":{"x":"7.37770","y":"8.79651"},"time":1576581412948,"action":"UPDATE","deltaTime":1452,"objectName":"I","objectType":"point"},{"data":{"value":4.242640687119286,"definitionString":"Linjestykke C, H"},"time":1576581559165,"action":"ADD","deltaTime":146217,"objectName":"f","objectType":"segment"},{"data":{"value":4.242640687119286,"definitionString":"Linjestykke H, D"},"time":1576581562133,"action":"ADD","deltaTime":2968,"objectName":"g","objectType":"segment"},{"data":{"x":"3.00000","y":"5.00000"},"time":1576581562413,"action":"UPDATE","deltaTime":280,"objectName":"D","objectType":"point"},{"data":{"value":3.6055512754639896,"definitionString":"Linjestykke D, G"},"time":1576581564777,"action":"ADD","deltaTime":2364,"objectName":"h","objectType":"segment"},{"data":{"x":"6.00000","y":"3.00000"},"time":1576581565057,"action":"UPDATE","deltaTime":280,"objectName":"G","objectType":"point"},{"data":{"value":3.6055512754639896,"definitionString":"Linjestykke G, A"},"time":1576581568740,"action":"ADD","deltaTime":3683,"objectName":"i","objectType":"segment"},{"data":{"x":"9.00000","y":"5.00000"},"time":1576581569024,"action":"UPDATE","deltaTime":284,"objectName":"A","objectType":"point"},{"data":{"value":4.242640687119286,"definitionString":"Linjestykke A, E"},"time":1576581571408,"action":"ADD","deltaTime":2384,"objectName":"j","objectType":"segment"},{"data":{"x":"12.00000","y":"8.00000"},"time":1576581571697,"action":"UPDATE","deltaTime":289,"objectName":"E","objectType":"point"},{"data":{"value":4.242640687119286,"definitionString":"Linjestykke E, B"},"time":1576581574302,"action":"ADD","deltaTime":2605,"objectName":"k","objectType":"segment"},{"data":{"x":"9.00000","y":"11.00000"},"time":1576581574600,"action":"UPDATE","deltaTime":298,"objectName":"B","objectType":"point"},{"data":{"value":4.242640687119286,"definitionString":"Linjestykke B, F"},"time":1576581576397,"action":"ADD","deltaTime":1797,"objectName":"l","objectType":"segment"},{"data":{"x":"6.00000","y":"14.00000"},"time":1576581576684,"action":"UPDATE","deltaTime":287,"objectName":"F","objectType":"point"},{"data":{"value":4.242640687119286,"definitionString":"Linjestykke F, C"},"time":1576581578410,"action":"ADD","deltaTime":1726,"objectName":"m","objectType":"segment"},{"data":{"x":"3.00000","y":"11.00000"},"time":1576581578694,"action":"UPDATE","deltaTime":284,"objectName":"C","objectType":"point"}]