[{"data":{"x":"7.00000","y":"8.00000"},"time":1576581752720,"action":"ADD","deltaTime":null,"objectName":"C","objectType":"point"},{"data":{"value":3.1622776601683795,"definitionString":"Linjestykke A, B"},"time":1576581865057,"action":"ADD","deltaTime":112337,"objectName":"f","objectType":"segment"},{"data":{"value":2.8284271247461903,"definitionString":"Linjestykke B, C"},"time":1576581868006,"action":"ADD","deltaTime":2949,"objectName":"g","objectType":"segment"},{"data":{"value":3.1622776601683795,"definitionString":"Linjestykke C, A"},"time":1576581871242,"action":"ADD","deltaTime":3236,"objectName":"h","objectType":"segment"}]