[{"data":{"x":"5.00000","y":"10.00000"},"time":1576582017943,"action":"ADD","deltaTime":null,"objectName":"C","objectType":"point"},{"data":{"value":2.8284271247461903,"definitionString":"Linjestykke A, B"},"time":1576582033453,"action":"ADD","deltaTime":15510,"objectName":"f","objectType":"segment"},{"data":{"value":3.1622776601683795,"definitionString":"Linjestykke B, C"},"time":1576582036785,"action":"ADD","deltaTime":3332,"objectName":"g","objectType":"segment"},{"data":{"value":3.1622776601683795,"definitionString":"Linjestykke C, A"},"time":1576582038536,"action":"ADD","deltaTime":1751,"objectName":"h","objectType":"segment"},{"data":{"value":null,"definitionString":"Midtnormal AB"},"time":1576582042922,"action":"ADD","deltaTime":4386,"objectName":"i","objectType":"line"}]