[{"data":{"x":"11.00000","y":"8.00000"},"time":1576580829026,"action":"ADD","deltaTime":null,"objectName":"A","objectType":"point"},{"data":{"x":"12.00000","y":"8.00000"},"time":1576580845209,"action":"ADD","deltaTime":16183,"objectName":"A","objectType":"point"},{"data":{"x":"0.00000","y":"8.00000"},"time":1576580854681,"action":"ADD","deltaTime":9472,"objectName":"B","objectType":"point"},{"data":{"x":"6.00000","y":"14.00000"},"time":1576580861232,"action":"ADD","deltaTime":6551,"objectName":"C","objectType":"point"},{"data":{"x":"6.00000","y":"2.00000"},"time":1576580867312,"action":"ADD","deltaTime":6080,"objectName":"D","objectType":"point"},{"data":{"x":"12.00000","y":"7.00000"},"time":1576580941758,"action":"ADD","deltaTime":74446,"objectName":"E","objectType":"point"},{"data":{"value":1,"definitionString":"Linjestykke A, E"},"time":1576580941790,"action":"ADD","deltaTime":32,"objectName":"f","objectType":"segment"},{"data":{"x":"11.00000","y":"7.00000"},"time":1576580942799,"action":"ADD","deltaTime":1009,"objectName":"F","objectType":"point"},{"data":{"value":1,"definitionString":"Linjestykke F, E"},"time":1576580943841,"action":"ADD","deltaTime":1042,"objectName":"g","objectType":"segment"},{"data":{"x":"11.00000","y":"6.00000"},"time":1576580945553,"action":"ADD","deltaTime":1712,"objectName":"G","objectType":"point"},{"data":{"value":1,"definitionString":"Linjestykke F, G"},"time":1576580945579,"action":"ADD","deltaTime":26,"objectName":"h","objectType":"segment"},{"data":{"x":"10.15932","y":"5.88946"},"time":1576580948346,"action":"ADD","deltaTime":2767,"objectName":"H","objectType":"point"},{"data":{"value":0.8479168119128216,"definitionString":"Linjestykke G, H"},"time":1576580948374,"action":"ADD","deltaTime":28,"objectName":"i","objectType":"segment"},{"data":{"x":"10.00000","y":"5.00000"},"time":1576580949469,"action":"ADD","deltaTime":1095,"objectName":"I","objectType":"point"},{"data":{"x":"10.00000","y":"6.00000"},"time":1576580955706,"action":"ADD","deltaTime":6237,"objectName":"H","objectType":"point"},{"data":{"value":1,"definitionString":"Linjestykke G, H"},"time":1576580955733,"action":"ADD","deltaTime":27,"objectName":"i","objectType":"segment"},{"data":{"x":"10.00000","y":"5.00000"},"time":1576580957093,"action":"ADD","deltaTime":1360,"objectName":"I","objectType":"point"},{"data":{"value":1,"definitionString":"Linjestykke H, I"},"time":1576580957117,"action":"ADD","deltaTime":24,"objectName":"j","objectType":"segment"},{"data":{"x":"9.00000","y":"5.00000"},"time":1576580959299,"action":"ADD","deltaTime":2182,"objectName":"J","objectType":"point"},{"data":{"value":1,"definitionString":"Linjestykke I, J"},"time":1576580959326,"action":"ADD","deltaTime":27,"objectName":"k","objectType":"segment"},{"data":{"x":"8.89798","y":"4.14583"},"time":1576580960358,"action":"ADD","deltaTime":1032,"objectName":"K","objectType":"point"},{"data":{"value":0.8602380217506803,"definitionString":"Linjestykke J, K"},"time":1576580960386,"action":"ADD","deltaTime":28,"objectName":"l","objectType":"segment"},{"data":{"x":"9.00000","y":"4.00000"},"time":1576580964092,"action":"ADD","deltaTime":3706,"objectName":"K","objectType":"point"},{"data":{"value":1,"definitionString":"Linjestykke J, K"},"time":1576580964116,"action":"ADD","deltaTime":24,"objectName":"l","objectType":"segment"},{"data":{"x":"8.00000","y":"4.00000"},"time":1576580964901,"action":"ADD","deltaTime":785,"objectName":"L","objectType":"point"},{"data":{"value":1,"definitionString":"Linjestykke L, K"},"time":1576580965884,"action":"ADD","deltaTime":983,"objectName":"m","objectType":"segment"},{"data":{"x":"8.00000","y":"3.00000"},"time":1576580966900,"action":"ADD","deltaTime":1016,"objectName":"M","objectType":"point"},{"data":{"value":1,"definitionString":"Linjestykke M, L"},"time":1576580967837,"action":"ADD","deltaTime":937,"objectName":"n","objectType":"segment"},{"data":{"x":"7.00000","y":"3.00000"},"time":1576580968836,"action":"ADD","deltaTime":999,"objectName":"N","objectType":"point"},{"data":{"value":1,"definitionString":"Linjestykke N, M"},"time":1576580969406,"action":"ADD","deltaTime":570,"objectName":"p","objectType":"segment"},{"data":{"x":"7.00000","y":"2.00000"},"time":1576580970730,"action":"ADD","deltaTime":1324,"objectName":"O","objectType":"point"},{"data":{"value":1,"definitionString":"Linjestykke N, O"},"time":1576580970758,"action":"ADD","deltaTime":28,"objectName":"q","objectType":"segment"},{"data":{"value":1,"definitionString":"Linjestykke O, D"},"time":1576580972215,"action":"ADD","deltaTime":1457,"objectName":"r","objectType":"segment"},{"data":{"x":"6.00000","y":"2.00000"},"time":1576580972495,"action":"UPDATE","deltaTime":280,"objectName":"D","objectType":"point"},{"data":{"x":"0.00000","y":"6.85401","definitionString":"Punkt på yAkse"},"time":1576580979540,"action":"ADD","deltaTime":7045,"objectName":"P","objectType":"point"},{"data":{"value":1.14598734943403,"definitionString":"Linjestykke B, P"},"time":1576580979563,"action":"ADD","deltaTime":23,"objectName":"s","objectType":"segment"},{"data":{"x":"0.00000","y":"7.00000","definitionString":"Punkt på yAkse"},"time":1576580984479,"action":"UPDATE","deltaTime":4916,"objectName":"P","objectType":"point"},{"data":{"value":1,"definitionString":"Linjestykke B, P"},"time":1576580984542,"action":"UPDATE","deltaTime":63,"objectName":"s","objectType":"segment"},{"data":{"x":"1.00000","y":"7.00000"},"time":1576580984602,"action":"ADD","deltaTime":60,"objectName":"Q","objectType":"point"},{"data":{"value":1,"definitionString":"Linjestykke P, Q"},"time":1576580984627,"action":"ADD","deltaTime":25,"objectName":"t","objectType":"segment"},{"data":{"x":"1.00000","y":"6.00000"},"time":1576580986358,"action":"ADD","deltaTime":1731,"objectName":"R","objectType":"point"},{"data":{"value":1,"definitionString":"Linjestykke Q, R"},"time":1576580986381,"action":"ADD","deltaTime":23,"objectName":"a","objectType":"segment"},{"data":{"x":"2.00000","y":"6.00000"},"time":1576580988001,"action":"ADD","deltaTime":1620,"objectName":"T","objectType":"point"},{"data":{"value":1,"definitionString":"Linjestykke R, T"},"time":1576580988030,"action":"ADD","deltaTime":29,"objectName":"b","objectType":"segment"},{"data":{"x":"2.00000","y":"5.00000"},"time":1576580989196,"action":"ADD","deltaTime":1166,"objectName":"U","objectType":"point"},{"data":{"value":1,"definitionString":"Linjestykke T, U"},"time":1576580989231,"action":"ADD","deltaTime":35,"objectName":"c","objectType":"segment"},{"data":{"x":"3.00000","y":"5.00000"},"time":1576580990624,"action":"ADD","deltaTime":1393,"objectName":"V","objectType":"point"},{"data":{"value":1,"definitionString":"Linjestykke U, V"},"time":1576580990648,"action":"ADD","deltaTime":24,"objectName":"d","objectType":"segment"},{"data":{"x":"3.00000","y":"4.00000"},"time":1576580991573,"action":"ADD","deltaTime":925,"objectName":"W","objectType":"point"},{"data":{"value":1,"definitionString":"Linjestykke V, W"},"time":1576580991606,"action":"ADD","deltaTime":33,"objectName":"e","objectType":"segment"},{"data":{"x":"4.00000","y":"4.00000"},"time":1576580992787,"action":"ADD","deltaTime":1181,"objectName":"Z","objectType":"point"},{"data":{"value":1,"definitionString":"Linjestykke W, Z"},"time":1576580992814,"action":"ADD","deltaTime":27,"objectName":"f_1","objectType":"segment"},{"data":{"x":"3.96390","y":"3.14418"},"time":1576580993779,"action":"ADD","deltaTime":965,"objectName":"A_1","objectType":"point"},{"data":{"value":0.856583159336615,"definitionString":"Linjestykke Z, A_1"},"time":1576580993804,"action":"ADD","deltaTime":25,"objectName":"g_1","objectType":"segment"},{"data":{"x":"4.00000","y":"4.00000"},"time":1576581009376,"action":"ADD","deltaTime":15572,"objectName":"Z","objectType":"point"},{"data":{"value":1,"definitionString":"Linjestykke W, Z"},"time":1576581009401,"action":"ADD","deltaTime":25,"objectName":"f_1","objectType":"segment"},{"data":{"x":"4.00000","y":"3.00000"},"time":1576581010978,"action":"ADD","deltaTime":1577,"objectName":"A_1","objectType":"point"},{"data":{"value":1,"definitionString":"Linjestykke Z, A_1"},"time":1576581011003,"action":"ADD","deltaTime":25,"objectName":"g_1","objectType":"segment"},{"data":{"x":"5.00000","y":"3.00000"},"time":1576581012192,"action":"ADD","deltaTime":1189,"objectName":"B_1","objectType":"point"},{"data":{"value":1,"definitionString":"Linjestykke A_1, B_1"},"time":1576581012220,"action":"ADD","deltaTime":28,"objectName":"h_1","objectType":"segment"},{"data":{"x":"5.00000","y":"2.00000"},"time":1576581013477,"action":"ADD","deltaTime":1257,"objectName":"C_1","objectType":"point"},{"data":{"value":1,"definitionString":"Linjestykke B_1, C_1"},"time":1576581013508,"action":"ADD","deltaTime":31,"objectName":"i_1","objectType":"segment"},{"data":{"value":1,"definitionString":"Linjestykke C_1, D"},"time":1576581014439,"action":"ADD","deltaTime":931,"objectName":"j_1","objectType":"segment"},{"data":{"x":"0.00000","y":"9.00000","definitionString":"Punkt på yAkse"},"time":1576581023928,"action":"ADD","deltaTime":9489,"objectName":"D_1","objectType":"point"},{"data":{"value":1,"definitionString":"Linjestykke B, D_1"},"time":1576581023952,"action":"ADD","deltaTime":24,"objectName":"k_1","objectType":"segment"},{"data":{"x":"1.00000","y":"9.00000"},"time":1576581025489,"action":"ADD","deltaTime":1537,"objectName":"E_1","objectType":"point"},{"data":{"value":1,"definitionString":"Linjestykke D_1, E_1"},"time":1576581025523,"action":"ADD","deltaTime":34,"objectName":"l_1","objectType":"segment"},{"data":{"x":"0.99603","y":"10.15577"},"time":1576581026745,"action":"ADD","deltaTime":1222,"objectName":"F_1","objectType":"point"},{"data":{"value":1.155772276026415,"definitionString":"Linjestykke E_1, F_1"},"time":1576581026771,"action":"ADD","deltaTime":26,"objectName":"m_1","objectType":"segment"},{"data":{"x":"2.03478","y":"10.15577"},"time":1576581028288,"action":"ADD","deltaTime":1517,"objectName":"G_1","objectType":"point"},{"data":{"value":1.0387536905137915,"definitionString":"Linjestykke F_1, G_1"},"time":1576581028317,"action":"ADD","deltaTime":29,"objectName":"n_1","objectType":"segment"},{"data":{"x":"1.00000","y":"10.00000"},"time":1576581043639,"action":"ADD","deltaTime":15322,"objectName":"F_1","objectType":"point"},{"data":{"value":1,"definitionString":"Linjestykke E_1, F_1"},"time":1576581043664,"action":"ADD","deltaTime":25,"objectName":"m_1","objectType":"segment"},{"data":{"x":"2.00000","y":"10.00000"},"time":1576581045008,"action":"ADD","deltaTime":1344,"objectName":"G_1","objectType":"point"},{"data":{"value":1,"definitionString":"Linjestykke F_1, G_1"},"time":1576581045039,"action":"ADD","deltaTime":31,"objectName":"n_1","objectType":"segment"},{"data":{"x":"2.00000","y":"11.00000"},"time":1576581046682,"action":"ADD","deltaTime":1643,"objectName":"H_1","objectType":"point"},{"data":{"value":1,"definitionString":"Linjestykke G_1, H_1"},"time":1576581046713,"action":"ADD","deltaTime":31,"objectName":"p_1","objectType":"segment"},{"data":{"x":"3.00000","y":"11.00000"},"time":1576581048142,"action":"ADD","deltaTime":1429,"objectName":"I_1","objectType":"point"},{"data":{"value":1,"definitionString":"Linjestykke H_1, I_1"},"time":1576581048173,"action":"ADD","deltaTime":31,"objectName":"q_1","objectType":"segment"},{"data":{"x":"3.00000","y":"12.00000"},"time":1576581049531,"action":"ADD","deltaTime":1358,"objectName":"J_1","objectType":"point"},{"data":{"value":1,"definitionString":"Linjestykke I_1, J_1"},"time":1576581049560,"action":"ADD","deltaTime":29,"objectName":"r_1","objectType":"segment"},{"data":{"x":"4.00000","y":"12.00000"},"time":1576581051205,"action":"ADD","deltaTime":1645,"objectName":"K_1","objectType":"point"},{"data":{"value":1,"definitionString":"Linjestykke J_1, K_1"},"time":1576581051231,"action":"ADD","deltaTime":26,"objectName":"s_1","objectType":"segment"},{"data":{"x":"4.00000","y":"13.00000"},"time":1576581052748,"action":"ADD","deltaTime":1517,"objectName":"L_1","objectType":"point"},{"data":{"value":1,"definitionString":"Linjestykke K_1, L_1"},"time":1576581052781,"action":"ADD","deltaTime":33,"objectName":"t_1","objectType":"segment"},{"data":{"x":"5.00000","y":"13.00000"},"time":1576581054025,"action":"ADD","deltaTime":1244,"objectName":"M_1","objectType":"point"},{"data":{"value":1,"definitionString":"Linjestykke L_1, M_1"},"time":1576581054051,"action":"ADD","deltaTime":26,"objectName":"a_1","objectType":"segment"},{"data":{"x":"5.00000","y":"14.00000"},"time":1576581055897,"action":"ADD","deltaTime":1846,"objectName":"N_1","objectType":"point"},{"data":{"value":1,"definitionString":"Linjestykke M_1, N_1"},"time":1576581055925,"action":"ADD","deltaTime":28,"objectName":"b_1","objectType":"segment"},{"data":{"value":1,"definitionString":"Linjestykke N_1, C"},"time":1576581056963,"action":"ADD","deltaTime":1038,"objectName":"c_1","objectType":"segment"},{"data":{"x":"12.00000","y":"9.00000"},"time":1576581060504,"action":"ADD","deltaTime":3541,"objectName":"O_1","objectType":"point"},{"data":{"value":1,"definitionString":"Linjestykke A, O_1"},"time":1576581060532,"action":"ADD","deltaTime":28,"objectName":"d_1","objectType":"segment"},{"data":{"x":"11.00000","y":"9.00000"},"time":1576581061874,"action":"ADD","deltaTime":1342,"objectName":"P_1","objectType":"point"},{"data":{"value":1,"definitionString":"Linjestykke O_1, P_1"},"time":1576581061907,"action":"ADD","deltaTime":33,"objectName":"e_1","objectType":"segment"},{"data":{"x":"11.00000","y":"10.00000"},"time":1576581062988,"action":"ADD","deltaTime":1081,"objectName":"Q_1","objectType":"point"},{"data":{"value":1,"definitionString":"Linjestykke P_1, Q_1"},"time":1576581063014,"action":"ADD","deltaTime":26,"objectName":"f_2","objectType":"segment"},{"data":{"x":"10.00000","y":"10.00000"},"time":1576581064255,"action":"ADD","deltaTime":1241,"objectName":"R_1","objectType":"point"},{"data":{"value":1,"definitionString":"Linjestykke Q_1, R_1"},"time":1576581064283,"action":"ADD","deltaTime":28,"objectName":"g_2","objectType":"segment"},{"data":{"x":"10.00000","y":"11.00000"},"time":1576581065256,"action":"ADD","deltaTime":973,"objectName":"S_1","objectType":"point"},{"data":{"value":1,"definitionString":"Linjestykke R_1, S_1"},"time":1576581065288,"action":"ADD","deltaTime":32,"objectName":"h_2","objectType":"segment"},{"data":{"x":"9.00000","y":"11.00000"},"time":1576581066636,"action":"ADD","deltaTime":1348,"objectName":"T_1","objectType":"point"},{"data":{"value":1,"definitionString":"Linjestykke S_1, T_1"},"time":1576581066672,"action":"ADD","deltaTime":36,"objectName":"i_2","objectType":"segment"},{"data":{"x":"9.00000","y":"12.00000"},"time":1576581067668,"action":"ADD","deltaTime":996,"objectName":"U_1","objectType":"point"},{"data":{"value":1,"definitionString":"Linjestykke T_1, U_1"},"time":1576581067700,"action":"ADD","deltaTime":32,"objectName":"j_2","objectType":"segment"},{"data":{"x":"8.00000","y":"12.00000"},"time":1576581068914,"action":"ADD","deltaTime":1214,"objectName":"V_1","objectType":"point"},{"data":{"value":1,"definitionString":"Linjestykke U_1, V_1"},"time":1576581068942,"action":"ADD","deltaTime":28,"objectName":"k_2","objectType":"segment"},{"data":{"x":"8.00000","y":"13.00000"},"time":1576581070029,"action":"ADD","deltaTime":1087,"objectName":"W_1","objectType":"point"},{"data":{"value":1,"definitionString":"Linjestykke V_1, W_1"},"time":1576581070055,"action":"ADD","deltaTime":26,"objectName":"l_2","objectType":"segment"},{"data":{"x":"7.00000","y":"13.00000"},"time":1576581071112,"action":"ADD","deltaTime":1057,"objectName":"Z_1","objectType":"point"},{"data":{"value":1,"definitionString":"Linjestykke W_1, Z_1"},"time":1576581071144,"action":"ADD","deltaTime":32,"objectName":"m_2","objectType":"segment"},{"data":{"x":"6.96886","y":"14.19949"},"time":1576581072022,"action":"ADD","deltaTime":878,"objectName":"A_2","objectType":"point"},{"data":{"value":1.199889265210756,"definitionString":"Linjestykke Z_1, A_2"},"time":1576581072048,"action":"ADD","deltaTime":26,"objectName":"n_2","objectType":"segment"},{"data":{"value":0.9891857070592182,"definitionString":"Linjestykke A_2, C"},"time":1576581073211,"action":"ADD","deltaTime":1163,"objectName":"p_2","objectType":"segment"},{"data":{"x":"8.82378","y":"13.82850"},"time":1576581076756,"action":"ADD","deltaTime":3545,"objectName":"B_2","objectType":"point"},{"data":{"x":"7.00000","y":"14.00000"},"time":1576581089008,"action":"ADD","deltaTime":12252,"objectName":"A_2","objectType":"point"},{"data":{"value":1,"definitionString":"Linjestykke Z_1, A_2"},"time":1576581089034,"action":"ADD","deltaTime":26,"objectName":"n_2","objectType":"segment"},{"data":{"value":1,"definitionString":"Linjestykke A_2, C"},"time":1576581090186,"action":"ADD","deltaTime":1152,"objectName":"p_2","objectType":"segment"},{"data":{"x":["9.84986","8.79996","8.88746","9.00000","10.85601","12.00000","12.00000"],"y":["9.62442","10.41184","10.76181","11.00000","12.77411","13.00000","13.00000"]},"time":1576581155770,"action":"UPDATE","deltaTime":[65584,1430,3231,3898,50765,52296,52861],"objectName":"T_1","objectType":"point"},{"data":{"x":["12.08089","9.80611","10.00000","10.00000"],"y":["11.81171","10.89305","11.00000","11.00000"]},"time":1576581210717,"action":"UPDATE","deltaTime":[54947,1315,2481,2767],"objectName":"S_1","objectType":"point"},{"data":{"x":["8.79996","9.00000"],"y":["11.02428","11.00000"]},"time":1576581216533,"action":"UPDATE","deltaTime":[5816,682],"objectName":"T_1","objectType":"point"},{"data":{"x":"7.00000","y":"9.00000"},"time":1576581309520,"action":"ADD","deltaTime":92987,"objectName":"B_2","objectType":"point"},{"data":{"x":"8.00000","y":"10.00000"},"time":1576581310898,"action":"ADD","deltaTime":1378,"objectName":"C_2","objectType":"point"},{"data":{"value":1.4142135623730951,"definitionString":"Linjestykke B_2, C_2"},"time":1576581310934,"action":"ADD","deltaTime":36,"objectName":"q_2","objectType":"segment"},{"data":{"x":"7.75007","y":"9.88690"},"time":1576581375827,"action":"ADD","deltaTime":64893,"objectName":"B_2","objectType":"point"},{"data":{"value":2.5735422960922794,"definitionString":"Linjestykke S, B_2"},"time":1576581375902,"action":"ADD","deltaTime":75,"objectName":"q_2","objectType":"segment"},{"data":{"x":"10.00000","y":"12.00000"},"time":1576581387273,"action":"UPDATE","deltaTime":11371,"objectName":"T_1","objectType":"point"},{"data":{"x":["9.32491","10.00000"],"y":["4.98738","4.00000"]},"time":1576581389105,"action":"UPDATE","deltaTime":[1832,1067],"objectName":"J","objectType":"point"},{"data":{"x":"2.00000","y":"4.00000"},"time":1576581392845,"action":"UPDATE","deltaTime":3740,"objectName":"V","objectType":"point"},{"data":{"x":"2.00000","y":"12.00000"},"time":1576581395023,"action":"UPDATE","deltaTime":2178,"objectName":"I_1","objectType":"point"},{"data":{"x":["3.00000","3.00000"],"y":["13.00000","13.00000"]},"time":1576581405371,"action":"UPDATE","deltaTime":[10348,733],"objectName":"K_1","objectType":"point"},{"data":{"x":["0.96949","1.00000"],"y":["10.84930","11.00000"]},"time":1576581408489,"action":"UPDATE","deltaTime":[3118,649],"objectName":"G_1","objectType":"point"},{"data":{"x":["0.00000","0.48829","1.00000","0.00709","0.05083","0.00000"],"y":["10.00000","9.62442","9.00000","9.75566","9.84315","10.00000"]},"time":1576581412971,"action":"UPDATE","deltaTime":[4482,3999,5867,6965,17167,17816],"objectName":"E_1","objectType":"point"},{"data":{"x":"0.00000","y":"6.00000"},"time":1576581434238,"action":"UPDATE","deltaTime":21267,"objectName":"Q","objectType":"point"},{"data":{"x":"1.00000","y":"5.00000"},"time":1576581436876,"action":"UPDATE","deltaTime":2638,"objectName":"T","objectType":"point"},{"data":{"x":["3.06928","3.00000"],"y":["3.19381","3.00000"]},"time":1576581440119,"action":"UPDATE","deltaTime":[3243,502],"objectName":"Z","objectType":"point"},{"data":{"x":"4.00000","y":"2.00000"},"time":1576581443454,"action":"UPDATE","deltaTime":3335,"objectName":"B_1","objectType":"point"},{"data":{"x":"8.00000","y":"2.00000"},"time":1576581447352,"action":"UPDATE","deltaTime":3898,"objectName":"N","objectType":"point"},{"data":{"x":"9.00000","y":"3.00000"},"time":1576581450102,"action":"UPDATE","deltaTime":2750,"objectName":"L","objectType":"point"},{"data":{"x":["11.07474","11.03099","11.00000"],"y":["5.20611","5.16237","5.00000"]},"time":1576581453285,"action":"UPDATE","deltaTime":[3183,684,1183],"objectName":"H","objectType":"point"},{"data":{"x":["11.99340","12.00000"],"y":["6.21226","6.00000"]},"time":1576581456786,"action":"UPDATE","deltaTime":[3501,718],"objectName":"F","objectType":"point"},{"data":{"x":"12.00000","y":"10.00000"},"time":1576581460155,"action":"UPDATE","deltaTime":3369,"objectName":"P_1","objectType":"point"},{"data":{"x":"11.00000","y":"11.00000"},"time":1576581462652,"action":"UPDATE","deltaTime":2497,"objectName":"R_1","objectType":"point"},{"data":{"x":["8.84371","8.84371","9.00000"],"y":["12.51164","12.99284","13.00000"]},"time":1576581464784,"action":"UPDATE","deltaTime":[2132,701,1034],"objectName":"V_1","objectType":"point"},{"data":{"x":"8.00000","y":"14.00000"},"time":1576581468868,"action":"UPDATE","deltaTime":4084,"objectName":"Z_1","objectType":"point"},{"data":{"x":"4.00000","y":"14.00000"},"time":1576581471602,"action":"UPDATE","deltaTime":2734,"objectName":"M_1","objectType":"point"}]