[{"data":{"x":"7.00000","y":"7.00000"},"time":1576581513154,"action":"ADD","deltaTime":null,"objectName":"C","objectType":"point"},{"data":{"value":null,"definitionString":"Linje A, C"},"time":1576581513200,"action":"ADD","deltaTime":46,"objectName":"f","objectType":"line"},{"data":{"value":null,"definitionString":"Midtnormal AB"},"time":1576581519034,"action":"ADD","deltaTime":5834,"objectName":"g","objectType":"line"},{"data":{"value":null,"definitionString":"Midtnormal CB"},"time":1576581528273,"action":"ADD","deltaTime":9239,"objectName":"h","objectType":"line"},{"data":{"x":"8.00000","y":"7.00000"},"time":1576581533581,"action":"UPDATE","deltaTime":5308,"objectName":"C","objectType":"point"},{"data":{"value":4,"definitionString":"Linjestykke A, B"},"time":1576581582201,"action":"ADD","deltaTime":48620,"objectName":"f","objectType":"segment"},{"data":{"value":null,"definitionString":"Midtnormal AB"},"time":1576581584835,"action":"ADD","deltaTime":2634,"objectName":"g","objectType":"line"}]