[{"data":{"x":"8.00000","y":"14.00000"},"time":1576242769943,"action":"ADD","deltaTime":null,"objectName":"A","objectType":"point"},{"data":{"x":"10.00000","y":"12.00000"},"time":1576242771030,"action":"ADD","deltaTime":1087,"objectName":"B","objectType":"point"},{"data":{"value":2.8284271247461903,"definitionString":"Linjestykke A, B"},"time":1576242771101,"action":"ADD","deltaTime":71,"objectName":"f","objectType":"segment"},{"data":{"x":"9.95636","y":"5.60664"},"time":1576242773519,"action":"ADD","deltaTime":2418,"objectName":"C","objectType":"point"},{"data":{"value":6.39351039947797,"definitionString":"Linjestykke B, C"},"time":1576242773563,"action":"ADD","deltaTime":44,"objectName":"g","objectType":"segment"}]