[{"data":{"x":"15.43763","y":"7.95575"},"time":1576253713676,"action":"ADD","deltaTime":null,"objectName":"A","objectType":"point"},{"data":{"x":["10.53212","18.00000"],"y":["7.95575","8.00000"]},"time":1576253715022,"action":"UPDATE","deltaTime":[1346,15017],"objectName":"A","objectType":"point"},{"data":{"x":"16.00000","y":"10.00000"},"time":1576253731332,"action":"ADD","deltaTime":16310,"objectName":"B","objectType":"point"},{"data":{"x":"14.00000","y":"12.00000"},"time":1576253732412,"action":"ADD","deltaTime":1080,"objectName":"C","objectType":"point"},{"data":{"x":"12.00000","y":"14.00000"},"time":1576253733346,"action":"ADD","deltaTime":934,"objectName":"D","objectType":"point"},{"data":{"value":8.485281374238571,"definitionString":"Linjestykke D, A"},"time":1576253740906,"action":"ADD","deltaTime":7560,"objectName":"f","objectType":"segment"},{"data":{"x":"18.00000","y":"8.00000"},"time":1576253741173,"action":"UPDATE","deltaTime":267,"objectName":"A","objectType":"point"}]