[{"data":{"x":"11.22243","y":"7.98709"},"time":1576580972263,"action":"ADD","deltaTime":null,"objectName":"A","objectType":"point"},{"data":{"value":null,"definitionString":"Linje S, A"},"time":1576580972323,"action":"ADD","deltaTime":60,"objectName":"f","objectType":"line"},{"data":{"x":"11.98881","y":"7.80704"},"time":1576581047841,"action":"ADD","deltaTime":75518,"objectName":"A","objectType":"point"},{"data":{"x":"12.00000","y":"8.00000"},"time":1576581060458,"action":"ADD","deltaTime":12617,"objectName":"A","objectType":"point"},{"data":{"value":null,"definitionString":"Linje S, A"},"time":1576581060493,"action":"ADD","deltaTime":35,"objectName":"f","objectType":"line"},{"data":{"x":"12.00000","y":"8.00000"},"time":1576581070139,"action":"ADD","deltaTime":9646,"objectName":"A","objectType":"point"},{"data":{"x":"0.00000","y":"8.00000","definitionString":"Punkt på yAkse"},"time":1576581080033,"action":"ADD","deltaTime":9894,"objectName":"B","objectType":"point"},{"data":{"x":"6.00000","y":"2.00000"},"time":1576581089351,"action":"ADD","deltaTime":9318,"objectName":"C","objectType":"point"},{"data":{"x":"6.00000","y":"14.00000"},"time":1576581104649,"action":"ADD","deltaTime":15298,"objectName":"D","objectType":"point"},{"data":{"value":8.485281374238571,"definitionString":"Linjestykke D, B"},"time":1576581107569,"action":"ADD","deltaTime":2920,"objectName":"f","objectType":"segment"},{"data":{"value":8.485281374238571,"definitionString":"Linjestykke B, C"},"time":1576581113862,"action":"ADD","deltaTime":6293,"objectName":"g","objectType":"segment"},{"data":{"value":8.485281374238571,"definitionString":"Linjestykke A, D"},"time":1576581115733,"action":"ADD","deltaTime":1871,"objectName":"h","objectType":"segment"},{"data":{"value":8.485281374238571,"definitionString":"Linjestykke C, A"},"time":1576581136788,"action":"ADD","deltaTime":21055,"objectName":"i","objectType":"segment"},{"data":{"x":["6.00000","6.00000"],"y":["8.00000","8.00000"]},"time":1576581150290,"action":"UPDATE","deltaTime":[13502,495],"objectName":"S","objectType":"point"},{"data":{"value":null,"definitionString":"Midtnormal AS"},"time":1576581153058,"action":"ADD","deltaTime":2768,"objectName":"j","objectType":"line"},{"data":{"x":"6.00000","y":"8.00000"},"time":1576581153346,"action":"UPDATE","deltaTime":288,"objectName":"S","objectType":"point"},{"data":{"x":"0.00000","y":"9.00000","definitionString":"Punkt på yAkse"},"time":1576581189686,"action":"ADD","deltaTime":36340,"objectName":"E","objectType":"point"},{"data":{"x":"1.00000","y":"9.00000","definitionString":"Punkt på f"},"time":1576581190871,"action":"ADD","deltaTime":1185,"objectName":"F","objectType":"point"},{"data":{"x":"1.00000","y":"10.00000"},"time":1576581191986,"action":"ADD","deltaTime":1115,"objectName":"G","objectType":"point"},{"data":{"x":"2.00000","y":"10.00000","definitionString":"Punkt på f"},"time":1576581193178,"action":"ADD","deltaTime":1192,"objectName":"H","objectType":"point"},{"data":{"x":"2.00000","y":"11.00000"},"time":1576581194207,"action":"ADD","deltaTime":1029,"objectName":"I","objectType":"point"},{"data":{"x":"3.00000","y":"11.00000","definitionString":"Punkt på f"},"time":1576581195267,"action":"ADD","deltaTime":1060,"objectName":"J","objectType":"point"},{"data":{"x":"4.00000","y":"12.00000","definitionString":"Punkt på f"},"time":1576581196620,"action":"ADD","deltaTime":1353,"objectName":"K","objectType":"point"},{"data":{"x":"5.00000","y":"13.00000","definitionString":"Punkt på f"},"time":1576581197916,"action":"ADD","deltaTime":1296,"objectName":"L","objectType":"point"},{"data":{"x":"4.00000","y":"13.00000"},"time":1576581199742,"action":"ADD","deltaTime":1826,"objectName":"M","objectType":"point"},{"data":{"x":"3.00000","y":"12.00000"},"time":1576581201058,"action":"ADD","deltaTime":1316,"objectName":"N","objectType":"point"},{"data":{"value":1,"definitionString":"Linjestykke E, B"},"time":1576581203642,"action":"ADD","deltaTime":2584,"objectName":"j","objectType":"segment"},{"data":{"value":1,"definitionString":"Linjestykke F, G"},"time":1576581205489,"action":"ADD","deltaTime":1847,"objectName":"k","objectType":"segment"},{"data":{"value":1,"definitionString":"Linjestykke H, G"},"time":1576581206992,"action":"ADD","deltaTime":1503,"objectName":"l","objectType":"segment"},{"data":{"value":1,"definitionString":"Linjestykke I, H"},"time":1576581208168,"action":"ADD","deltaTime":1176,"objectName":"m","objectType":"segment"},{"data":{"value":1,"definitionString":"Linjestykke J, I"},"time":1576581209221,"action":"ADD","deltaTime":1053,"objectName":"n","objectType":"segment"},{"data":{"value":1,"definitionString":"Linjestykke K, N"},"time":1576581210492,"action":"ADD","deltaTime":1271,"objectName":"p","objectType":"segment"},{"data":{"value":1,"definitionString":"Linjestykke L, M"},"time":1576581211653,"action":"ADD","deltaTime":1161,"objectName":"q","objectType":"segment"},{"data":{"value":1,"definitionString":"Linjestykke J, N"},"time":1576581212893,"action":"ADD","deltaTime":1240,"objectName":"r","objectType":"segment"},{"data":{"value":1,"definitionString":"Linjestykke F, E"},"time":1576581214838,"action":"ADD","deltaTime":1945,"objectName":"s","objectType":"segment"},{"data":{"value":1,"definitionString":"Linjestykke E, B"},"time":1576581215625,"action":"ADD","deltaTime":787,"objectName":"t","objectType":"segment"},{"data":{"value":1,"definitionString":"Linjestykke M, K"},"time":1576581217738,"action":"ADD","deltaTime":2113,"objectName":"a","objectType":"segment"},{"data":{"x":"5.00000","y":"14.00000"},"time":1576581219396,"action":"ADD","deltaTime":1658,"objectName":"O","objectType":"point"},{"data":{"value":1,"definitionString":"Linjestykke L, O"},"time":1576581219435,"action":"ADD","deltaTime":39,"objectName":"b","objectType":"segment"},{"data":{"value":1,"definitionString":"Linjestykke D, O"},"time":1576581220664,"action":"ADD","deltaTime":1229,"objectName":"c","objectType":"segment"},{"data":{"x":"0.00000","y":"7.00000","definitionString":"Punkt på yAkse"},"time":1576581242231,"action":"ADD","deltaTime":21567,"objectName":"P","objectType":"point"},{"data":{"value":1,"definitionString":"Linjestykke B, P"},"time":1576581242278,"action":"ADD","deltaTime":47,"objectName":"d","objectType":"segment"},{"data":{"x":"1.00000","y":"7.00000","definitionString":"Punkt på g"},"time":1576581244937,"action":"ADD","deltaTime":2659,"objectName":"Q","objectType":"point"},{"data":{"value":1,"definitionString":"Linjestykke Q, P"},"time":1576581245643,"action":"ADD","deltaTime":706,"objectName":"e","objectType":"segment"},{"data":{"x":"1.00000","y":"6.00000"},"time":1576581246741,"action":"ADD","deltaTime":1098,"objectName":"R","objectType":"point"},{"data":{"x":"2.00000","y":"6.00000","definitionString":"Punkt på g"},"time":1576581247274,"action":"ADD","deltaTime":533,"objectName":"T","objectType":"point"},{"data":{"value":1,"definitionString":"Linjestykke R, T"},"time":1576581247313,"action":"ADD","deltaTime":39,"objectName":"f_1","objectType":"segment"},{"data":{"value":1,"definitionString":"Linjestykke R, Q"},"time":1576581249037,"action":"ADD","deltaTime":1724,"objectName":"g_1","objectType":"segment"},{"data":{"x":"2.00000","y":"5.00000"},"time":1576581250458,"action":"ADD","deltaTime":1421,"objectName":"U","objectType":"point"},{"data":{"value":1,"definitionString":"Linjestykke T, U"},"time":1576581250491,"action":"ADD","deltaTime":33,"objectName":"h_1","objectType":"segment"},{"data":{"x":"2.97524","y":"4.87336"},"time":1576581251030,"action":"ADD","deltaTime":539,"objectName":"V","objectType":"point"},{"data":{"value":0.9834269215302162,"definitionString":"Linjestykke V, U"},"time":1576581252050,"action":"ADD","deltaTime":1020,"objectName":"i_1","objectType":"segment"},{"data":{"x":"3.00000","y":"5.00000","definitionString":"Punkt på g"},"time":1576581255408,"action":"ADD","deltaTime":3358,"objectName":"U","objectType":"point"},{"data":{"x":"2.00000","y":"5.00000"},"time":1576581256492,"action":"ADD","deltaTime":1084,"objectName":"V","objectType":"point"},{"data":{"value":1,"definitionString":"Linjestykke U, V"},"time":1576581256533,"action":"ADD","deltaTime":41,"objectName":"h_1","objectType":"segment"},{"data":{"value":1,"definitionString":"Linjestykke T, V"},"time":1576581257855,"action":"ADD","deltaTime":1322,"objectName":"i_1","objectType":"segment"},{"data":{"x":"3.00000","y":"4.00000"},"time":1576581259856,"action":"ADD","deltaTime":2001,"objectName":"W","objectType":"point"},{"data":{"value":1,"definitionString":"Linjestykke U, W"},"time":1576581259893,"action":"ADD","deltaTime":37,"objectName":"j_1","objectType":"segment"},{"data":{"x":"4.00000","y":"4.00000","definitionString":"Punkt på g"},"time":1576581260658,"action":"ADD","deltaTime":765,"objectName":"Z","objectType":"point"},{"data":{"value":1,"definitionString":"Linjestykke Z, W"},"time":1576581261384,"action":"ADD","deltaTime":726,"objectName":"k_1","objectType":"segment"},{"data":{"x":"4.00000","y":"3.00000"},"time":1576581262407,"action":"ADD","deltaTime":1023,"objectName":"A_1","objectType":"point"},{"data":{"x":"5.00000","y":"3.00000","definitionString":"Punkt på g"},"time":1576581263118,"action":"ADD","deltaTime":711,"objectName":"B_1","objectType":"point"},{"data":{"value":1,"definitionString":"Linjestykke A_1, B_1"},"time":1576581263159,"action":"ADD","deltaTime":41,"objectName":"l_1","objectType":"segment"},{"data":{"x":"5.00000","y":"2.00000"},"time":1576581264856,"action":"ADD","deltaTime":1697,"objectName":"C_1","objectType":"point"},{"data":{"value":1,"definitionString":"Linjestykke C, C_1"},"time":1576581264894,"action":"ADD","deltaTime":38,"objectName":"m_1","objectType":"segment"},{"data":{"value":1,"definitionString":"Linjestykke C_1, B_1"},"time":1576581266182,"action":"ADD","deltaTime":1288,"objectName":"n_1","objectType":"segment"},{"data":{"value":1,"definitionString":"Linjestykke A_1, Z"},"time":1576581267663,"action":"ADD","deltaTime":1481,"objectName":"p_1","objectType":"segment"},{"data":{"x":"7.00000","y":"2.00000"},"time":1576581275029,"action":"ADD","deltaTime":7366,"objectName":"D_1","objectType":"point"},{"data":{"value":1,"definitionString":"Linjestykke C, D_1"},"time":1576581275097,"action":"ADD","deltaTime":68,"objectName":"q_1","objectType":"segment"},{"data":{"x":"7.00000","y":"3.00000","definitionString":"Punkt på i"},"time":1576581277338,"action":"ADD","deltaTime":2241,"objectName":"E_1","objectType":"point"},{"data":{"value":1,"definitionString":"Linjestykke D_1, E_1"},"time":1576581277379,"action":"ADD","deltaTime":41,"objectName":"r_1","objectType":"segment"},{"data":{"x":"8.00000","y":"3.00000"},"time":1576581279475,"action":"ADD","deltaTime":2096,"objectName":"F_1","objectType":"point"},{"data":{"value":1,"definitionString":"Linjestykke E_1, F_1"},"time":1576581279531,"action":"ADD","deltaTime":56,"objectName":"s_1","objectType":"segment"},{"data":{"x":"8.00000","y":"4.00000","definitionString":"Punkt på i"},"time":1576581281526,"action":"ADD","deltaTime":1995,"objectName":"G_1","objectType":"point"},{"data":{"value":1,"definitionString":"Linjestykke F_1, G_1"},"time":1576581281590,"action":"ADD","deltaTime":64,"objectName":"t_1","objectType":"segment"},{"data":{"x":"9.00000","y":"4.00000"},"time":1576581285594,"action":"ADD","deltaTime":4004,"objectName":"H_1","objectType":"point"},{"data":{"value":1,"definitionString":"Linjestykke G_1, H_1"},"time":1576581285647,"action":"ADD","deltaTime":53,"objectName":"a_1","objectType":"segment"},{"data":{"x":"9.00000","y":"5.00000","definitionString":"Punkt på i"},"time":1576581288041,"action":"ADD","deltaTime":2394,"objectName":"I_1","objectType":"point"},{"data":{"value":1,"definitionString":"Linjestykke H_1, I_1"},"time":1576581288098,"action":"ADD","deltaTime":57,"objectName":"b_1","objectType":"segment"},{"data":{"x":"10.00000","y":"5.00000"},"time":1576581290642,"action":"ADD","deltaTime":2544,"objectName":"J_1","objectType":"point"},{"data":{"value":1,"definitionString":"Linjestykke I_1, J_1"},"time":1576581290706,"action":"ADD","deltaTime":64,"objectName":"c_1","objectType":"segment"},{"data":{"x":"10.00000","y":"6.00000","definitionString":"Punkt på i"},"time":1576581292121,"action":"ADD","deltaTime":1415,"objectName":"K_1","objectType":"point"},{"data":{"value":1,"definitionString":"Linjestykke J_1, K_1"},"time":1576581292163,"action":"ADD","deltaTime":42,"objectName":"d_1","objectType":"segment"},{"data":{"x":"11.00000","y":"6.00000"},"time":1576581293375,"action":"ADD","deltaTime":1212,"objectName":"L_1","objectType":"point"},{"data":{"value":1,"definitionString":"Linjestykke K_1, L_1"},"time":1576581293417,"action":"ADD","deltaTime":42,"objectName":"e_1","objectType":"segment"},{"data":{"x":"11.00000","y":"7.00000","definitionString":"Punkt på i"},"time":1576581295042,"action":"ADD","deltaTime":1625,"objectName":"M_1","objectType":"point"},{"data":{"value":1,"definitionString":"Linjestykke L_1, M_1"},"time":1576581295084,"action":"ADD","deltaTime":42,"objectName":"f_2","objectType":"segment"},{"data":{"x":"12.00000","y":"7.00000"},"time":1576581298004,"action":"ADD","deltaTime":2920,"objectName":"N_1","objectType":"point"},{"data":{"value":1,"definitionString":"Linjestykke M_1, N_1"},"time":1576581298044,"action":"ADD","deltaTime":40,"objectName":"g_2","objectType":"segment"},{"data":{"value":1,"definitionString":"Linjestykke N_1, A"},"time":1576581299231,"action":"ADD","deltaTime":1187,"objectName":"h_2","objectType":"segment"},{"data":{"x":"12.00000","y":"8.00000"},"time":1576581299523,"action":"UPDATE","deltaTime":292,"objectName":"A","objectType":"point"},{"data":{"x":"12.00000","y":"9.00000"},"time":1576581301156,"action":"ADD","deltaTime":1633,"objectName":"O_1","objectType":"point"},{"data":{"value":1,"definitionString":"Linjestykke A, O_1"},"time":1576581301202,"action":"ADD","deltaTime":46,"objectName":"i_2","objectType":"segment"},{"data":{"x":"11.00000","y":"9.00000","definitionString":"Punkt på h"},"time":1576581302693,"action":"ADD","deltaTime":1491,"objectName":"P_1","objectType":"point"},{"data":{"value":1,"definitionString":"Linjestykke O_1, P_1"},"time":1576581302736,"action":"ADD","deltaTime":43,"objectName":"j_2","objectType":"segment"},{"data":{"x":"11.00000","y":"10.00000"},"time":1576581305143,"action":"ADD","deltaTime":2407,"objectName":"Q_1","objectType":"point"},{"data":{"value":1,"definitionString":"Linjestykke P_1, Q_1"},"time":1576581305194,"action":"ADD","deltaTime":51,"objectName":"k_2","objectType":"segment"},{"data":{"x":"10.00000","y":"10.00000","definitionString":"Punkt på h"},"time":1576581306889,"action":"ADD","deltaTime":1695,"objectName":"R_1","objectType":"point"},{"data":{"value":1,"definitionString":"Linjestykke Q_1, R_1"},"time":1576581306960,"action":"ADD","deltaTime":71,"objectName":"l_2","objectType":"segment"},{"data":{"x":"7.00000","y":"14.00000"},"time":1576581320388,"action":"ADD","deltaTime":13428,"objectName":"S_1","objectType":"point"},{"data":{"value":1,"definitionString":"Linjestykke D, S_1"},"time":1576581320447,"action":"ADD","deltaTime":59,"objectName":"m_2","objectType":"segment"},{"data":{"x":"7.00000","y":"13.00000","definitionString":"Punkt på h"},"time":1576581322278,"action":"ADD","deltaTime":1831,"objectName":"T_1","objectType":"point"},{"data":{"value":1,"definitionString":"Linjestykke S_1, T_1"},"time":1576581322323,"action":"ADD","deltaTime":45,"objectName":"n_2","objectType":"segment"},{"data":{"x":"8.00000","y":"13.00000"},"time":1576581324116,"action":"ADD","deltaTime":1793,"objectName":"U_1","objectType":"point"},{"data":{"value":1,"definitionString":"Linjestykke T_1, U_1"},"time":1576581324180,"action":"ADD","deltaTime":64,"objectName":"p_2","objectType":"segment"},{"data":{"x":"8.00000","y":"12.00000","definitionString":"Punkt på h"},"time":1576581325403,"action":"ADD","deltaTime":1223,"objectName":"V_1","objectType":"point"},{"data":{"value":1,"definitionString":"Linjestykke U_1, V_1"},"time":1576581325452,"action":"ADD","deltaTime":49,"objectName":"q_2","objectType":"segment"},{"data":{"x":"9.00000","y":"12.00000"},"time":1576581326858,"action":"ADD","deltaTime":1406,"objectName":"W_1","objectType":"point"},{"data":{"value":1,"definitionString":"Linjestykke V_1, W_1"},"time":1576581326931,"action":"ADD","deltaTime":73,"objectName":"r_2","objectType":"segment"},{"data":{"x":"9.00000","y":"11.00000","definitionString":"Punkt på h"},"time":1576581328525,"action":"ADD","deltaTime":1594,"objectName":"Z_1","objectType":"point"},{"data":{"value":1,"definitionString":"Linjestykke W_1, Z_1"},"time":1576581328564,"action":"ADD","deltaTime":39,"objectName":"s_2","objectType":"segment"},{"data":{"x":"10.00000","y":"11.00000"},"time":1576581330324,"action":"ADD","deltaTime":1760,"objectName":"A_2","objectType":"point"},{"data":{"value":1,"definitionString":"Linjestykke Z_1, A_2"},"time":1576581330370,"action":"ADD","deltaTime":46,"objectName":"t_2","objectType":"segment"},{"data":{"value":1,"definitionString":"Linjestykke A_2, R_1"},"time":1576581331913,"action":"ADD","deltaTime":1543,"objectName":"a_2","objectType":"segment"}]