[{"data":{"value":3.1622776601683795,"definitionString":"Linjestykke A, B"},"time":1576581562300,"action":"ADD","deltaTime":null,"objectName":"f","objectType":"segment"},{"data":{"value":null,"definitionString":"Midtnormal AB"},"time":1576581569318,"action":"ADD","deltaTime":7018,"objectName":"g","objectType":"line"},{"data":{"x":"NaN","y":"NaN"},"time":1576581579780,"action":"ADD","deltaTime":10462,"objectName":"CLIPBOARDmagicSTRINGA","objectType":"point"},{"data":{"x":"NaN","y":"NaN"},"time":1576581579827,"action":"ADD","deltaTime":47,"objectName":"CLIPBOARDmagicSTRINGB","objectType":"point"},{"data":{"value":3.1622776601683795,"definitionString":"Linjestykke CLIPBOARDmagicSTRINGA, CLIPBOARDmagicSTRINGB"},"time":1576581579868,"action":"ADD","deltaTime":41,"objectName":"CLIPBOARDmagicSTRINGf","objectType":"segment"},{"data":{"value":null,"definitionString":"Midtnormal CLIPBOARDmagicSTRINGACLIPBOARDmagicSTRINGB"},"time":1576581579910,"action":"ADD","deltaTime":42,"objectName":"CLIPBOARDmagicSTRINGg","objectType":"line"},{"data":{"value":3.1622776601683795,"definitionString":"Linjestykke A, B"},"time":1576581580246,"action":"UPDATE","deltaTime":336,"objectName":"f","objectType":"segment"},{"data":{"value":null,"definitionString":"Midtnormal AB"},"time":1576581580279,"action":"UPDATE","deltaTime":33,"objectName":"g","objectType":"line"},{"data":{"value":0},"time":1576581580319,"action":"UPDATE","deltaTime":40,"objectName":"CLIPBOARDmagicSTRINGA","objectType":""},{"data":{"value":0},"time":1576581580351,"action":"UPDATE","deltaTime":32,"objectName":"CLIPBOARDmagicSTRINGB","objectType":""},{"data":{"value":0},"time":1576581580381,"action":"UPDATE","deltaTime":30,"objectName":"CLIPBOARDmagicSTRINGf","objectType":""},{"data":{"value":0},"time":1576581580415,"action":"UPDATE","deltaTime":34,"objectName":"CLIPBOARDmagicSTRINGg","objectType":""},{"data":{"value":0},"time":1576581589375,"action":"UPDATE","deltaTime":8960,"objectName":"CLIPBOARDmagicSTRINGA","objectType":""},{"data":{"value":0},"time":1576581589414,"action":"UPDATE","deltaTime":39,"objectName":"CLIPBOARDmagicSTRINGB","objectType":""},{"data":{"value":0},"time":1576581589463,"action":"UPDATE","deltaTime":49,"objectName":"CLIPBOARDmagicSTRINGf","objectType":""},{"data":{"value":0},"time":1576581589504,"action":"UPDATE","deltaTime":41,"objectName":"CLIPBOARDmagicSTRINGg","objectType":""},{"data":{"value":0},"time":1576581590625,"action":"UPDATE","deltaTime":[1121,367],"objectName":"CLIPBOARDmagicSTRINGA","objectType":""},{"data":{"value":0},"time":1576581591025,"action":"UPDATE","deltaTime":400,"objectName":"CLIPBOARDmagicSTRINGB","objectType":""},{"data":{"value":0},"time":1576581591067,"action":"UPDATE","deltaTime":42,"objectName":"CLIPBOARDmagicSTRINGf","objectType":""},{"data":{"value":0},"time":1576581591775,"action":"UPDATE","deltaTime":708,"objectName":"CLIPBOARDmagicSTRINGA","objectType":""},{"data":{"value":0},"time":1576581591806,"action":"UPDATE","deltaTime":31,"objectName":"CLIPBOARDmagicSTRINGB","objectType":""},{"data":{"value":0},"time":1576581591839,"action":"UPDATE","deltaTime":33,"objectName":"CLIPBOARDmagicSTRINGf","objectType":""},{"data":{"value":0},"time":1576581591872,"action":"UPDATE","deltaTime":33,"objectName":"CLIPBOARDmagicSTRINGg","objectType":""},{"data":{"value":0},"time":1576581593908,"action":"UPDATE","deltaTime":2036,"objectName":"CLIPBOARDmagicSTRINGA","objectType":""},{"data":{"value":0},"time":1576581593945,"action":"UPDATE","deltaTime":37,"objectName":"CLIPBOARDmagicSTRINGB","objectType":""},{"data":{"value":0},"time":1576581593975,"action":"UPDATE","deltaTime":30,"objectName":"CLIPBOARDmagicSTRINGf","objectType":""},{"data":{"value":0},"time":1576581594005,"action":"UPDATE","deltaTime":30,"objectName":"CLIPBOARDmagicSTRINGg","objectType":""},{"data":{"value":0},"time":1576581595440,"action":"UPDATE","deltaTime":1435,"objectName":"CLIPBOARDmagicSTRINGA","objectType":""},{"data":{"value":0},"time":1576581595471,"action":"UPDATE","deltaTime":31,"objectName":"CLIPBOARDmagicSTRINGB","objectType":""},{"data":{"value":0},"time":1576581595505,"action":"UPDATE","deltaTime":34,"objectName":"CLIPBOARDmagicSTRINGf","objectType":""},{"data":{"value":0},"time":1576581595554,"action":"UPDATE","deltaTime":49,"objectName":"CLIPBOARDmagicSTRINGg","objectType":""},{"data":{"x":"2.98855","y":"11.00185"},"time":1576581612341,"action":"ADD","deltaTime":16787,"objectName":"C","objectType":"point"},{"data":{"value":null,"definitionString":"Linje A, C"},"time":1576581612381,"action":"ADD","deltaTime":40,"objectName":"h","objectType":"line"},{"data":{"x":"4.45324","y":"7.64029","definitionString":"Punkt på f"},"time":1576581637652,"action":"ADD","deltaTime":25271,"objectName":"C","objectType":"point"},{"data":{"x":"4.00000","y":"6.00000"},"time":1576581643703,"action":"ADD","deltaTime":6051,"objectName":"C","objectType":"point"},{"data":{"value":3,"definitionString":"Linjestykke A, C"},"time":1576581643747,"action":"ADD","deltaTime":44,"objectName":"f","objectType":"segment"},{"data":{"value":1,"definitionString":"Linjestykke B, C"},"time":1576581645035,"action":"ADD","deltaTime":1288,"objectName":"g","objectType":"segment"},{"data":{"x":"7.00000","y":"9.00000"},"time":1576581654201,"action":"ADD","deltaTime":9166,"objectName":"D","objectType":"point"},{"data":{"value":3,"definitionString":"Linjestykke A, D"},"time":1576581654247,"action":"ADD","deltaTime":46,"objectName":"h","objectType":"segment"},{"data":{"x":"7.00000","y":"8.00000"},"time":1576581655218,"action":"ADD","deltaTime":971,"objectName":"E","objectType":"point"},{"data":{"value":1,"definitionString":"Linjestykke E, D"},"time":1576581656248,"action":"ADD","deltaTime":1030,"objectName":"i","objectType":"segment"},{"data":{"x":"6.00000","y":"8.00000"},"time":1576581658616,"action":"ADD","deltaTime":2368,"objectName":"F","objectType":"point"},{"data":{"value":1,"definitionString":"Linjestykke E, F"},"time":1576581658665,"action":"ADD","deltaTime":49,"objectName":"j","objectType":"segment"},{"data":{"x":"6.00000","y":"7.00000"},"time":1576581659441,"action":"ADD","deltaTime":776,"objectName":"G","objectType":"point"},{"data":{"value":1,"definitionString":"Linjestykke G, F"},"time":1576581660179,"action":"ADD","deltaTime":738,"objectName":"k","objectType":"segment"},{"data":{"x":"5.00000","y":"7.00000"},"time":1576581661753,"action":"ADD","deltaTime":1574,"objectName":"H","objectType":"point"},{"data":{"value":1,"definitionString":"Linjestykke G, H"},"time":1576581661809,"action":"ADD","deltaTime":56,"objectName":"l","objectType":"segment"},{"data":{"value":1,"definitionString":"Linjestykke H, B"},"time":1576581662964,"action":"ADD","deltaTime":1155,"objectName":"m","objectType":"segment"}]