[{"data":{"value":2.8284271247461903,"definitionString":"Linjestykke A, B"},"time":1576581774980,"action":"ADD","deltaTime":null,"objectName":"f","objectType":"segment"},{"data":{"value":null,"definitionString":"Midtnormal AB"},"time":1576581784761,"action":"ADD","deltaTime":9781,"objectName":"g","objectType":"line"},{"data":{"x":"4.92045","y":"9.92045","definitionString":"Punkt på g"},"time":1576581850940,"action":"ADD","deltaTime":66179,"objectName":"C","objectType":"point"},{"data":{"value":3.0620730432689127,"definitionString":"Linjestykke B, C"},"time":1576581851006,"action":"ADD","deltaTime":66,"objectName":"h","objectType":"segment"},{"data":{"x":"4.78102","y":"9.78102","definitionString":"Punkt på g"},"time":1576581931586,"action":"ADD","deltaTime":80580,"objectName":"C","objectType":"point"},{"data":{"value":2.8886050598659705,"definitionString":"Linjestykke C, B"},"time":1576581935787,"action":"ADD","deltaTime":4201,"objectName":"h","objectType":"segment"},{"data":{"value":2.8886050598659705,"definitionString":"Linjestykke C, A"},"time":1576581938029,"action":"ADD","deltaTime":2242,"objectName":"i","objectType":"segment"},{"data":{"value":null,"definitionString":"Midtnormal CB"},"time":1576581953954,"action":"ADD","deltaTime":15925,"objectName":"j","objectType":"line"},{"data":{"value":null,"definitionString":"Midtnormal CB"},"time":1576581958149,"action":"UPDATE","deltaTime":[4195,483,933],"objectName":"j","objectType":"line"},{"data":{"value":null,"definitionString":"Midtnormal AC"},"time":1576581963101,"action":"ADD","deltaTime":4952,"objectName":"k","objectType":"line"},{"data":{"x":"1.92887","y":"6.92887","definitionString":"Punkt på g"},"time":1576582050463,"action":"ADD","deltaTime":87362,"objectName":"D","objectType":"point"},{"data":{"value":2.072347354868416,"definitionString":"Linjestykke A, D"},"time":1576582053591,"action":"ADD","deltaTime":3128,"objectName":"l","objectType":"segment"},{"data":{"value":2.0723473548684166,"definitionString":"Linjestykke D, B"},"time":1576582054644,"action":"ADD","deltaTime":1053,"objectName":"m","objectType":"segment"},{"data":{"value":null,"definitionString":"Midtnormal AD"},"time":1576582064640,"action":"ADD","deltaTime":9996,"objectName":"n","objectType":"line"},{"data":{"value":null,"definitionString":"Midtnormal BD"},"time":1576582067668,"action":"ADD","deltaTime":3028,"objectName":"p","objectType":"line"},{"data":{"value":null,"definitionString":"Midtnormal AD"},"time":1576582071493,"action":"UPDATE","deltaTime":3825,"objectName":"n","objectType":"line"},{"data":{"value":null,"definitionString":"Midtnormal BD"},"time":1576582071534,"action":"UPDATE","deltaTime":41,"objectName":"p","objectType":"line"},{"data":{"value":null,"definitionString":"Midtnormal AD"},"time":1576582072443,"action":"UPDATE","deltaTime":909,"objectName":"n","objectType":"line"},{"data":{"value":null,"definitionString":"Midtnormal BD"},"time":1576582072487,"action":"UPDATE","deltaTime":44,"objectName":"p","objectType":"line"}]