[{"data":{"x":"12.00000","y":"8.00000"},"time":1576581097541,"action":"ADD","deltaTime":null,"objectName":"A","objectType":"point"},{"data":{"x":"12.06558","y":"4.31098"},"time":1576581097680,"action":"ADD","deltaTime":139,"objectName":"B","objectType":"point"},{"data":{"value":3.6896046728596454,"definitionString":"Linjestykke A, B"},"time":1576581097718,"action":"ADD","deltaTime":38,"objectName":"f","objectType":"segment"},{"data":{"x":"12.00000","y":"8.00000"},"time":1576581129004,"action":"ADD","deltaTime":31286,"objectName":"A","objectType":"point"},{"data":{"x":"12.00000","y":"9.00000"},"time":1576581167082,"action":"ADD","deltaTime":38078,"objectName":"B","objectType":"point"},{"data":{"value":1,"definitionString":"Linjestykke A, B"},"time":1576581167307,"action":"ADD","deltaTime":225,"objectName":"f","objectType":"segment"},{"data":{"x":"11.00000","y":"9.00000"},"time":1576581169384,"action":"ADD","deltaTime":2077,"objectName":"C","objectType":"point"},{"data":{"x":"11.00000","y":"10.00000"},"time":1576581171444,"action":"ADD","deltaTime":2060,"objectName":"D","objectType":"point"},{"data":{"value":1,"definitionString":"Linjestykke C, D"},"time":1576581171615,"action":"ADD","deltaTime":171,"objectName":"g","objectType":"segment"},{"data":{"x":"13.00000","y":"8.00000"},"time":1576581197394,"action":"ADD","deltaTime":25779,"objectName":"A","objectType":"point"},{"data":{"x":"13.00000","y":"9.00000"},"time":1576581198701,"action":"ADD","deltaTime":1307,"objectName":"B","objectType":"point"},{"data":{"value":1,"definitionString":"Linjestykke A, B"},"time":1576581198803,"action":"ADD","deltaTime":102,"objectName":"f","objectType":"segment"},{"data":{"x":"12.20048","y":"8.99886"},"time":1576581199696,"action":"ADD","deltaTime":893,"objectName":"C","objectType":"point"},{"data":{"value":1.2794339162022486,"definitionString":"Linjestykke C, A"},"time":1576581202306,"action":"ADD","deltaTime":2610,"objectName":"g","objectType":"segment"},{"data":{"x":"12.00000","y":"8.00000"},"time":1576581246427,"action":"ADD","deltaTime":44121,"objectName":"A","objectType":"point"},{"data":{"x":"12.00000","y":"8.00000"},"time":1576581277000,"action":"ADD","deltaTime":30573,"objectName":"A","objectType":"point"},{"data":{"x":"0.00000","y":"8.00000","definitionString":"Punkt på yAkse"},"time":1576581279068,"action":"ADD","deltaTime":2068,"objectName":"B","objectType":"point"},{"data":{"x":"6.00000","y":"14.00000"},"time":1576581283409,"action":"ADD","deltaTime":4341,"objectName":"C","objectType":"point"},{"data":{"x":"6.00000","y":"2.00000"},"time":1576581286212,"action":"ADD","deltaTime":2803,"objectName":"D","objectType":"point"},{"data":{"value":8.485281374238571,"definitionString":"Linjestykke D, A"},"time":1576581324517,"action":"ADD","deltaTime":38305,"objectName":"f","objectType":"segment"},{"data":{"value":null,"definitionString":"Midtnormal f"},"time":1576581328383,"action":"ADD","deltaTime":3866,"objectName":"g","objectType":"line"},{"data":{"value":8.485281374238571,"definitionString":"Linjestykke A, C"},"time":1576581363318,"action":"ADD","deltaTime":34935,"objectName":"h","objectType":"segment"},{"data":{"value":8.485281374238571,"definitionString":"Linjestykke C, B"},"time":1576581365307,"action":"ADD","deltaTime":1989,"objectName":"i","objectType":"segment"},{"data":{"value":8.485281374238571,"definitionString":"Linjestykke B, D"},"time":1576581368421,"action":"ADD","deltaTime":3114,"objectName":"j","objectType":"segment"},{"data":{"value":null,"definitionString":"Midtnormal h"},"time":1576581386486,"action":"ADD","deltaTime":18065,"objectName":"k","objectType":"line"},{"data":{"x":"12.16676","y":"8.12199"},"time":1576581423974,"action":"UPDATE","deltaTime":37488,"objectName":"A","objectType":"point"},{"data":{"value":8.689513215196241,"definitionString":"Linjestykke D, A"},"time":1576581424079,"action":"UPDATE","deltaTime":105,"objectName":"f","objectType":"segment"},{"data":{"value":null,"definitionString":"Midtnormal f"},"time":1576581424112,"action":"UPDATE","deltaTime":33,"objectName":"g","objectType":"line"},{"data":{"value":8.519382487346384,"definitionString":"Linjestykke A, C"},"time":1576581424140,"action":"UPDATE","deltaTime":28,"objectName":"h","objectType":"segment"},{"data":{"value":null,"definitionString":"Midtnormal h"},"time":1576581424165,"action":"UPDATE","deltaTime":25,"objectName":"k","objectType":"line"},{"data":{"x":"12.00000","y":"8.00000"},"time":1576581428936,"action":"UPDATE","deltaTime":4771,"objectName":"A","objectType":"point"},{"data":{"value":8.485281374238571,"definitionString":"Linjestykke D, A"},"time":1576581429009,"action":"UPDATE","deltaTime":73,"objectName":"f","objectType":"segment"},{"data":{"value":null,"definitionString":"Midtnormal f"},"time":1576581429054,"action":"UPDATE","deltaTime":45,"objectName":"g","objectType":"line"},{"data":{"value":8.485281374238571,"definitionString":"Linjestykke A, C"},"time":1576581429086,"action":"UPDATE","deltaTime":32,"objectName":"h","objectType":"segment"},{"data":{"value":null,"definitionString":"Midtnormal h"},"time":1576581429107,"action":"UPDATE","deltaTime":21,"objectName":"k","objectType":"line"},{"data":{"x":"12.00000","y":"7.00000"},"time":1576581435883,"action":"ADD","deltaTime":6776,"objectName":"E","objectType":"point"},{"data":{"value":1,"definitionString":"Linjestykke A, E"},"time":1576581435908,"action":"ADD","deltaTime":25,"objectName":"l","objectType":"segment"},{"data":{"x":"11.00000","y":"7.00000","definitionString":"Punkt på f"},"time":1576581437051,"action":"ADD","deltaTime":1143,"objectName":"F","objectType":"point"},{"data":{"value":1,"definitionString":"Linjestykke F, E"},"time":1576581438464,"action":"ADD","deltaTime":1413,"objectName":"m","objectType":"segment"},{"data":{"x":"11.00000","y":"6.00000"},"time":1576581440486,"action":"ADD","deltaTime":2022,"objectName":"G","objectType":"point"},{"data":{"value":1,"definitionString":"Linjestykke F, G"},"time":1576581440519,"action":"ADD","deltaTime":33,"objectName":"n","objectType":"segment"},{"data":{"x":"10.41302","y":"6.09844"},"time":1576581441000,"action":"ADD","deltaTime":481,"objectName":"H","objectType":"point"},{"data":{"value":0.5951820140498734,"definitionString":"Linjestykke G, H"},"time":1576581441024,"action":"ADD","deltaTime":24,"objectName":"p","objectType":"segment"},{"data":{"x":"10.00000","y":"6.00000"},"time":1576581442539,"action":"UPDATE","deltaTime":1515,"objectName":"H","objectType":"point"},{"data":{"value":1,"definitionString":"Linjestykke G, H"},"time":1576581442641,"action":"UPDATE","deltaTime":102,"objectName":"p","objectType":"segment"},{"data":{"x":"10.00000","y":"6.00000"},"time":1576581444872,"action":"UPDATE","deltaTime":2231,"objectName":"H","objectType":"point"},{"data":{"value":1,"definitionString":"Linjestykke G, H"},"time":1576581444941,"action":"UPDATE","deltaTime":69,"objectName":"p","objectType":"segment"},{"data":{"x":"10.00000","y":"5.00000"},"time":1576581447414,"action":"ADD","deltaTime":2473,"objectName":"I","objectType":"point"},{"data":{"value":1,"definitionString":"Linjestykke H, I"},"time":1576581447559,"action":"ADD","deltaTime":145,"objectName":"q","objectType":"segment"},{"data":{"x":"9.00000","y":"5.00000","definitionString":"Skjæring mellom g og f"},"time":1576581450532,"action":"ADD","deltaTime":2973,"objectName":"J","objectType":"point"},{"data":{"value":1,"definitionString":"Linjestykke I, J"},"time":1576581450679,"action":"ADD","deltaTime":147,"objectName":"r","objectType":"segment"},{"data":{"x":"9.00000","y":"4.00000"},"time":1576581565941,"action":"ADD","deltaTime":115262,"objectName":"K","objectType":"point"},{"data":{"value":1,"definitionString":"Linjestykke J, K"},"time":1576581565977,"action":"ADD","deltaTime":36,"objectName":"s","objectType":"segment"},{"data":{"x":"8.00000","y":"4.00000","definitionString":"Punkt på f"},"time":1576581567463,"action":"ADD","deltaTime":1486,"objectName":"L","objectType":"point"},{"data":{"value":1,"definitionString":"Linjestykke K, L"},"time":1576581567493,"action":"ADD","deltaTime":30,"objectName":"t","objectType":"segment"},{"data":{"x":"8.00000","y":"3.00000"},"time":1576581568911,"action":"ADD","deltaTime":1418,"objectName":"M","objectType":"point"},{"data":{"value":1,"definitionString":"Linjestykke L, M"},"time":1576581568945,"action":"ADD","deltaTime":34,"objectName":"a","objectType":"segment"},{"data":{"x":"7.00000","y":"3.00000","definitionString":"Punkt på f"},"time":1576581571990,"action":"ADD","deltaTime":3045,"objectName":"N","objectType":"point"},{"data":{"value":1,"definitionString":"Linjestykke M, N"},"time":1576581572015,"action":"ADD","deltaTime":25,"objectName":"b","objectType":"segment"},{"data":{"x":"7.00000","y":"2.00000"},"time":1576581573675,"action":"ADD","deltaTime":1660,"objectName":"O","objectType":"point"},{"data":{"value":1,"definitionString":"Linjestykke N, O"},"time":1576581573702,"action":"ADD","deltaTime":27,"objectName":"c","objectType":"segment"},{"data":{"value":1,"definitionString":"Linjestykke O, D"},"time":1576581576405,"action":"ADD","deltaTime":2703,"objectName":"d","objectType":"segment"},{"data":{"x":"6.00000","y":"3.00000"},"time":1576581600805,"action":"ADD","deltaTime":24400,"objectName":"P","objectType":"point"},{"data":{"value":1,"definitionString":"Linjestykke D, P"},"time":1576581600838,"action":"ADD","deltaTime":33,"objectName":"e","objectType":"segment"},{"data":{"x":"5.00000","y":"3.00000","definitionString":"Punkt på j"},"time":1576581602287,"action":"ADD","deltaTime":1449,"objectName":"Q","objectType":"point"},{"data":{"value":1,"definitionString":"Linjestykke P, Q"},"time":1576581602316,"action":"ADD","deltaTime":29,"objectName":"f_1","objectType":"segment"},{"data":{"x":"5.00000","y":"4.00000"},"time":1576581604556,"action":"ADD","deltaTime":2240,"objectName":"R","objectType":"point"},{"data":{"value":1,"definitionString":"Linjestykke Q, R"},"time":1576581604585,"action":"ADD","deltaTime":29,"objectName":"g_1","objectType":"segment"},{"data":{"x":"4.00000","y":"4.00000","definitionString":"Punkt på j"},"time":1576581606373,"action":"ADD","deltaTime":1788,"objectName":"T","objectType":"point"},{"data":{"value":1,"definitionString":"Linjestykke R, T"},"time":1576581606404,"action":"ADD","deltaTime":31,"objectName":"h_1","objectType":"segment"},{"data":{"x":"4.00000","y":"5.00000"},"time":1576581607696,"action":"ADD","deltaTime":1292,"objectName":"U","objectType":"point"},{"data":{"value":1,"definitionString":"Linjestykke U, T"},"time":1576581609105,"action":"ADD","deltaTime":1409,"objectName":"i_1","objectType":"segment"},{"data":{"x":"3.00000","y":"5.00000","definitionString":"Skjæring mellom k og j"},"time":1576581611930,"action":"ADD","deltaTime":2825,"objectName":"V","objectType":"point"},{"data":{"value":1,"definitionString":"Linjestykke U, V"},"time":1576581611957,"action":"ADD","deltaTime":27,"objectName":"j_1","objectType":"segment"},{"data":{"x":"2.00000","y":"5.00000"},"time":1576581615078,"action":"ADD","deltaTime":3121,"objectName":"W","objectType":"point"},{"data":{"value":1,"definitionString":"Linjestykke V, W"},"time":1576581615102,"action":"ADD","deltaTime":24,"objectName":"k_1","objectType":"segment"},{"data":{"x":"2.00000","y":"6.00000","definitionString":"Punkt på j"},"time":1576581617121,"action":"ADD","deltaTime":2019,"objectName":"Z","objectType":"point"},{"data":{"value":1,"definitionString":"Linjestykke W, Z"},"time":1576581617149,"action":"ADD","deltaTime":28,"objectName":"l_1","objectType":"segment"},{"data":{"x":"1.13843","y":"6.19962"},"time":1576581617983,"action":"ADD","deltaTime":834,"objectName":"A_1","objectType":"point"},{"data":{"x":"1.00000","y":"6.00000"},"time":1576581626194,"action":"ADD","deltaTime":8211,"objectName":"A_1","objectType":"point"},{"data":{"value":1,"definitionString":"Linjestykke Z, A_1"},"time":1576581626227,"action":"ADD","deltaTime":33,"objectName":"m_1","objectType":"segment"},{"data":{"x":"0.86234","y":"7.13766","definitionString":"Punkt på j"},"time":1576581627535,"action":"ADD","deltaTime":1308,"objectName":"B_1","objectType":"point"},{"data":{"value":1.1459581471644602,"definitionString":"Linjestykke A_1, B_1"},"time":1576581627561,"action":"ADD","deltaTime":26,"objectName":"n_1","objectType":"segment"},{"data":{"x":"1.00000","y":"7.00000","definitionString":"Punkt på j"},"time":1576581638731,"action":"ADD","deltaTime":11170,"objectName":"B_1","objectType":"point"},{"data":{"value":1,"definitionString":"Linjestykke A_1, B_1"},"time":1576581638768,"action":"ADD","deltaTime":37,"objectName":"n_1","objectType":"segment"},{"data":{"x":"0.00000","y":"7.00000","definitionString":"Punkt på yAkse"},"time":1576581640703,"action":"ADD","deltaTime":1935,"objectName":"C_1","objectType":"point"},{"data":{"value":1,"definitionString":"Linjestykke B_1, C_1"},"time":1576581640729,"action":"ADD","deltaTime":26,"objectName":"p_1","objectType":"segment"},{"data":{"value":1,"definitionString":"Linjestykke C_1, B"},"time":1576581643274,"action":"ADD","deltaTime":2545,"objectName":"q_1","objectType":"segment"},{"data":{"x":"1.00000","y":"8.00000"},"time":1576581646288,"action":"ADD","deltaTime":3014,"objectName":"D_1","objectType":"point"},{"data":{"value":1,"definitionString":"Linjestykke B, D_1"},"time":1576581646313,"action":"ADD","deltaTime":25,"objectName":"r_1","objectType":"segment"},{"data":{"x":"1.11923","y":"9.11923","definitionString":"Punkt på i"},"time":1576581648059,"action":"ADD","deltaTime":1746,"objectName":"E_1","objectType":"point"},{"data":{"value":1.1255664664132117,"definitionString":"Linjestykke D_1, E_1"},"time":1576581648085,"action":"ADD","deltaTime":26,"objectName":"s_1","objectType":"segment"},{"data":{"x":"1.00000","y":"9.00000","definitionString":"Punkt på i"},"time":1576581657350,"action":"ADD","deltaTime":9265,"objectName":"E_1","objectType":"point"},{"data":{"value":1,"definitionString":"Linjestykke D_1, E_1"},"time":1576581657385,"action":"ADD","deltaTime":35,"objectName":"s_1","objectType":"segment"},{"data":{"x":"2.00000","y":"9.00000"},"time":1576581659650,"action":"ADD","deltaTime":2265,"objectName":"F_1","objectType":"point"},{"data":{"value":1,"definitionString":"Linjestykke E_1, F_1"},"time":1576581659677,"action":"ADD","deltaTime":27,"objectName":"t_1","objectType":"segment"},{"data":{"x":"2.00000","y":"10.00000","definitionString":"Punkt på i"},"time":1576581661637,"action":"ADD","deltaTime":1960,"objectName":"G_1","objectType":"point"},{"data":{"value":1,"definitionString":"Linjestykke F_1, G_1"},"time":1576581661663,"action":"ADD","deltaTime":26,"objectName":"a_1","objectType":"segment"},{"data":{"x":"3.00000","y":"10.00000"},"time":1576581664326,"action":"ADD","deltaTime":2663,"objectName":"H_1","objectType":"point"},{"data":{"value":1,"definitionString":"Linjestykke G_1, H_1"},"time":1576581664356,"action":"ADD","deltaTime":30,"objectName":"b_1","objectType":"segment"},{"data":{"x":"3.00000","y":"11.00000","definitionString":"Skjæring mellom g og i"},"time":1576581666119,"action":"ADD","deltaTime":1763,"objectName":"I_1","objectType":"point"},{"data":{"value":1,"definitionString":"Linjestykke H_1, I_1"},"time":1576581666145,"action":"ADD","deltaTime":26,"objectName":"c_1","objectType":"segment"},{"data":{"x":"3.00000","y":"12.00000"},"time":1576581668847,"action":"ADD","deltaTime":2702,"objectName":"J_1","objectType":"point"},{"data":{"value":1,"definitionString":"Linjestykke I_1, J_1"},"time":1576581668874,"action":"ADD","deltaTime":27,"objectName":"d_1","objectType":"segment"},{"data":{"x":"4.00000","y":"12.00000","definitionString":"Punkt på i"},"time":1576581673089,"action":"ADD","deltaTime":4215,"objectName":"K_1","objectType":"point"},{"data":{"value":1,"definitionString":"Linjestykke J_1, K_1"},"time":1576581673116,"action":"ADD","deltaTime":27,"objectName":"e_1","objectType":"segment"},{"data":{"x":"4.00000","y":"13.00000"},"time":1576581675535,"action":"ADD","deltaTime":2419,"objectName":"L_1","objectType":"point"},{"data":{"value":1,"definitionString":"Linjestykke K_1, L_1"},"time":1576581675567,"action":"ADD","deltaTime":32,"objectName":"f_2","objectType":"segment"},{"data":{"x":"5.00000","y":"13.00000","definitionString":"Punkt på i"},"time":1576581678215,"action":"ADD","deltaTime":2648,"objectName":"M_1","objectType":"point"},{"data":{"value":1,"definitionString":"Linjestykke L_1, M_1"},"time":1576581678244,"action":"ADD","deltaTime":29,"objectName":"g_2","objectType":"segment"},{"data":{"x":"5.00000","y":"14.00000"},"time":1576581681285,"action":"ADD","deltaTime":3041,"objectName":"N_1","objectType":"point"},{"data":{"value":1,"definitionString":"Linjestykke M_1, N_1"},"time":1576581681310,"action":"ADD","deltaTime":25,"objectName":"h_2","objectType":"segment"},{"data":{"value":1,"definitionString":"Linjestykke C, N_1"},"time":1576581684002,"action":"ADD","deltaTime":2692,"objectName":"i_2","objectType":"segment"},{"data":{"value":1,"definitionString":"Linjestykke N_1, C"},"time":1576581696057,"action":"ADD","deltaTime":12055,"objectName":"j_2","objectType":"segment"},{"data":{"x":"6.00000","y":"13.00000"},"time":1576581698096,"action":"ADD","deltaTime":2039,"objectName":"O_1","objectType":"point"},{"data":{"value":1,"definitionString":"Linjestykke C, O_1"},"time":1576581698127,"action":"ADD","deltaTime":31,"objectName":"k_2","objectType":"segment"},{"data":{"x":"7.00000","y":"13.00000","definitionString":"Punkt på h"},"time":1576581700252,"action":"ADD","deltaTime":2125,"objectName":"P_1","objectType":"point"},{"data":{"value":1,"definitionString":"Linjestykke O_1, P_1"},"time":1576581700280,"action":"ADD","deltaTime":28,"objectName":"l_2","objectType":"segment"},{"data":{"x":"7.00000","y":"12.00000"},"time":1576581703952,"action":"ADD","deltaTime":3672,"objectName":"Q_1","objectType":"point"},{"data":{"value":1,"definitionString":"Linjestykke Q_1, P_1"},"time":1576581705317,"action":"ADD","deltaTime":1365,"objectName":"m_2","objectType":"segment"},{"data":{"x":"8.00000","y":"12.00000","definitionString":"Punkt på h"},"time":1576581711531,"action":"ADD","deltaTime":6214,"objectName":"R_1","objectType":"point"},{"data":{"value":1,"definitionString":"Linjestykke Q_1, R_1"},"time":1576581711563,"action":"ADD","deltaTime":32,"objectName":"n_2","objectType":"segment"},{"data":{"x":"8.00000","y":"11.00000"},"time":1576581713846,"action":"ADD","deltaTime":2283,"objectName":"S_1","objectType":"point"},{"data":{"value":1,"definitionString":"Linjestykke R_1, S_1"},"time":1576581713878,"action":"ADD","deltaTime":32,"objectName":"p_2","objectType":"segment"},{"data":{"x":"9.00000","y":"11.00000","definitionString":"Skjæring mellom k og h"},"time":1576581717029,"action":"ADD","deltaTime":3151,"objectName":"T_1","objectType":"point"},{"data":{"value":1,"definitionString":"Linjestykke S_1, T_1"},"time":1576581717059,"action":"ADD","deltaTime":30,"objectName":"q_2","objectType":"segment"},{"data":{"x":"9.00000","y":"10.00000"},"time":1576581719548,"action":"ADD","deltaTime":2489,"objectName":"U_1","objectType":"point"},{"data":{"value":1,"definitionString":"Linjestykke T_1, U_1"},"time":1576581719579,"action":"ADD","deltaTime":31,"objectName":"r_2","objectType":"segment"},{"data":{"x":"10.00000","y":"10.00000","definitionString":"Punkt på h"},"time":1576581721825,"action":"ADD","deltaTime":2246,"objectName":"V_1","objectType":"point"},{"data":{"value":1,"definitionString":"Linjestykke U_1, V_1"},"time":1576581721864,"action":"ADD","deltaTime":39,"objectName":"s_2","objectType":"segment"},{"data":{"x":"10.00000","y":"9.00000"},"time":1576581724516,"action":"ADD","deltaTime":2652,"objectName":"W_1","objectType":"point"},{"data":{"value":1,"definitionString":"Linjestykke V_1, W_1"},"time":1576581724548,"action":"ADD","deltaTime":32,"objectName":"t_2","objectType":"segment"},{"data":{"x":"11.00000","y":"9.00000","definitionString":"Punkt på h"},"time":1576581727241,"action":"ADD","deltaTime":2693,"objectName":"Z_1","objectType":"point"},{"data":{"value":1,"definitionString":"Linjestykke W_1, Z_1"},"time":1576581727270,"action":"ADD","deltaTime":29,"objectName":"a_2","objectType":"segment"},{"data":{"x":"11.00000","y":"8.00000"},"time":1576581729957,"action":"ADD","deltaTime":2687,"objectName":"A_2","objectType":"point"},{"data":{"value":1,"definitionString":"Linjestykke Z_1, A_2"},"time":1576581729986,"action":"ADD","deltaTime":29,"objectName":"b_2","objectType":"segment"},{"data":{"value":1,"definitionString":"Linjestykke A_2, A"},"time":1576581731585,"action":"ADD","deltaTime":1599,"objectName":"c_2","objectType":"segment"}]