[{"data":{"x":"12.00000","y":"8.00000"},"time":1576580760536,"action":"ADD","deltaTime":null,"objectName":"A","objectType":"point"},{"data":{"x":"12.00000","y":"7.00000"},"time":1576580764273,"action":"ADD","deltaTime":3737,"objectName":"B","objectType":"point"},{"data":{"value":1,"definitionString":"Linjestykke A, B"},"time":1576580764324,"action":"ADD","deltaTime":51,"objectName":"f","objectType":"segment"},{"data":{"x":"11.00000","y":"7.00000"},"time":1576580766240,"action":"ADD","deltaTime":1916,"objectName":"C","objectType":"point"},{"data":{"value":1,"definitionString":"Linjestykke C, B"},"time":1576580767405,"action":"ADD","deltaTime":1165,"objectName":"g","objectType":"segment"},{"data":{"x":"11.00000","y":"6.00000"},"time":1576580769989,"action":"ADD","deltaTime":2584,"objectName":"D","objectType":"point"},{"data":{"value":1,"definitionString":"Linjestykke C, D"},"time":1576580770028,"action":"ADD","deltaTime":39,"objectName":"h","objectType":"segment"},{"data":{"x":"10.00000","y":"6.00000"},"time":1576580779160,"action":"ADD","deltaTime":9132,"objectName":"E","objectType":"point"},{"data":{"value":1,"definitionString":"Linjestykke D, E"},"time":1576580779197,"action":"ADD","deltaTime":37,"objectName":"i","objectType":"segment"},{"data":{"x":"11.00000","y":"9.00000"},"time":1576580800357,"action":"ADD","deltaTime":21160,"objectName":"F","objectType":"point"},{"data":{"x":"11.00000","y":"8.00000"},"time":1576580802277,"action":"ADD","deltaTime":1920,"objectName":"G","objectType":"point"},{"data":{"x":"10.00000","y":"9.00000"},"time":1576580804375,"action":"ADD","deltaTime":2098,"objectName":"H","objectType":"point"},{"data":{"x":"10.00000","y":"10.00000"},"time":1576580805706,"action":"ADD","deltaTime":1331,"objectName":"I","objectType":"point"},{"data":{"x":"9.00000","y":"10.00000"},"time":1576580807542,"action":"ADD","deltaTime":1836,"objectName":"J","objectType":"point"},{"data":{"x":"9.00000","y":"11.00000"},"time":1576580809253,"action":"ADD","deltaTime":1711,"objectName":"K","objectType":"point"},{"data":{"value":1,"definitionString":"Linjestykke A, G"},"time":1576580813869,"action":"ADD","deltaTime":4616,"objectName":"j","objectType":"segment"},{"data":{"value":1,"definitionString":"Linjestykke F, G"},"time":1576580815418,"action":"ADD","deltaTime":1549,"objectName":"k","objectType":"segment"},{"data":{"value":1,"definitionString":"Linjestykke H, F"},"time":1576580816940,"action":"ADD","deltaTime":1522,"objectName":"l","objectType":"segment"},{"data":{"value":1,"definitionString":"Linjestykke I, H"},"time":1576580818665,"action":"ADD","deltaTime":1725,"objectName":"m","objectType":"segment"},{"data":{"value":1,"definitionString":"Linjestykke J, I"},"time":1576580819916,"action":"ADD","deltaTime":1251,"objectName":"n","objectType":"segment"},{"data":{"value":1,"definitionString":"Linjestykke J, K"},"time":1576580821373,"action":"ADD","deltaTime":1457,"objectName":"p","objectType":"segment"},{"data":{"x":"12.00000","y":"9.00000"},"time":1576580854786,"action":"ADD","deltaTime":33413,"objectName":"F","objectType":"point"},{"data":{"x":"11.00000","y":"9.00000"},"time":1576580856942,"action":"ADD","deltaTime":2156,"objectName":"G","objectType":"point"},{"data":{"x":"10.00000","y":"9.00000"},"time":1576580858425,"action":"ADD","deltaTime":1483,"objectName":"H","objectType":"point"},{"data":{"x":"10.00000","y":"10.00000"},"time":1576580859210,"action":"ADD","deltaTime":785,"objectName":"I","objectType":"point"},{"data":{"x":"11.00000","y":"10.00000"},"time":1576580861301,"action":"ADD","deltaTime":2091,"objectName":"J","objectType":"point"},{"data":{"x":"11.15498","y":"9.90946"},"time":1576580865781,"action":"ADD","deltaTime":4480,"objectName":"H","objectType":"point"},{"data":{"x":"11.00000","y":"10.00000"},"time":1576580869838,"action":"ADD","deltaTime":4057,"objectName":"H","objectType":"point"},{"data":{"x":"10.00000","y":"10.00000"},"time":1576580872945,"action":"ADD","deltaTime":3107,"objectName":"I","objectType":"point"},{"data":{"x":"10.00000","y":"11.00000"},"time":1576580874063,"action":"ADD","deltaTime":1118,"objectName":"J","objectType":"point"},{"data":{"x":"9.06399","y":"11.19104"},"time":1576580875456,"action":"ADD","deltaTime":1393,"objectName":"K","objectType":"point"},{"data":{"x":"9.16516","y":"12.06791"},"time":1576580876282,"action":"ADD","deltaTime":826,"objectName":"L","objectType":"point"},{"data":{"x":"8.00000","y":"12.00000"},"time":1576580877511,"action":"ADD","deltaTime":1229,"objectName":"M","objectType":"point"},{"data":{"x":"8.00000","y":"13.00000"},"time":1576580878192,"action":"ADD","deltaTime":681,"objectName":"N","objectType":"point"},{"data":{"x":"7.00671","y":"13.14713"},"time":1576580878741,"action":"ADD","deltaTime":549,"objectName":"O","objectType":"point"},{"data":{"x":"7.00000","y":"14.00000"},"time":1576580880506,"action":"ADD","deltaTime":1765,"objectName":"P","objectType":"point"},{"data":{"x":"6.00000","y":"14.00000"},"time":1576580881150,"action":"ADD","deltaTime":644,"objectName":"Q","objectType":"point"},{"data":{"x":"5.00000","y":"14.00000"},"time":1576580882441,"action":"ADD","deltaTime":1291,"objectName":"R","objectType":"point"},{"data":{"x":"4.00000","y":"13.00000"},"time":1576580884505,"action":"ADD","deltaTime":2064,"objectName":"T","objectType":"point"},{"data":{"x":"12.00000","y":"8.00000"},"time":1576580905377,"action":"ADD","deltaTime":20872,"objectName":"A","objectType":"point"},{"data":{"x":"11.00000","y":"9.00000"},"time":1576580906477,"action":"ADD","deltaTime":1100,"objectName":"B","objectType":"point"},{"data":{"x":"11.00000","y":"7.00000"},"time":1576580907568,"action":"ADD","deltaTime":1091,"objectName":"C","objectType":"point"},{"data":{"x":"10.00000","y":"10.00000"},"time":1576580909713,"action":"ADD","deltaTime":2145,"objectName":"D","objectType":"point"},{"data":{"x":"8.79418","y":"10.92123"},"time":1576580910450,"action":"ADD","deltaTime":737,"objectName":"E","objectType":"point"},{"data":{"x":"9.00000","y":"11.00000"},"time":1576580918984,"action":"ADD","deltaTime":8534,"objectName":"E","objectType":"point"},{"data":{"x":"8.00000","y":"12.00000"},"time":1576580921875,"action":"ADD","deltaTime":2891,"objectName":"F","objectType":"point"},{"data":{"x":"7.00000","y":"13.00000"},"time":1576580924154,"action":"ADD","deltaTime":2279,"objectName":"G","objectType":"point"},{"data":{"x":"6.00000","y":"14.00000"},"time":1576580925885,"action":"ADD","deltaTime":1731,"objectName":"H","objectType":"point"},{"data":{"x":"5.00000","y":"13.00000"},"time":1576580930196,"action":"ADD","deltaTime":4311,"objectName":"I","objectType":"point"},{"data":{"x":"4.00000","y":"12.00000"},"time":1576580932002,"action":"ADD","deltaTime":1806,"objectName":"J","objectType":"point"},{"data":{"x":"3.00000","y":"11.00000"},"time":1576580934327,"action":"ADD","deltaTime":2325,"objectName":"K","objectType":"point"},{"data":{"x":"2.00000","y":"10.00000"},"time":1576580935939,"action":"ADD","deltaTime":1612,"objectName":"L","objectType":"point"},{"data":{"x":"1.00000","y":"9.00000"},"time":1576580938429,"action":"ADD","deltaTime":2490,"objectName":"M","objectType":"point"},{"data":{"x":"0.00000","y":"8.00000","definitionString":"Punkt på yAkse"},"time":1576580940206,"action":"ADD","deltaTime":1777,"objectName":"N","objectType":"point"},{"data":{"x":"1.00000","y":"7.00000"},"time":1576580941502,"action":"ADD","deltaTime":1296,"objectName":"O","objectType":"point"},{"data":{"x":"2.00000","y":"6.00000"},"time":1576580943269,"action":"ADD","deltaTime":1767,"objectName":"P","objectType":"point"},{"data":{"x":"3.00000","y":"5.00000"},"time":1576580944755,"action":"ADD","deltaTime":1486,"objectName":"Q","objectType":"point"},{"data":{"x":"4.00000","y":"4.00000"},"time":1576580946938,"action":"ADD","deltaTime":2183,"objectName":"R","objectType":"point"},{"data":{"x":"5.00000","y":"3.00000"},"time":1576580948848,"action":"ADD","deltaTime":1910,"objectName":"T","objectType":"point"},{"data":{"x":"6.00000","y":"2.00000"},"time":1576580950509,"action":"ADD","deltaTime":1661,"objectName":"U","objectType":"point"},{"data":{"x":"7.00000","y":"3.00000"},"time":1576580951300,"action":"ADD","deltaTime":791,"objectName":"V","objectType":"point"},{"data":{"x":"7.95103","y":"3.83882"},"time":1576580952548,"action":"ADD","deltaTime":1248,"objectName":"W","objectType":"point"},{"data":{"x":"8.00000","y":"4.00000"},"time":1576580956762,"action":"ADD","deltaTime":4214,"objectName":"W","objectType":"point"},{"data":{"x":"9.00000","y":"5.00000"},"time":1576580958263,"action":"ADD","deltaTime":1501,"objectName":"Z","objectType":"point"},{"data":{"x":"10.14321","y":"5.99727"},"time":1576580959709,"action":"ADD","deltaTime":1446,"objectName":"A_1","objectType":"point"},{"data":{"x":"10.00000","y":"6.00000"},"time":1576580963414,"action":"ADD","deltaTime":3705,"objectName":"A_1","objectType":"point"},{"data":{"x":"7.00000","y":"14.00000"},"time":1576580974057,"action":"ADD","deltaTime":10643,"objectName":"B_1","objectType":"point"},{"data":{"value":1,"definitionString":"Linjestykke H, B_1"},"time":1576580974082,"action":"ADD","deltaTime":25,"objectName":"f","objectType":"segment"},{"data":{"value":1,"definitionString":"Linjestykke G, B_1"},"time":1576580975804,"action":"ADD","deltaTime":1722,"objectName":"g","objectType":"segment"},{"data":{"x":"6.00000","y":"13.00000"},"time":1576580984977,"action":"ADD","deltaTime":9173,"objectName":"B_1","objectType":"point"},{"data":{"value":1,"definitionString":"Linjestykke G, B_1"},"time":1576580985020,"action":"ADD","deltaTime":43,"objectName":"f","objectType":"segment"},{"data":{"x":"6.00000","y":"9.00000"},"time":1576580994245,"action":"ADD","deltaTime":9225,"objectName":"C_1","objectType":"point"},{"data":{"value":1,"definitionString":"Linjestykke C_1, S"},"time":1576580995764,"action":"ADD","deltaTime":1519,"objectName":"g","objectType":"segment"},{"data":{"x":"6.00000","y":"8.00000"},"time":1576580996042,"action":"UPDATE","deltaTime":278,"objectName":"S","objectType":"point"},{"data":{"x":"6.00000","y":"10.00000"},"time":1576580998315,"action":"ADD","deltaTime":2273,"objectName":"D_1","objectType":"point"},{"data":{"value":1,"definitionString":"Linjestykke D_1, C_1"},"time":1576580999175,"action":"ADD","deltaTime":860,"objectName":"h","objectType":"segment"},{"data":{"x":"6.00000","y":"11.00000"},"time":1576581000410,"action":"ADD","deltaTime":1235,"objectName":"E_1","objectType":"point"},{"data":{"value":1,"definitionString":"Linjestykke E_1, D_1"},"time":1576581001610,"action":"ADD","deltaTime":1200,"objectName":"i","objectType":"segment"},{"data":{"x":"6.00000","y":"12.00000"},"time":1576581002586,"action":"ADD","deltaTime":976,"objectName":"F_1","objectType":"point"},{"data":{"value":1,"definitionString":"Linjestykke F_1, E_1"},"time":1576581003210,"action":"ADD","deltaTime":624,"objectName":"j","objectType":"segment"},{"data":{"value":1,"definitionString":"Linjestykke B_1, F_1"},"time":1576581004691,"action":"ADD","deltaTime":1481,"objectName":"k","objectType":"segment"},{"data":{"value":8.485281374238571,"definitionString":"Linjestykke H, A"},"time":1576581039630,"action":"ADD","deltaTime":34939,"objectName":"f","objectType":"segment"},{"data":{"x":"12.00000","y":"8.00000"},"time":1576581039921,"action":"UPDATE","deltaTime":291,"objectName":"A","objectType":"point"},{"data":{"value":8.485281374238571,"definitionString":"Linjestykke U, A"},"time":1576581043292,"action":"ADD","deltaTime":3371,"objectName":"g","objectType":"segment"},{"data":{"x":"12.00000","y":"8.00000"},"time":1576581043571,"action":"UPDATE","deltaTime":279,"objectName":"A","objectType":"point"},{"data":{"value":8.485281374238571,"definitionString":"Linjestykke N, U"},"time":1576581046941,"action":"ADD","deltaTime":3370,"objectName":"h","objectType":"segment"},{"data":{"x":"6.00000","y":"2.00000"},"time":1576581047221,"action":"UPDATE","deltaTime":280,"objectName":"U","objectType":"point"},{"data":{"value":8.485281374238571,"definitionString":"Linjestykke N, H"},"time":1576581049853,"action":"ADD","deltaTime":2632,"objectName":"i","objectType":"segment"},{"data":{"x":"6.00000","y":"14.00000"},"time":1576581050127,"action":"UPDATE","deltaTime":274,"objectName":"H","objectType":"point"}]