[{"data":{"value":3.1622776601683795,"definitionString":"Linjestykke A, B"},"time":1576581159000,"action":"ADD","deltaTime":null,"objectName":"f","objectType":"segment"},{"data":{"value":null,"definitionString":"Midtnormal AB"},"time":1576581162586,"action":"ADD","deltaTime":3586,"objectName":"g","objectType":"line"},{"data":{"x":"8.56800","y":"8.85600","definitionString":"Punkt på g"},"time":1576581218208,"action":"ADD","deltaTime":55622,"objectName":"C","objectType":"point"},{"data":{"value":null,"definitionString":"Midtnormal AC"},"time":1576581222075,"action":"ADD","deltaTime":3867,"objectName":"h","objectType":"line"},{"data":{"value":null,"definitionString":"Midtnormal BC"},"time":1576581225294,"action":"ADD","deltaTime":3219,"objectName":"i","objectType":"line"},{"data":{"x":"6.25745","y":"8.08582","definitionString":"Skjæring mellom g og h"},"time":1576581324705,"action":"ADD","deltaTime":99411,"objectName":"D","objectType":"point"},{"data":{"x":"7.00000","y":"8.00000"},"time":1576581480421,"action":"ADD","deltaTime":155716,"objectName":"C","objectType":"point"},{"data":{"x":"8.00000","y":"9.00000"},"time":1576581486419,"action":"ADD","deltaTime":5998,"objectName":"D","objectType":"point"},{"data":{"value":1.4142135623730951,"definitionString":"Linjestykke C, D"},"time":1576581486477,"action":"ADD","deltaTime":58,"objectName":"g","objectType":"segment"},{"data":{"value":3.1622776601683795,"definitionString":"Linjestykke B, A"},"time":1576581569687,"action":"ADD","deltaTime":83210,"objectName":"f","objectType":"segment"},{"data":{"value":null,"definitionString":"Midtnormal AB"},"time":1576581574282,"action":"ADD","deltaTime":4595,"objectName":"g","objectType":"line"},{"data":{"x":"5.00000","y":"10.00000"},"time":1576581614420,"action":"ADD","deltaTime":40138,"objectName":"C","objectType":"point"},{"data":{"x":"6.00000","y":"9.00000"},"time":1576581615569,"action":"ADD","deltaTime":1149,"objectName":"D","objectType":"point"},{"data":{"x":"7.00000","y":"8.00000"},"time":1576581620112,"action":"ADD","deltaTime":4543,"objectName":"E","objectType":"point"},{"data":{"x":"8.00000","y":"7.00000"},"time":1576581621567,"action":"ADD","deltaTime":1455,"objectName":"F","objectType":"point"},{"data":{"x":"9.00000","y":"6.00000"},"time":1576581623045,"action":"ADD","deltaTime":1478,"objectName":"G","objectType":"point"},{"data":{"x":"3.00000","y":"8.00000"},"time":1576581626805,"action":"ADD","deltaTime":3760,"objectName":"H","objectType":"point"},{"data":{"x":"2.00000","y":"7.00000"},"time":1576581628410,"action":"ADD","deltaTime":1605,"objectName":"I","objectType":"point"},{"data":{"x":"1.00000","y":"6.00000"},"time":1576581630111,"action":"ADD","deltaTime":1701,"objectName":"J","objectType":"point"},{"data":{"value":null,"definitionString":"Midtnormal AB"},"time":1576581664147,"action":"ADD","deltaTime":34036,"objectName":"f","objectType":"line"},{"data":{"value":null,"definitionString":"Linje A, D"},"time":1576581674375,"action":"ADD","deltaTime":10228,"objectName":"g","objectType":"line"},{"data":{"value":null,"definitionString":"Linje B, E"},"time":1576581678140,"action":"ADD","deltaTime":3765,"objectName":"h","objectType":"line"},{"data":{"value":3.1622776601683795,"definitionString":"Linjestykke A, B"},"time":1576581724988,"action":"ADD","deltaTime":46848,"objectName":"f","objectType":"segment"},{"data":{"value":2.8284271247461903,"definitionString":"Linjestykke I, A"},"time":1576581737670,"action":"ADD","deltaTime":12682,"objectName":"g","objectType":"segment"},{"data":{"value":3.1622776601683795,"definitionString":"Linjestykke I, B"},"time":1576581740978,"action":"ADD","deltaTime":3308,"objectName":"h","objectType":"segment"}]