[{"data":{"value":null,"definitionString":"Midtnormal AB"},"time":1576581902535,"action":"ADD","deltaTime":null,"objectName":"f","objectType":"line"},{"data":{"value":2.8284271247461903,"definitionString":"Linjestykke A, B"},"time":1576581907697,"action":"ADD","deltaTime":5162,"objectName":"g","objectType":"segment"},{"data":{"x":"2.00000","y":"7.00000","definitionString":"Punkt på f"},"time":1576581929257,"action":"ADD","deltaTime":21560,"objectName":"C","objectType":"point"},{"data":{"x":"5.00000","y":"10.00000","definitionString":"Punkt på f"},"time":1576581951889,"action":"ADD","deltaTime":22632,"objectName":"C","objectType":"point"},{"data":{"x":"1.00000","y":"6.00000","definitionString":"Punkt på f"},"time":1576581954082,"action":"ADD","deltaTime":2193,"objectName":"D","objectType":"point"},{"data":{"value":null,"definitionString":"Midtnormal AD"},"time":1576581957974,"action":"ADD","deltaTime":3892,"objectName":"h","objectType":"line"},{"data":{"x":"2.00000","y":"7.00000","definitionString":"Punkt på f"},"time":1576581987940,"action":"ADD","deltaTime":29966,"objectName":"C","objectType":"point"},{"data":{"value":null,"definitionString":"Midtnormal CB"},"time":1576582004470,"action":"ADD","deltaTime":16530,"objectName":"h","objectType":"line"},{"data":{"x":"3.00000","y":"10.00000"},"time":1576582058305,"action":"ADD","deltaTime":53835,"objectName":"C","objectType":"point"},{"data":{"x":"4.00000","y":"11.00000"},"time":1576582059704,"action":"ADD","deltaTime":1399,"objectName":"D","objectType":"point"},{"data":{"x":"5.00000","y":"10.00000"},"time":1576582061376,"action":"ADD","deltaTime":1672,"objectName":"E","objectType":"point"},{"data":{"x":"6.00000","y":"9.00000"},"time":1576582063114,"action":"ADD","deltaTime":1738,"objectName":"F","objectType":"point"},{"data":{"x":"7.00000","y":"8.00000"},"time":1576582064917,"action":"ADD","deltaTime":1803,"objectName":"G","objectType":"point"},{"data":{"x":"0.78255","y":"8.03436"},"time":1576582066455,"action":"ADD","deltaTime":1538,"objectName":"H","objectType":"point"},{"data":{"x":"1.00000","y":"8.00000"},"time":1576582069842,"action":"ADD","deltaTime":3387,"objectName":"H","objectType":"point"},{"data":{"x":"0.00000","y":"7.00000","definitionString":"Punkt på yAkse"},"time":1576582071684,"action":"ADD","deltaTime":1842,"objectName":"I","objectType":"point"},{"data":{"x":"8.00000","y":"7.00000"},"time":1576582074118,"action":"ADD","deltaTime":2434,"objectName":"J","objectType":"point"},{"data":{"value":null,"definitionString":"Linje A, B"},"time":1576582078967,"action":"ADD","deltaTime":4849,"objectName":"f","objectType":"line"},{"data":{"value":null,"definitionString":"Linje E, A"},"time":1576582082641,"action":"ADD","deltaTime":3674,"objectName":"g","objectType":"line"},{"data":{"value":null,"definitionString":"Linje E, B"},"time":1576582084996,"action":"ADD","deltaTime":2355,"objectName":"h","objectType":"line"},{"data":{"value":null,"definitionString":"Linje A, H"},"time":1576582087511,"action":"ADD","deltaTime":2515,"objectName":"i","objectType":"line"},{"data":{"value":null,"definitionString":"Linje H, F"},"time":1576582089641,"action":"ADD","deltaTime":2130,"objectName":"j","objectType":"line"},{"data":{"x":"6.00000","y":"9.00000"},"time":1576582089938,"action":"UPDATE","deltaTime":297,"objectName":"F","objectType":"point"},{"data":{"value":null,"definitionString":"Linje F, D"},"time":1576582090833,"action":"ADD","deltaTime":895,"objectName":"k","objectType":"line"},{"data":{"x":"4.00000","y":"11.00000"},"time":1576582091129,"action":"UPDATE","deltaTime":296,"objectName":"D","objectType":"point"},{"data":{"value":null,"definitionString":"Linje C, B"},"time":1576582092618,"action":"ADD","deltaTime":1489,"objectName":"l","objectType":"line"},{"data":{"x":"8.00000","y":"7.00000"},"time":1576582107621,"action":"ADD","deltaTime":15003,"objectName":"J","objectType":"point"},{"data":{"value":null,"definitionString":"Midtnormal IJ"},"time":1576582114426,"action":"ADD","deltaTime":6805,"objectName":"f","objectType":"line"},{"data":{"x":"4.00000","y":"11.00000"},"time":1576582116875,"action":"UPDATE","deltaTime":2449,"objectName":"D","objectType":"point"},{"data":{"value":null,"definitionString":"Midtnormal DI"},"time":1576582118758,"action":"ADD","deltaTime":1883,"objectName":"g","objectType":"line"},{"data":{"value":null,"definitionString":"Midtnormal JD"},"time":1576582121388,"action":"ADD","deltaTime":2630,"objectName":"h","objectType":"line"},{"data":{"x":"4.00000","y":"11.00000"},"time":1576582121680,"action":"UPDATE","deltaTime":292,"objectName":"D","objectType":"point"},{"data":{"value":null,"definitionString":"Midtnormal BD"},"time":1576582130296,"action":"ADD","deltaTime":8616,"objectName":"i","objectType":"line"},{"data":{"x":"4.00000","y":"11.00000"},"time":1576582130596,"action":"UPDATE","deltaTime":300,"objectName":"D","objectType":"point"},{"data":{"x":"1.00000","y":"6.00000"},"time":1576582138101,"action":"ADD","deltaTime":7505,"objectName":"K","objectType":"point"},{"data":{"x":"2.00000","y":"5.00000","definitionString":"Punkt på h"},"time":1576582139134,"action":"ADD","deltaTime":1033,"objectName":"L","objectType":"point"},{"data":{"x":"3.00000","y":"4.00000"},"time":1576582140802,"action":"ADD","deltaTime":1668,"objectName":"M","objectType":"point"},{"data":{"x":"4.00000","y":"3.00000"},"time":1576582142211,"action":"ADD","deltaTime":1409,"objectName":"N","objectType":"point"},{"data":{"x":"5.00000","y":"4.00000"},"time":1576582143776,"action":"ADD","deltaTime":1565,"objectName":"O","objectType":"point"},{"data":{"x":"6.00000","y":"5.00000","definitionString":"Punkt på g"},"time":1576582144841,"action":"ADD","deltaTime":1065,"objectName":"P","objectType":"point"},{"data":{"x":"7.00000","y":"6.00000"},"time":1576582145927,"action":"ADD","deltaTime":1086,"objectName":"Q","objectType":"point"},{"data":{"value":null,"definitionString":"Midtnormal BN"},"time":1576582151348,"action":"ADD","deltaTime":5421,"objectName":"j","objectType":"line"},{"data":{"value":null,"definitionString":"Midtnormal BJ"},"time":1576582158307,"action":"ADD","deltaTime":6959,"objectName":"k","objectType":"line"},{"data":{"value":null,"definitionString":"Midtnormal BI"},"time":1576582161382,"action":"ADD","deltaTime":3075,"objectName":"l","objectType":"line"},{"data":{"x":"4.00000","y":"11.00000"},"time":1576582173739,"action":"UPDATE","deltaTime":12357,"objectName":"D","objectType":"point"},{"data":{"value":null,"definitionString":"Midtnormal DN"},"time":1576582175371,"action":"ADD","deltaTime":1632,"objectName":"m","objectType":"line"},{"data":{"x":"4.00000","y":"3.00000"},"time":1576582175671,"action":"UPDATE","deltaTime":300,"objectName":"N","objectType":"point"}]