[{"data":{"x":"0.00000","y":"8.00000","definitionString":"Punkt på yAkse"},"time":1576583117770,"action":"ADD","deltaTime":null,"objectName":"A","objectType":"point"},{"data":{"x":"5.92749","y":"13.78792"},"time":1576583122600,"action":"ADD","deltaTime":4830,"objectName":"B","objectType":"point"},{"data":{"x":"12.16676","y":"7.88591"},"time":1576583125989,"action":"ADD","deltaTime":3389,"objectName":"C","objectType":"point"},{"data":{"x":"12.00000","y":"8.00000"},"time":1576583127377,"action":"UPDATE","deltaTime":1388,"objectName":"C","objectType":"point"},{"data":{"x":"6.00000","y":"2.00000"},"time":1576583130206,"action":"ADD","deltaTime":2829,"objectName":"D","objectType":"point"},{"data":{"x":"7.00000","y":"3.00000"},"time":1576583131534,"action":"ADD","deltaTime":1328,"objectName":"E","objectType":"point"},{"data":{"x":"8.08594","y":"3.87254"},"time":1576583132308,"action":"ADD","deltaTime":774,"objectName":"F","objectType":"point"},{"data":{"x":"9.00000","y":"5.00000"},"time":1576583133412,"action":"ADD","deltaTime":1104,"objectName":"G","objectType":"point"},{"data":{"x":"10.04203","y":"6.23335"},"time":1576583134372,"action":"ADD","deltaTime":960,"objectName":"H","objectType":"point"},{"data":{"x":"11.05381","y":"7.21139"},"time":1576583135230,"action":"ADD","deltaTime":858,"objectName":"I","objectType":"point"},{"data":{"x":"10.00000","y":"6.00000"},"time":1576583137490,"action":"UPDATE","deltaTime":2260,"objectName":"H","objectType":"point"},{"data":{"x":"11.00000","y":"9.00000"},"time":1576583138810,"action":"ADD","deltaTime":1320,"objectName":"J","objectType":"point"},{"data":{"x":"10.00000","y":"10.00000"},"time":1576583140138,"action":"ADD","deltaTime":1328,"objectName":"K","objectType":"point"},{"data":{"x":"9.00000","y":"11.00000"},"time":1576583141426,"action":"ADD","deltaTime":1288,"objectName":"L","objectType":"point"},{"data":{"x":"8.00000","y":"12.00000"},"time":1576583142455,"action":"ADD","deltaTime":1029,"objectName":"M","objectType":"point"},{"data":{"x":"7.00000","y":"13.00000"},"time":1576583143541,"action":"ADD","deltaTime":1086,"objectName":"N","objectType":"point"},{"data":{"x":"5.00000","y":"13.00000"},"time":1576583144837,"action":"ADD","deltaTime":1296,"objectName":"O","objectType":"point"},{"data":{"x":"4.00000","y":"12.00000"},"time":1576583145969,"action":"ADD","deltaTime":1132,"objectName":"P","objectType":"point"},{"data":{"x":"2.95962","y":"10.78633"},"time":1576583146899,"action":"ADD","deltaTime":930,"objectName":"Q","objectType":"point"},{"data":{"x":"2.00000","y":"10.00000"},"time":1576583147666,"action":"ADD","deltaTime":767,"objectName":"R","objectType":"point"},{"data":{"x":"1.03725","y":"8.86396"},"time":1576583149250,"action":"ADD","deltaTime":1584,"objectName":"T","objectType":"point"},{"data":{"x":"1.00000","y":"7.00000"},"time":1576583150691,"action":"ADD","deltaTime":1441,"objectName":"U","objectType":"point"},{"data":{"x":"2.04903","y":"5.82864"},"time":1576583151753,"action":"ADD","deltaTime":1062,"objectName":"V","objectType":"point"},{"data":{"x":["1.88040","2.00000"],"y":["5.86236","6.00000"]},"time":1576583154888,"action":"UPDATE","deltaTime":[3135,871],"objectName":"V","objectType":"point"},{"data":{"x":"3.00000","y":"5.00000"},"time":1576583157045,"action":"ADD","deltaTime":2157,"objectName":"W","objectType":"point"},{"data":{"x":"3.87022","y":"4.00745"},"time":1576583158160,"action":"ADD","deltaTime":1115,"objectName":"Z","objectType":"point"},{"data":{"x":"5.05062","y":"2.86077"},"time":1576583159238,"action":"ADD","deltaTime":1078,"objectName":"A_1","objectType":"point"},{"data":{"x":["5.96121","6.00000"],"y":["13.85537","14.00000"]},"time":1576583166238,"action":"UPDATE","deltaTime":[7000,902],"objectName":"B","objectType":"point"},{"data":{"x":["8.11966","8.00000"],"y":["3.87254","4.00000"]},"time":1576583176306,"action":"UPDATE","deltaTime":[10068,1034],"objectName":"F","objectType":"point"},{"data":{"x":["10.98635","11.00000","11.00000","10.98635","11.05381","11.00000"],"y":["6.77296","7.00000","7.00000","6.87414","6.57060","7.00000"]},"time":1576583181007,"action":"UPDATE","deltaTime":[4701,564,967,1349,2714,3595],"objectName":"I","objectType":"point"},{"data":{"value":8.485281374238571,"definitionString":"Linjestykke A, B"},"time":1576583196175,"action":"ADD","deltaTime":15168,"objectName":"f","objectType":"segment"},{"data":{"value":8.485281374238571,"definitionString":"Linjestykke B, C"},"time":1576583198412,"action":"ADD","deltaTime":2237,"objectName":"g","objectType":"segment"},{"data":{"value":8.485281374238571,"definitionString":"Linjestykke C, D"},"time":1576583200108,"action":"ADD","deltaTime":1696,"objectName":"h","objectType":"segment"},{"data":{"value":8.485281374238571,"definitionString":"Linjestykke D, A"},"time":1576583201921,"action":"ADD","deltaTime":1813,"objectName":"i","objectType":"segment"},{"data":{"x":"5.00000","y":"3.00000"},"time":1576583206417,"action":"UPDATE","deltaTime":4496,"objectName":"A_1","objectType":"point"},{"data":{"x":"1.00000","y":"9.00000"},"time":1576583208271,"action":"UPDATE","deltaTime":1854,"objectName":"T","objectType":"point"},{"data":{"x":"3.00000","y":"11.00000"},"time":1576583214202,"action":"UPDATE","deltaTime":5931,"objectName":"Q","objectType":"point"}]