[{"data":{"value":null,"definitionString":"Midtnormal AB"},"time":1576583258379,"action":"ADD","deltaTime":null,"objectName":"f","objectType":"line"},{"data":{"x":"6.00000","y":"7.00000"},"time":1576583363108,"action":"ADD","deltaTime":104729,"objectName":"C","objectType":"point"},{"data":{"x":"6.00000","y":"8.00000"},"time":1576583427439,"action":"ADD","deltaTime":64331,"objectName":"D","objectType":"point"},{"data":{"x":"6.00000","y":"9.00000"},"time":1576583428501,"action":"ADD","deltaTime":1062,"objectName":"E","objectType":"point"},{"data":{"x":"6.00000","y":"6.00000"},"time":1576583429546,"action":"ADD","deltaTime":1045,"objectName":"F","objectType":"point"},{"data":{"x":"6.00000","y":"5.00000"},"time":1576583430489,"action":"ADD","deltaTime":943,"objectName":"G","objectType":"point"},{"data":{"x":"6.00000","y":"10.00000"},"time":1576583433252,"action":"ADD","deltaTime":2763,"objectName":"H","objectType":"point"},{"data":{"x":"6.00000","y":"4.00000"},"time":1576583434797,"action":"ADD","deltaTime":1545,"objectName":"I","objectType":"point"},{"data":{"value":6,"definitionString":"Linjestykke H, I"},"time":1576583514103,"action":"ADD","deltaTime":79306,"objectName":"f","objectType":"segment"}]