[{"data":{"value":null,"definitionString":"Midtnormal AB"},"time":1576583267512,"action":"ADD","deltaTime":null,"objectName":"f","objectType":"line"},{"data":{"x":"5.00000","y":"7.00000"},"time":1576583410029,"action":"ADD","deltaTime":142517,"objectName":"C","objectType":"point"},{"data":{"x":"6.00000","y":"8.00000"},"time":1576583423354,"action":"ADD","deltaTime":13325,"objectName":"D","objectType":"point"},{"data":{"x":"6.00000","y":"9.00000"},"time":1576583447275,"action":"ADD","deltaTime":23921,"objectName":"E","objectType":"point"},{"data":{"x":"5.00000","y":"6.00000"},"time":1576583450878,"action":"ADD","deltaTime":3603,"objectName":"F","objectType":"point"},{"data":{"x":"5.00000","y":"5.00000"},"time":1576583460226,"action":"ADD","deltaTime":9348,"objectName":"G","objectType":"point"},{"data":{"x":"6.00000","y":"10.00000"},"time":1576583461961,"action":"ADD","deltaTime":1735,"objectName":"H","objectType":"point"},{"data":{"x":"6.00000","y":"11.00000"},"time":1576583465099,"action":"ADD","deltaTime":3138,"objectName":"I","objectType":"point"},{"data":{"x":"5.00000","y":"4.00000"},"time":1576583466900,"action":"ADD","deltaTime":1801,"objectName":"J","objectType":"point"},{"data":{"value":3,"definitionString":"Linjestykke J, C"},"time":1576583495362,"action":"ADD","deltaTime":28462,"objectName":"f","objectType":"segment"},{"data":{"x":"5.00000","y":"7.00000"},"time":1576583495664,"action":"UPDATE","deltaTime":302,"objectName":"C","objectType":"point"},{"data":{"value":1.4142135623730951,"definitionString":"Linjestykke C, D"},"time":1576583496508,"action":"ADD","deltaTime":844,"objectName":"g","objectType":"segment"},{"data":{"x":"6.00000","y":"8.00000"},"time":1576583496794,"action":"UPDATE","deltaTime":286,"objectName":"D","objectType":"point"},{"data":{"value":3,"definitionString":"Linjestykke D, I"},"time":1576583497765,"action":"ADD","deltaTime":971,"objectName":"h","objectType":"segment"},{"data":{"x":"6.00000","y":"11.00000"},"time":1576583498056,"action":"UPDATE","deltaTime":291,"objectName":"I","objectType":"point"}]