[{"data":{"value":null,"definitionString":"Midtnormal AB"},"time":1576583275708,"action":"ADD","deltaTime":null,"objectName":"f","objectType":"line"},{"data":{"value":null,"definitionString":"Linje A, B"},"time":1576583338710,"action":"ADD","deltaTime":63002,"objectName":"g","objectType":"line"},{"data":{"x":"4.50000","y":"7.50000","definitionString":"Skjæring mellom f og g"},"time":1576583341940,"action":"ADD","deltaTime":3230,"objectName":"C","objectType":"point"},{"data":{"x":"4.54727","y":"7.45818"},"time":1576583345718,"action":"ADD","deltaTime":3778,"objectName":"C","objectType":"point"},{"data":{"x":["4.46727","4.46727","4.00000"],"y":["7.49818","7.41818","7.00000"]},"time":1576583347449,"action":"UPDATE","deltaTime":[1731,633,180128],"objectName":"C","objectType":"point"},{"data":{"x":"5.00000","y":"8.00000"},"time":1576583530798,"action":"ADD","deltaTime":183349,"objectName":"D","objectType":"point"},{"data":{"x":"3.00000","y":"6.00000"},"time":1576583667744,"action":"ADD","deltaTime":136946,"objectName":"E","objectType":"point"},{"data":{"x":"6.00000","y":"9.00000"},"time":1576583669152,"action":"ADD","deltaTime":1408,"objectName":"F","objectType":"point"},{"data":{"x":"7.00000","y":"10.00000"},"time":1576583673127,"action":"ADD","deltaTime":3975,"objectName":"G","objectType":"point"},{"data":{"x":"8.00000","y":"11.00000"},"time":1576583674016,"action":"ADD","deltaTime":889,"objectName":"H","objectType":"point"},{"data":{"x":"2.00000","y":"5.00000"},"time":1576583675952,"action":"ADD","deltaTime":1936,"objectName":"I","objectType":"point"},{"data":{"x":"6.00000","y":"9.00000"},"time":1576583689941,"action":"ADD","deltaTime":13989,"objectName":"F","objectType":"point"},{"data":{"x":"6.00000","y":"10.00000"},"time":1576583695697,"action":"ADD","deltaTime":5756,"objectName":"G","objectType":"point"},{"data":{"x":"2.98727","y":"4.85818"},"time":1576583697842,"action":"ADD","deltaTime":2145,"objectName":"H","objectType":"point"},{"data":{"x":"3.06727","y":"3.85818"},"time":1576583704433,"action":"ADD","deltaTime":6591,"objectName":"I","objectType":"point"},{"data":{"x":["2.96727","3.00000"],"y":["4.13818","4.00000"]},"time":1576583707152,"action":"UPDATE","deltaTime":[2719,722],"objectName":"I","objectType":"point"},{"data":{"x":"7.00000","y":"8.00000"},"time":1576583715196,"action":"ADD","deltaTime":8044,"objectName":"G","objectType":"point"},{"data":{"x":"8.00000","y":"7.00000"},"time":1576583716904,"action":"ADD","deltaTime":1708,"objectName":"H","objectType":"point"},{"data":{"x":"9.00000","y":"6.00000"},"time":1576583718192,"action":"ADD","deltaTime":1288,"objectName":"I","objectType":"point"},{"data":{"x":"8.00000","y":"5.00000"},"time":1576583719603,"action":"ADD","deltaTime":1411,"objectName":"J","objectType":"point"},{"data":{"x":"7.12727","y":"4.09818"},"time":1576583721035,"action":"ADD","deltaTime":1432,"objectName":"K","objectType":"point"},{"data":{"x":"6.00000","y":"3.00000"},"time":1576583722805,"action":"ADD","deltaTime":1770,"objectName":"L","objectType":"point"},{"data":{"x":"5.06727","y":"3.83818"},"time":1576583724165,"action":"ADD","deltaTime":1360,"objectName":"M","objectType":"point"},{"data":{"x":"4.00000","y":"5.00000"},"time":1576583727051,"action":"ADD","deltaTime":2886,"objectName":"N","objectType":"point"},{"data":{"x":"5.00000","y":"4.00000"},"time":1576583728717,"action":"UPDATE","deltaTime":1666,"objectName":"M","objectType":"point"},{"data":{"x":"2.00000","y":"7.00000"},"time":1576583731838,"action":"ADD","deltaTime":3121,"objectName":"O","objectType":"point"},{"data":{"x":"1.00000","y":"8.00000"},"time":1576583733174,"action":"ADD","deltaTime":1336,"objectName":"P","objectType":"point"},{"data":{"x":"0.00000","y":"9.00000","definitionString":"Punkt på yAkse"},"time":1576583734079,"action":"ADD","deltaTime":905,"objectName":"Q","objectType":"point"},{"data":{"x":"1.00000","y":"10.00000"},"time":1576583734883,"action":"ADD","deltaTime":804,"objectName":"R","objectType":"point"},{"data":{"x":"2.00000","y":"11.00000"},"time":1576583735871,"action":"ADD","deltaTime":988,"objectName":"S","objectType":"point"},{"data":{"x":"3.00000","y":"12.00000"},"time":1576583736734,"action":"ADD","deltaTime":863,"objectName":"T","objectType":"point"},{"data":{"x":"4.00000","y":"11.00000"},"time":1576583737391,"action":"ADD","deltaTime":657,"objectName":"U","objectType":"point"},{"data":{"x":"5.00000","y":"10.00000"},"time":1576583738461,"action":"ADD","deltaTime":1070,"objectName":"V","objectType":"point"},{"data":{"x":"6.00000","y":"10.00000"},"time":1576583744530,"action":"ADD","deltaTime":6069,"objectName":"W","objectType":"point"},{"data":{"x":"7.00000","y":"10.00000"},"time":1576583745281,"action":"ADD","deltaTime":751,"objectName":"Z","objectType":"point"},{"data":{"x":"7.00000","y":"9.00000"},"time":1576583746069,"action":"ADD","deltaTime":788,"objectName":"A_1","objectType":"point"},{"data":{"x":"8.00000","y":"9.00000"},"time":1576583746626,"action":"ADD","deltaTime":557,"objectName":"B_1","objectType":"point"},{"data":{"x":"8.00000","y":"10.00000"},"time":1576583748299,"action":"ADD","deltaTime":1673,"objectName":"C_1","objectType":"point"},{"data":{"x":"9.00000","y":"9.00000"},"time":1576583748945,"action":"ADD","deltaTime":646,"objectName":"D_1","objectType":"point"},{"data":{"x":"7.04727","y":"11.15818"},"time":1576583749804,"action":"ADD","deltaTime":859,"objectName":"E_1","objectType":"point"},{"data":{"x":"7.00000","y":"11.00000"},"time":1576583751584,"action":"UPDATE","deltaTime":1780,"objectName":"E_1","objectType":"point"},{"data":{"x":"6.16727","y":"10.93818"},"time":1576583752309,"action":"ADD","deltaTime":725,"objectName":"F_1","objectType":"point"},{"data":{"x":"6.00000","y":"11.00000"},"time":1576583754819,"action":"UPDATE","deltaTime":2510,"objectName":"F_1","objectType":"point"},{"data":{"value":8.485281374238571,"definitionString":"Linjestykke T, I"},"time":1576583759733,"action":"ADD","deltaTime":4914,"objectName":"f","objectType":"segment"},{"data":{"value":4.242640687119286,"definitionString":"Linjestykke I, L"},"time":1576583762135,"action":"ADD","deltaTime":2402,"objectName":"g","objectType":"segment"},{"data":{"value":8.485281374238571,"definitionString":"Linjestykke L, Q"},"time":1576583765059,"action":"ADD","deltaTime":2924,"objectName":"h","objectType":"segment"},{"data":{"value":4.242640687119286,"definitionString":"Linjestykke Q, T"},"time":1576583766542,"action":"ADD","deltaTime":1483,"objectName":"i","objectType":"segment"},{"data":{"value":4.242640687119286,"definitionString":"Linjestykke E, F"},"time":1576583770980,"action":"ADD","deltaTime":4438,"objectName":"j","objectType":"segment"},{"data":{"x":"6.00000","y":"9.00000"},"time":1576583771270,"action":"UPDATE","deltaTime":290,"objectName":"F","objectType":"point"},{"data":{"x":"6.00000","y":"12.00000"},"time":1576583773721,"action":"ADD","deltaTime":2451,"objectName":"G_1","objectType":"point"},{"data":{"x":"3.00000","y":"5.00000"},"time":1576584461241,"action":"ADD","deltaTime":687520,"objectName":"H_1","objectType":"point"},{"data":{"x":"2.00000","y":"6.00000"},"time":1576584462026,"action":"ADD","deltaTime":785,"objectName":"I_1","objectType":"point"},{"data":{"x":"1.00000","y":"6.00000"},"time":1576584462866,"action":"ADD","deltaTime":840,"objectName":"J_1","objectType":"point"},{"data":{"x":"2.00000","y":"5.00000"},"time":1576584463424,"action":"ADD","deltaTime":558,"objectName":"K_1","objectType":"point"},{"data":{"x":"3.00000","y":"4.00000"},"time":1576584464089,"action":"ADD","deltaTime":665,"objectName":"L_1","objectType":"point"},{"data":{"x":"3.00727","y":"2.85818"},"time":1576584466692,"action":"ADD","deltaTime":2603,"objectName":"M_1","objectType":"point"},{"data":{"x":"2.00000","y":"4.00000"},"time":1576584467470,"action":"ADD","deltaTime":778,"objectName":"N_1","objectType":"point"},{"data":{"x":"1.00000","y":"5.00000"},"time":1576584468269,"action":"ADD","deltaTime":799,"objectName":"O_1","objectType":"point"},{"data":{"x":"0.00000","y":"6.00000","definitionString":"Punkt på yAkse"},"time":1576584469491,"action":"ADD","deltaTime":1222,"objectName":"P_1","objectType":"point"}]