[{"data":{"x":"4.00000","y":"8.00000"},"time":1576584581528,"action":"ADD","deltaTime":null,"objectName":"C","objectType":"point"},{"data":{"x":"4.00000","y":"7.00000"},"time":1576584583072,"action":"ADD","deltaTime":1544,"objectName":"D","objectType":"point"},{"data":{"x":"4.00000","y":"6.00000"},"time":1576584584085,"action":"ADD","deltaTime":1013,"objectName":"E","objectType":"point"},{"data":{"x":"6.00000","y":"6.00000"},"time":1576584585135,"action":"ADD","deltaTime":1050,"objectName":"F","objectType":"point"},{"data":{"x":"6.00000","y":"7.00000"},"time":1576584585655,"action":"ADD","deltaTime":520,"objectName":"G","objectType":"point"},{"data":{"x":"7.00000","y":"7.00000"},"time":1576584586412,"action":"ADD","deltaTime":757,"objectName":"H","objectType":"point"},{"data":{"x":"6.99455","y":"7.85636"},"time":1576584586966,"action":"ADD","deltaTime":554,"objectName":"I","objectType":"point"},{"data":{"x":"7.00000","y":"8.00000"},"time":1576584588686,"action":"UPDATE","deltaTime":1720,"objectName":"I","objectType":"point"},{"data":{"x":"6.00000","y":"8.00000"},"time":1576584589977,"action":"ADD","deltaTime":1291,"objectName":"J","objectType":"point"},{"data":{"x":"6.00000","y":"9.00000"},"time":1576584590969,"action":"ADD","deltaTime":992,"objectName":"K","objectType":"point"},{"data":{"x":"5.00000","y":"9.00000"},"time":1576584592056,"action":"ADD","deltaTime":1087,"objectName":"L","objectType":"point"},{"data":{"x":"5.00000","y":"10.00000"},"time":1576584670228,"action":"ADD","deltaTime":78172,"objectName":"C","objectType":"point"},{"data":{"x":"6.00000","y":"9.00000"},"time":1576584671810,"action":"ADD","deltaTime":1582,"objectName":"D","objectType":"point"},{"data":{"x":"7.00000","y":"8.00000"},"time":1576584673160,"action":"ADD","deltaTime":1350,"objectName":"E","objectType":"point"},{"data":{"x":"8.00000","y":"7.00000"},"time":1576584674177,"action":"ADD","deltaTime":1017,"objectName":"F","objectType":"point"},{"data":{"x":"9.00000","y":"6.00000"},"time":1576584675296,"action":"ADD","deltaTime":1119,"objectName":"G","objectType":"point"},{"data":{"x":"8.00000","y":"5.00000"},"time":1576584676584,"action":"ADD","deltaTime":1288,"objectName":"H","objectType":"point"},{"data":{"x":"7.00000","y":"4.00000"},"time":1576584677351,"action":"ADD","deltaTime":767,"objectName":"I","objectType":"point"},{"data":{"x":"6.00000","y":"3.00000"},"time":1576584678333,"action":"ADD","deltaTime":982,"objectName":"J","objectType":"point"},{"data":{"x":"5.00000","y":"2.00000"},"time":1576584689318,"action":"ADD","deltaTime":10985,"objectName":"K","objectType":"point"},{"data":{"x":"4.00000","y":"3.00000"},"time":1576584690254,"action":"ADD","deltaTime":936,"objectName":"L","objectType":"point"},{"data":{"x":"3.15455","y":"4.03636"},"time":1576584691443,"action":"ADD","deltaTime":1189,"objectName":"M","objectType":"point"},{"data":{"x":"2.00000","y":"5.00000"},"time":1576584692609,"action":"ADD","deltaTime":1166,"objectName":"N","objectType":"point"},{"data":{"x":"1.00000","y":"6.00000"},"time":1576584693865,"action":"ADD","deltaTime":1256,"objectName":"O","objectType":"point"},{"data":{"x":"2.01455","y":"6.81636"},"time":1576584694727,"action":"ADD","deltaTime":862,"objectName":"P","objectType":"point"},{"data":{"x":"3.00000","y":"8.00000"},"time":1576584695614,"action":"ADD","deltaTime":887,"objectName":"Q","objectType":"point"},{"data":{"x":"2.00000","y":"7.00000"},"time":1576584697564,"action":"UPDATE","deltaTime":1950,"objectName":"P","objectType":"point"},{"data":{"x":"4.00000","y":"5.00000"},"time":1576584701065,"action":"ADD","deltaTime":3501,"objectName":"R","objectType":"point"},{"data":{"x":"3.00000","y":"6.00000"},"time":1576584702444,"action":"ADD","deltaTime":1379,"objectName":"S","objectType":"point"},{"data":{"x":"1.00000","y":"8.00000"},"time":1576584703743,"action":"ADD","deltaTime":1299,"objectName":"T","objectType":"point"},{"data":{"x":"0.00000","y":"9.00000","definitionString":"Punkt på yAkse"},"time":1576584705417,"action":"ADD","deltaTime":1674,"objectName":"U","objectType":"point"},{"data":{"x":"1.00000","y":"10.00000"},"time":1576584707810,"action":"ADD","deltaTime":2393,"objectName":"V","objectType":"point"},{"data":{"x":"2.00000","y":"11.00000"},"time":1576584708990,"action":"ADD","deltaTime":1180,"objectName":"W","objectType":"point"},{"data":{"x":"3.00000","y":"12.00000"},"time":1576584709819,"action":"ADD","deltaTime":829,"objectName":"Z","objectType":"point"},{"data":{"x":"4.00000","y":"13.00000"},"time":1576584719152,"action":"ADD","deltaTime":9333,"objectName":"A_1","objectType":"point"},{"data":{"x":"5.00000","y":"12.00000"},"time":1576584720163,"action":"ADD","deltaTime":1011,"objectName":"B_1","objectType":"point"},{"data":{"x":"6.00000","y":"11.00000"},"time":1576584721181,"action":"ADD","deltaTime":1018,"objectName":"C_1","objectType":"point"},{"data":{"x":"7.00000","y":"10.00000"},"time":1576584722362,"action":"ADD","deltaTime":1181,"objectName":"D_1","objectType":"point"},{"data":{"x":"8.00000","y":"9.00000"},"time":1576584724833,"action":"ADD","deltaTime":2471,"objectName":"E_1","objectType":"point"},{"data":{"x":"6.00000","y":"7.00000"},"time":1576584726064,"action":"ADD","deltaTime":1231,"objectName":"F_1","objectType":"point"},{"data":{"value":5.656854249492381,"definitionString":"Linjestykke R, U"},"time":1576584731280,"action":"ADD","deltaTime":5216,"objectName":"f","objectType":"segment"},{"data":{"value":5.656854249492381,"definitionString":"Linjestykke U, A_1"},"time":1576584732929,"action":"ADD","deltaTime":1649,"objectName":"g","objectType":"segment"},{"data":{"value":5.656854249492381,"definitionString":"Linjestykke A_1, E_1"},"time":1576584734289,"action":"ADD","deltaTime":1360,"objectName":"h","objectType":"segment"},{"data":{"value":5.656854249492381,"definitionString":"Linjestykke E_1, R"},"time":1576584735760,"action":"ADD","deltaTime":1471,"objectName":"i","objectType":"segment"},{"data":{"value":5.656854249492381,"definitionString":"Linjestykke O, C"},"time":1576584743231,"action":"ADD","deltaTime":7471,"objectName":"j","objectType":"segment"},{"data":{"value":5.656854249492381,"definitionString":"Linjestykke C, G"},"time":1576584744628,"action":"ADD","deltaTime":1397,"objectName":"k","objectType":"segment"},{"data":{"value":4.242640687119286,"definitionString":"Linjestykke O, L"},"time":1576584756659,"action":"ADD","deltaTime":12031,"objectName":"l","objectType":"segment"},{"data":{"value":4.242640687119286,"definitionString":"Linjestykke J, G"},"time":1576584759118,"action":"ADD","deltaTime":2459,"objectName":"m","objectType":"segment"},{"data":{"value":1.4142135623730951,"definitionString":"Linjestykke K, J"},"time":1576584764070,"action":"ADD","deltaTime":4952,"objectName":"n","objectType":"segment"},{"data":{"value":1.4142135623730951,"definitionString":"Linjestykke K, L"},"time":1576584765817,"action":"ADD","deltaTime":1747,"objectName":"p","objectType":"segment"},{"data":{"x":"6.00000","y":"6.00000"},"time":1576584835531,"action":"ADD","deltaTime":69714,"objectName":"G_1","objectType":"point"},{"data":{"value":1,"definitionString":"Linjestykke B, G_1"},"time":1576584835573,"action":"ADD","deltaTime":42,"objectName":"q","objectType":"segment"},{"data":{"value":1,"definitionString":"Linjestykke G_1, F_1"},"time":1576584836432,"action":"ADD","deltaTime":859,"objectName":"r","objectType":"segment"},{"data":{"x":"7.00000","y":"7.00000"},"time":1576584837492,"action":"ADD","deltaTime":1060,"objectName":"H_1","objectType":"point"},{"data":{"value":1,"definitionString":"Linjestykke F_1, H_1"},"time":1576584837537,"action":"ADD","deltaTime":45,"objectName":"s","objectType":"segment"},{"data":{"value":1,"definitionString":"Linjestykke H_1, E"},"time":1576584839352,"action":"ADD","deltaTime":1815,"objectName":"t","objectType":"segment"},{"data":{"x":"6.00000","y":"8.00000"},"time":1576584840288,"action":"ADD","deltaTime":936,"objectName":"I_1","objectType":"point"},{"data":{"value":1,"definitionString":"Linjestykke E, I_1"},"time":1576584840326,"action":"ADD","deltaTime":38,"objectName":"a","objectType":"segment"},{"data":{"value":1,"definitionString":"Linjestykke I_1, D"},"time":1576584841449,"action":"ADD","deltaTime":1123,"objectName":"b","objectType":"segment"},{"data":{"x":"5.00000","y":"9.00000"},"time":1576584843369,"action":"ADD","deltaTime":1920,"objectName":"J_1","objectType":"point"},{"data":{"value":1,"definitionString":"Linjestykke D, J_1"},"time":1576584843406,"action":"ADD","deltaTime":37,"objectName":"c","objectType":"segment"},{"data":{"value":3.1622776601683795,"definitionString":"Linjestykke A, E"},"time":1576584849797,"action":"ADD","deltaTime":6391,"objectName":"q","objectType":"segment"},{"data":{"x":"7.00000","y":"8.00000"},"time":1576584850087,"action":"UPDATE","deltaTime":290,"objectName":"E","objectType":"point"},{"data":{"value":3.1622776601683795,"definitionString":"Linjestykke B, A"},"time":1576584851974,"action":"ADD","deltaTime":1887,"objectName":"r","objectType":"segment"}]