[{"data":{"x":"3.00000","y":"8.00000"},"time":1576584920026,"action":"ADD","deltaTime":null,"objectName":"C","objectType":"point"},{"data":{"x":"4.00000","y":"9.00000"},"time":1576584921563,"action":"ADD","deltaTime":1537,"objectName":"D","objectType":"point"},{"data":{"x":"2.00000","y":"7.00000"},"time":1576584923621,"action":"ADD","deltaTime":2058,"objectName":"E","objectType":"point"},{"data":{"x":"3.00000","y":"10.00000"},"time":1576584960249,"action":"ADD","deltaTime":36628,"objectName":"C","objectType":"point"},{"data":{"x":"4.00000","y":"11.00000"},"time":1576584962086,"action":"ADD","deltaTime":1837,"objectName":"D","objectType":"point"},{"data":{"x":"5.00000","y":"10.00000"},"time":1576584962757,"action":"ADD","deltaTime":671,"objectName":"E","objectType":"point"},{"data":{"x":"6.00000","y":"9.00000"},"time":1576584963456,"action":"ADD","deltaTime":699,"objectName":"F","objectType":"point"},{"data":{"x":"7.00000","y":"8.00000"},"time":1576584964262,"action":"ADD","deltaTime":806,"objectName":"G","objectType":"point"},{"data":{"x":"8.00000","y":"7.00000"},"time":1576584965395,"action":"ADD","deltaTime":1133,"objectName":"H","objectType":"point"},{"data":{"x":"7.00000","y":"6.00000"},"time":1576584966347,"action":"ADD","deltaTime":952,"objectName":"I","objectType":"point"},{"data":{"x":"6.00000","y":"5.00000"},"time":1576584967088,"action":"ADD","deltaTime":741,"objectName":"J","objectType":"point"},{"data":{"x":"5.00000","y":"4.00000"},"time":1576584968672,"action":"ADD","deltaTime":1584,"objectName":"K","objectType":"point"},{"data":{"x":"4.00000","y":"3.00000"},"time":1576584969819,"action":"ADD","deltaTime":1147,"objectName":"L","objectType":"point"},{"data":{"x":"3.00000","y":"4.00000"},"time":1576584970912,"action":"ADD","deltaTime":1093,"objectName":"M","objectType":"point"},{"data":{"x":"2.02255","y":"4.87436"},"time":1576584971856,"action":"ADD","deltaTime":944,"objectName":"N","objectType":"point"},{"data":{"x":"0.86255","y":"5.95436"},"time":1576584972775,"action":"ADD","deltaTime":919,"objectName":"O","objectType":"point"},{"data":{"x":["1.00255","1.00000"],"y":["5.43436","6.00000"]},"time":1576584973885,"action":"UPDATE","deltaTime":[1110,788],"objectName":"O","objectType":"point"},{"data":{"x":"0.00000","y":"7.00000","definitionString":"Punkt på yAkse"},"time":1576584976005,"action":"ADD","deltaTime":2120,"objectName":"P","objectType":"point"},{"data":{"x":"1.00000","y":"8.00000"},"time":1576584977025,"action":"ADD","deltaTime":1020,"objectName":"Q","objectType":"point"},{"data":{"x":"3.14255","y":"5.87436"},"time":1576584980810,"action":"ADD","deltaTime":3785,"objectName":"R","objectType":"point"},{"data":{"x":"5.00000","y":"8.00000"},"time":1576584982180,"action":"ADD","deltaTime":1370,"objectName":"S","objectType":"point"},{"data":{"x":["3.04255","3.04255"],"y":["5.73436","5.79436"]},"time":1576584983519,"action":"UPDATE","deltaTime":[1339,586],"objectName":"R","objectType":"point"},{"data":{"x":"3.00000","y":"12.00000"},"time":1576584985763,"action":"ADD","deltaTime":2244,"objectName":"T","objectType":"point"},{"data":{"x":"2.00000","y":"13.00000"},"time":1576584990366,"action":"ADD","deltaTime":4603,"objectName":"U","objectType":"point"},{"data":{"x":"1.00000","y":"12.00000"},"time":1576584991398,"action":"ADD","deltaTime":1032,"objectName":"V","objectType":"point"},{"data":{"x":"0.00000","y":"11.00000","definitionString":"Punkt på yAkse"},"time":1576584992702,"action":"ADD","deltaTime":1304,"objectName":"W","objectType":"point"},{"data":{"x":"-1.00000","y":"10.00000"},"time":1576584994057,"action":"ADD","deltaTime":1355,"objectName":"Z","objectType":"point"},{"data":{"x":"-1.00000","y":"8.00000"},"time":1576584997911,"action":"ADD","deltaTime":3854,"objectName":"A_1","objectType":"point"},{"data":{"x":"-2.00000","y":"9.00000"},"time":1576584998944,"action":"ADD","deltaTime":1033,"objectName":"B_1","objectType":"point"},{"data":{"value":1.4142135623730951,"definitionString":"Linjestykke T, U"},"time":1576585010092,"action":"ADD","deltaTime":11148,"objectName":"f","objectType":"segment"},{"data":{"value":5.656854249492381,"definitionString":"Linjestykke U, B_1"},"time":1576585011277,"action":"ADD","deltaTime":1185,"objectName":"g","objectType":"segment"},{"data":{"value":8.485281374238571,"definitionString":"Linjestykke B_1, L"},"time":1576585012770,"action":"ADD","deltaTime":1493,"objectName":"h","objectType":"segment"},{"data":{"value":5.656854249492381,"definitionString":"Linjestykke L, H"},"time":1576585014256,"action":"ADD","deltaTime":1486,"objectName":"i","objectType":"segment"},{"data":{"value":7.0710678118654755,"definitionString":"Linjestykke H, T"},"time":1576585015778,"action":"ADD","deltaTime":1522,"objectName":"j","objectType":"segment"},{"data":{"value":5.656854249492381,"definitionString":"Linjestykke D, P"},"time":1576585017453,"action":"ADD","deltaTime":1675,"objectName":"k","objectType":"segment"},{"data":{"value":5.730708513448893,"definitionString":"Linjestykke N, F"},"time":1576585019624,"action":"ADD","deltaTime":2171,"objectName":"l","objectType":"segment"},{"data":{"value":2.8284271247461903,"definitionString":"Linjestykke B, A"},"time":1576585022356,"action":"ADD","deltaTime":2732,"objectName":"m","objectType":"segment"},{"data":{"value":4,"definitionString":"Linjestykke A, F"},"time":1576585101315,"action":"ADD","deltaTime":78959,"objectName":"n","objectType":"segment"},{"data":{"value":4,"definitionString":"Linjestykke B, D"},"time":1576585109142,"action":"ADD","deltaTime":7827,"objectName":"p","objectType":"segment"},{"data":{"value":3.1622776601683795,"definitionString":"Linjestykke B, E"},"time":1576585116769,"action":"ADD","deltaTime":7627,"objectName":"p","objectType":"segment"},{"data":{"x":"5.00000","y":"10.00000"},"time":1576585117068,"action":"UPDATE","deltaTime":299,"objectName":"E","objectType":"point"},{"data":{"value":1.4142135623730951,"definitionString":"Linjestykke E, D"},"time":1576585122119,"action":"ADD","deltaTime":5051,"objectName":"q","objectType":"segment"},{"data":{"x":"4.00000","y":"11.00000"},"time":1576585122411,"action":"UPDATE","deltaTime":292,"objectName":"D","objectType":"point"},{"data":{"value":4,"definitionString":"Linjestykke D, B"},"time":1576585123531,"action":"ADD","deltaTime":1120,"objectName":"r","objectType":"segment"},{"data":{"value":3.1622776601683795,"definitionString":"Linjestykke E, A"},"time":1576585128192,"action":"ADD","deltaTime":4661,"objectName":"s","objectType":"segment"}]