[{"data":{"x":"9.16516","y":"7.44747"},"time":1576582864062,"action":"ADD","deltaTime":null,"objectName":"A","objectType":"point"},{"data":{"value":3.213026144766963,"definitionString":"Linjestykke S, A"},"time":1576582865713,"action":"ADD","deltaTime":1651,"objectName":"f","objectType":"segment"},{"data":{"x":"13.00000","y":"7.00000"},"time":1576582867182,"action":"ADD","deltaTime":1469,"objectName":"B","objectType":"point"},{"data":{"value":3.860856548910485,"definitionString":"Linjestykke B, A"},"time":1576582868616,"action":"ADD","deltaTime":1434,"objectName":"g","objectType":"segment"},{"data":{"x":"11.86322","y":"8.02081"},"time":1576582902524,"action":"ADD","deltaTime":33908,"objectName":"A","objectType":"point"},{"data":{"x":"0.00000","y":"8.00000","definitionString":"Punkt på yAkse"},"time":1576582912671,"action":"ADD","deltaTime":10147,"objectName":"B","objectType":"point"},{"data":{"x":"6.00000","y":"14.00000"},"time":1576582923684,"action":"ADD","deltaTime":11013,"objectName":"C","objectType":"point"},{"data":{"x":"6.00000","y":"2.00000"},"time":1576582929582,"action":"ADD","deltaTime":5898,"objectName":"D","objectType":"point"},{"data":{"x":"9.00000","y":"11.00000"},"time":1576583002352,"action":"ADD","deltaTime":72770,"objectName":"E","objectType":"point"},{"data":{"x":"9.23261","y":"11.12358"},"time":1576583009120,"action":"ADD","deltaTime":6768,"objectName":"E","objectType":"point"},{"data":{"x":["8.86163","9.00000"],"y":["10.98868","11.00000"]},"time":1576583015484,"action":"UPDATE","deltaTime":[6364,2305],"objectName":"E","objectType":"point"},{"data":{"x":"10.00000","y":"10.00000"},"time":1576583020761,"action":"ADD","deltaTime":5277,"objectName":"F","objectType":"point"},{"data":{"x":"8.00000","y":"12.00000"},"time":1576583029396,"action":"ADD","deltaTime":8635,"objectName":"G","objectType":"point"},{"data":{"x":"11.00000","y":"9.00000"},"time":1576583044490,"action":"ADD","deltaTime":15094,"objectName":"H","objectType":"point"},{"data":{"x":"7.00000","y":"13.00000"},"time":1576583054824,"action":"ADD","deltaTime":10334,"objectName":"I","objectType":"point"},{"data":{"x":"11.00000","y":"7.00000"},"time":1576583066043,"action":"ADD","deltaTime":11219,"objectName":"J","objectType":"point"},{"data":{"x":"10.00000","y":"6.00000"},"time":1576583067530,"action":"ADD","deltaTime":1487,"objectName":"K","objectType":"point"},{"data":{"x":"9.00000","y":"5.00000"},"time":1576583069018,"action":"ADD","deltaTime":1488,"objectName":"L","objectType":"point"},{"data":{"x":"8.00000","y":"4.00000"},"time":1576583070446,"action":"ADD","deltaTime":1428,"objectName":"M","objectType":"point"},{"data":{"x":"7.04044","y":"3.13058"},"time":1576583071799,"action":"ADD","deltaTime":1353,"objectName":"N","objectType":"point"},{"data":{"x":"4.00000","y":"13.00000"},"time":1576583076174,"action":"ADD","deltaTime":4375,"objectName":"O","objectType":"point"},{"data":{"x":"3.06080","y":"12.20281"},"time":1576583077749,"action":"ADD","deltaTime":1575,"objectName":"P","objectType":"point"},{"data":{"x":"2.00000","y":"11.00000"},"time":1576583079003,"action":"ADD","deltaTime":1254,"objectName":"Q","objectType":"point"},{"data":{"x":"1.17216","y":"10.04436"},"time":1576583080161,"action":"ADD","deltaTime":1158,"objectName":"R","objectType":"point"},{"data":{"x":"5.00000","y":"13.00000"},"time":1576583086170,"action":"ADD","deltaTime":6009,"objectName":"O","objectType":"point"},{"data":{"x":"4.00000","y":"12.00000"},"time":1576583087549,"action":"ADD","deltaTime":1379,"objectName":"P","objectType":"point"},{"data":{"x":"1.00000","y":"9.00000"},"time":1576583089380,"action":"ADD","deltaTime":1831,"objectName":"Q","objectType":"point"},{"data":{"x":"2.00000","y":"10.00000"},"time":1576583090781,"action":"ADD","deltaTime":1401,"objectName":"R","objectType":"point"},{"data":{"x":"3.09452","y":"11.15731"},"time":1576583092254,"action":"ADD","deltaTime":1473,"objectName":"T","objectType":"point"},{"data":{"x":"0.96980","y":"6.84041"},"time":1576583093729,"action":"ADD","deltaTime":1475,"objectName":"U","objectType":"point"},{"data":{"x":"2.00000","y":"6.00000"},"time":1576583095110,"action":"ADD","deltaTime":1381,"objectName":"V","objectType":"point"},{"data":{"x":"2.85844","y":"5.15412"},"time":1576583096445,"action":"ADD","deltaTime":1335,"objectName":"W","objectType":"point"},{"data":{"x":"3.76904","y":"4.41216"},"time":1576583097851,"action":"ADD","deltaTime":1406,"objectName":"Z","objectType":"point"},{"data":{"x":"4.81454","y":"2.99567"},"time":1576583099030,"action":"ADD","deltaTime":1179,"objectName":"A_1","objectType":"point"},{"data":{"x":"4.00000","y":"4.00000"},"time":1576583103513,"action":"UPDATE","deltaTime":4483,"objectName":"Z","objectType":"point"},{"data":{"x":"5.00000","y":"3.00000"},"time":1576583106094,"action":"UPDATE","deltaTime":2581,"objectName":"A_1","objectType":"point"},{"data":{"x":"3.00000","y":"5.00000"},"time":1576583108294,"action":"UPDATE","deltaTime":2200,"objectName":"W","objectType":"point"},{"data":{"value":8.374250675418088,"definitionString":"Linjestykke A, C"},"time":1576583175019,"action":"ADD","deltaTime":66725,"objectName":"f","objectType":"segment"},{"data":{"x":"6.00000","y":"14.00000"},"time":1576583176859,"action":"UPDATE","deltaTime":1840,"objectName":"C","objectType":"point"},{"data":{"value":8.485281374238571,"definitionString":"Linjestykke B, C"},"time":1576583179561,"action":"ADD","deltaTime":2702,"objectName":"g","objectType":"segment"},{"data":{"x":"6.00000","y":"14.00000"},"time":1576583181371,"action":"UPDATE","deltaTime":1810,"objectName":"C","objectType":"point"},{"data":{"value":8.404021712590005,"definitionString":"Linjestykke D, A"},"time":1576583183607,"action":"ADD","deltaTime":2236,"objectName":"h","objectType":"segment"},{"data":{"x":"11.86322","y":"8.02081"},"time":1576583185351,"action":"UPDATE","deltaTime":1744,"objectName":"A","objectType":"point"},{"data":{"value":8.485281374238571,"definitionString":"Linjestykke B, D"},"time":1576583187612,"action":"ADD","deltaTime":2261,"objectName":"i","objectType":"segment"},{"data":{"x":"6.00000","y":"2.00000"},"time":1576583189248,"action":"UPDATE","deltaTime":1636,"objectName":"D","objectType":"point"}]