[{"data":{"x":"6.00000","y":"7.00000"},"time":1576583334181,"action":"ADD","deltaTime":null,"objectName":"C","objectType":"point"},{"data":{"x":"6.00000","y":"8.00000"},"time":1576583355588,"action":"ADD","deltaTime":21407,"objectName":"D","objectType":"point"},{"data":{"x":"6.00000","y":"5.28000"},"time":1576583357092,"action":"ADD","deltaTime":1504,"objectName":"E","objectType":"point"},{"data":{"x":"6.00000","y":"6.46000"},"time":1576583358754,"action":"ADD","deltaTime":1662,"objectName":"F","objectType":"point"},{"data":{"x":"6.00000","y":"8.00000"},"time":1576583363258,"action":"ADD","deltaTime":4504,"objectName":"D","objectType":"point"},{"data":{"x":"6.00000","y":"9.00000"},"time":1576583364632,"action":"ADD","deltaTime":1374,"objectName":"E","objectType":"point"},{"data":{"x":"6.00000","y":"10.00000"},"time":1576583366086,"action":"ADD","deltaTime":1454,"objectName":"F","objectType":"point"},{"data":{"x":"5.98000","y":"6.14000"},"time":1576583367744,"action":"ADD","deltaTime":1658,"objectName":"G","objectType":"point"},{"data":{"x":"6.00000","y":"5.00000"},"time":1576583369134,"action":"ADD","deltaTime":1390,"objectName":"H","objectType":"point"},{"data":{"x":"6.00000","y":"4.00000"},"time":1576583370469,"action":"ADD","deltaTime":1335,"objectName":"I","objectType":"point"},{"data":{"value":6,"definitionString":"Linjestykke F, I"},"time":1576583377727,"action":"ADD","deltaTime":7258,"objectName":"f","objectType":"segment"}]