[{"data":{"value":null,"definitionString":"Midtnormal AB"},"time":1576583401173,"action":"ADD","deltaTime":null,"objectName":"f","objectType":"line"},{"data":{"x":"5.00000","y":"7.00000"},"time":1576583415513,"action":"ADD","deltaTime":14340,"objectName":"C","objectType":"point"},{"data":{"x":"6.00000","y":"8.00000"},"time":1576583422426,"action":"ADD","deltaTime":6913,"objectName":"D","objectType":"point"},{"data":{"x":"6.00000","y":"9.00000","definitionString":"Punkt på f"},"time":1576583441558,"action":"ADD","deltaTime":19132,"objectName":"E","objectType":"point"},{"data":{"x":"5.00000","y":"6.00000","definitionString":"Punkt på f"},"time":1576583463186,"action":"ADD","deltaTime":21628,"objectName":"F","objectType":"point"},{"data":{"x":"5.00000","y":"5.00000"},"time":1576583469011,"action":"ADD","deltaTime":5825,"objectName":"G","objectType":"point"},{"data":{"x":"5.00000","y":"4.00000"},"time":1576583470399,"action":"ADD","deltaTime":1388,"objectName":"H","objectType":"point"},{"data":{"x":"6.00000","y":"10.00000"},"time":1576583473315,"action":"ADD","deltaTime":2916,"objectName":"I","objectType":"point"},{"data":{"x":"6.00000","y":"11.00000"},"time":1576583474730,"action":"ADD","deltaTime":1415,"objectName":"J","objectType":"point"},{"data":{"value":3,"definitionString":"Linjestykke J, D"},"time":1576583500188,"action":"ADD","deltaTime":25458,"objectName":"g","objectType":"segment"},{"data":{"value":1.4142135623730951,"definitionString":"Linjestykke D, C"},"time":1576583502166,"action":"ADD","deltaTime":1978,"objectName":"h","objectType":"segment"},{"data":{"value":3,"definitionString":"Linjestykke C, H"},"time":1576583504980,"action":"ADD","deltaTime":2814,"objectName":"i","objectType":"segment"}]