[{"data":{"x":"5.00000","y":"8.00000"},"time":1576583545562,"action":"ADD","deltaTime":null,"objectName":"C","objectType":"point"},{"data":{"x":"4.00000","y":"7.00000"},"time":1576583582513,"action":"ADD","deltaTime":36951,"objectName":"D","objectType":"point"},{"data":{"x":"3.00000","y":"6.00000"},"time":1576583584176,"action":"ADD","deltaTime":1663,"objectName":"E","objectType":"point"},{"data":{"x":"6.00000","y":"9.00000"},"time":1576583586899,"action":"ADD","deltaTime":2723,"objectName":"F","objectType":"point"},{"data":{"x":"5.00000","y":"10.00000"},"time":1576583589880,"action":"ADD","deltaTime":2981,"objectName":"G","objectType":"point"},{"data":{"x":"4.00000","y":"11.00000"},"time":1576583591210,"action":"ADD","deltaTime":1330,"objectName":"H","objectType":"point"},{"data":{"x":"3.00000","y":"12.00000"},"time":1576583594461,"action":"ADD","deltaTime":3251,"objectName":"I","objectType":"point"},{"data":{"x":"2.00000","y":"11.00000"},"time":1576583596798,"action":"ADD","deltaTime":2337,"objectName":"J","objectType":"point"},{"data":{"x":"1.00000","y":"10.00000"},"time":1576583598256,"action":"ADD","deltaTime":1458,"objectName":"K","objectType":"point"},{"data":{"x":"0.00000","y":"9.00000","definitionString":"Punkt på yAkse"},"time":1576583599705,"action":"ADD","deltaTime":1449,"objectName":"L","objectType":"point"},{"data":{"x":"1.00000","y":"8.00000"},"time":1576583601195,"action":"ADD","deltaTime":1490,"objectName":"M","objectType":"point"},{"data":{"x":"2.00000","y":"7.00000"},"time":1576583602582,"action":"ADD","deltaTime":1387,"objectName":"N","objectType":"point"},{"data":{"x":"7.00000","y":"8.00000"},"time":1576583612057,"action":"ADD","deltaTime":9475,"objectName":"O","objectType":"point"},{"data":{"x":"8.00000","y":"7.00000"},"time":1576583613599,"action":"ADD","deltaTime":1542,"objectName":"P","objectType":"point"},{"data":{"x":"9.00000","y":"6.00000"},"time":1576583615005,"action":"ADD","deltaTime":1406,"objectName":"Q","objectType":"point"},{"data":{"x":"4.00000","y":"5.00000"},"time":1576583616538,"action":"ADD","deltaTime":1533,"objectName":"R","objectType":"point"},{"data":{"x":"5.02727","y":"4.13818"},"time":1576583617918,"action":"ADD","deltaTime":1380,"objectName":"S","objectType":"point"},{"data":{"x":"5.94727","y":"3.17818"},"time":1576583619403,"action":"ADD","deltaTime":1485,"objectName":"T","objectType":"point"},{"data":{"x":"7.00000","y":"4.00000"},"time":1576583625542,"action":"ADD","deltaTime":6139,"objectName":"U","objectType":"point"},{"data":{"x":"8.00000","y":"5.00000"},"time":1576583626774,"action":"ADD","deltaTime":1232,"objectName":"V","objectType":"point"},{"data":{"value":4.157138637680072,"definitionString":"Linjestykke Q, T"},"time":1576583641835,"action":"ADD","deltaTime":15061,"objectName":"f","objectType":"segment"},{"data":{"value":4.242640687119286,"definitionString":"Linjestykke E, F"},"time":1576583643884,"action":"ADD","deltaTime":2049,"objectName":"g","objectType":"segment"},{"data":{"value":4.242640687119286,"definitionString":"Linjestykke Q, F"},"time":1576583646089,"action":"ADD","deltaTime":2205,"objectName":"h","objectType":"segment"},{"data":{"value":4.0803277295047415,"definitionString":"Linjestykke E, T"},"time":1576583647978,"action":"ADD","deltaTime":1889,"objectName":"i","objectType":"segment"},{"data":{"value":4.242640687119286,"definitionString":"Linjestykke L, I"},"time":1576583651043,"action":"ADD","deltaTime":3065,"objectName":"j","objectType":"segment"},{"data":{"value":4.242640687119286,"definitionString":"Linjestykke F, I"},"time":1576583653348,"action":"ADD","deltaTime":2305,"objectName":"k","objectType":"segment"},{"data":{"value":4.242640687119286,"definitionString":"Linjestykke L, E"},"time":1576583655459,"action":"ADD","deltaTime":2111,"objectName":"l","objectType":"segment"},{"data":{"x":"6.00000","y":"10.00000"},"time":1576583722201,"action":"ADD","deltaTime":66742,"objectName":"W","objectType":"point"},{"data":{"x":"7.00000","y":"9.00000"},"time":1576583724015,"action":"ADD","deltaTime":1814,"objectName":"Z","objectType":"point"},{"data":{"x":"8.00000","y":"9.00000"},"time":1576583725358,"action":"ADD","deltaTime":1343,"objectName":"A_1","objectType":"point"},{"data":{"x":"9.00000","y":"9.00000"},"time":1576583734591,"action":"ADD","deltaTime":9233,"objectName":"B_1","objectType":"point"},{"data":{"x":"6.86727","y":"10.09818"},"time":1576583736061,"action":"ADD","deltaTime":1470,"objectName":"C_1","objectType":"point"},{"data":{"x":"6.00000","y":"11.00000"},"time":1576583737541,"action":"ADD","deltaTime":1480,"objectName":"D_1","objectType":"point"},{"data":{"x":"7.00000","y":"11.00000"},"time":1576583738971,"action":"ADD","deltaTime":1430,"objectName":"E_1","objectType":"point"},{"data":{"x":"8.00000","y":"10.00000"},"time":1576583740217,"action":"ADD","deltaTime":1246,"objectName":"F_1","objectType":"point"}]