[{"data":{"value":3.1622776601683795,"definitionString":"Linjestykke A, B"},"time":1576584632959,"action":"ADD","deltaTime":null,"objectName":"f","objectType":"segment"},{"data":{"value":null,"definitionString":"Midtnormal AB"},"time":1576584636193,"action":"ADD","deltaTime":3234,"objectName":"g","objectType":"line"},{"data":{"x":"9.00000","y":"9.00000","definitionString":"Punkt på g"},"time":1576584651298,"action":"ADD","deltaTime":15105,"objectName":"C","objectType":"point"},{"data":{"value":5,"definitionString":"Linjestykke C, B"},"time":1576584653024,"action":"ADD","deltaTime":1726,"objectName":"h","objectType":"segment"},{"data":{"value":5,"definitionString":"Linjestykke C, A"},"time":1576584655958,"action":"ADD","deltaTime":2934,"objectName":"i","objectType":"segment"},{"data":{"x":"6.00000","y":"7.00000"},"time":1576584694704,"action":"ADD","deltaTime":38746,"objectName":"C","objectType":"point"},{"data":{"x":"7.00000","y":"8.00000"},"time":1576584696830,"action":"ADD","deltaTime":2126,"objectName":"D","objectType":"point"},{"data":{"x":"8.00000","y":"9.00000"},"time":1576584700264,"action":"ADD","deltaTime":3434,"objectName":"E","objectType":"point"},{"data":{"x":"4.00000","y":"5.00000"},"time":1576584705252,"action":"ADD","deltaTime":4988,"objectName":"F","objectType":"point"},{"data":{"x":"3.00000","y":"6.00000"},"time":1576584710655,"action":"ADD","deltaTime":5403,"objectName":"G","objectType":"point"},{"data":{"x":"2.00000","y":"7.00000"},"time":1576584712074,"action":"ADD","deltaTime":1419,"objectName":"H","objectType":"point"},{"data":{"x":"1.00000","y":"8.00000"},"time":1576584716206,"action":"ADD","deltaTime":4132,"objectName":"I","objectType":"point"},{"data":{"x":"4.87455","y":"10.01636"},"time":1576584725352,"action":"ADD","deltaTime":9146,"objectName":"J","objectType":"point"},{"data":{"x":"6.00000","y":"11.00000"},"time":1576584726725,"action":"ADD","deltaTime":1373,"objectName":"K","objectType":"point"},{"data":{"x":"5.00000","y":"12.00000"},"time":1576584729029,"action":"ADD","deltaTime":2304,"objectName":"L","objectType":"point"},{"data":{"x":"3.00000","y":"11.00000"},"time":1576584733169,"action":"ADD","deltaTime":4140,"objectName":"M","objectType":"point"},{"data":{"x":"2.00000","y":"10.00000"},"time":1576584734688,"action":"ADD","deltaTime":1519,"objectName":"N","objectType":"point"},{"data":{"x":"1.00000","y":"9.00000"},"time":1576584736311,"action":"ADD","deltaTime":1623,"objectName":"O","objectType":"point"},{"data":{"x":"0.00000","y":"9.00000","definitionString":"Punkt på yAkse"},"time":1576584744476,"action":"ADD","deltaTime":8165,"objectName":"P","objectType":"point"},{"data":{"x":"9.00000","y":"8.00000"},"time":1576584757516,"action":"ADD","deltaTime":13040,"objectName":"Q","objectType":"point"},{"data":{"x":"10.00000","y":"7.00000"},"time":1576584759139,"action":"ADD","deltaTime":1623,"objectName":"R","objectType":"point"},{"data":{"x":"11.00000","y":"6.00000"},"time":1576584772039,"action":"ADD","deltaTime":12900,"objectName":"S","objectType":"point"},{"data":{"x":"10.00000","y":"5.00000"},"time":1576584773445,"action":"ADD","deltaTime":1406,"objectName":"T","objectType":"point"},{"data":{"x":"8.00000","y":"4.00000"},"time":1576584774992,"action":"ADD","deltaTime":1547,"objectName":"U","objectType":"point"},{"data":{"x":"6.81455","y":"2.99636"},"time":1576584776559,"action":"ADD","deltaTime":1567,"objectName":"V","objectType":"point"},{"data":{"x":"6.00000","y":"4.00000"},"time":1576584777968,"action":"ADD","deltaTime":1409,"objectName":"W","objectType":"point"},{"data":{"x":"5.00000","y":"4.00000"},"time":1576584779286,"action":"ADD","deltaTime":1318,"objectName":"Z","objectType":"point"},{"data":{"x":"3.83455","y":"4.17636"},"time":1576584780606,"action":"ADD","deltaTime":1320,"objectName":"A_1","objectType":"point"},{"data":{"x":"6.00000","y":"3.00000"},"time":1576584782220,"action":"ADD","deltaTime":1614,"objectName":"B_1","objectType":"point"},{"data":{"x":"7.00000","y":"10.00000"},"time":1576584783526,"action":"ADD","deltaTime":1306,"objectName":"C_1","objectType":"point"},{"data":{"value":4.242640687119286,"definitionString":"Linjestykke B, E"},"time":1576584792336,"action":"ADD","deltaTime":8810,"objectName":"f","objectType":"segment"},{"data":{"x":"6.00000","y":"9.00000"},"time":1576584796158,"action":"ADD","deltaTime":3822,"objectName":"D_1","objectType":"point"},{"data":{"x":"8.00000","y":"7.00000"},"time":1576584797676,"action":"ADD","deltaTime":1518,"objectName":"E_1","objectType":"point"},{"data":{"x":"9.00000","y":"6.00000"},"time":1576584799097,"action":"ADD","deltaTime":1421,"objectName":"F_1","objectType":"point"},{"data":{"x":"9.00000","y":"5.00000"},"time":1576584800595,"action":"ADD","deltaTime":1498,"objectName":"G_1","objectType":"point"},{"data":{"x":"10.00000","y":"6.00000"},"time":1576584802141,"action":"ADD","deltaTime":1546,"objectName":"H_1","objectType":"point"},{"data":{"x":"3.00000","y":"5.00000"},"time":1576584809066,"action":"ADD","deltaTime":6925,"objectName":"I_1","objectType":"point"},{"data":{"value":3.1622776601683795,"definitionString":"Linjestykke B, A"},"time":1576584815145,"action":"ADD","deltaTime":6079,"objectName":"g","objectType":"segment"},{"data":{"value":3.1622776601683795,"definitionString":"Linjestykke D, A"},"time":1576584817736,"action":"ADD","deltaTime":2591,"objectName":"h","objectType":"segment"},{"data":{"value":1.340829889802743,"definitionString":"Linjestykke A, J"},"time":1576584822652,"action":"ADD","deltaTime":4916,"objectName":"i","objectType":"segment"},{"data":{"value":1.5164573766534537,"definitionString":"Linjestykke D_1, J"},"time":1576584825583,"action":"ADD","deltaTime":2931,"objectName":"j","objectType":"segment"},{"data":{"value":1.4142135623730951,"definitionString":"Linjestykke D, D_1"},"time":1576584827458,"action":"ADD","deltaTime":1875,"objectName":"k","objectType":"segment"},{"data":{"value":1.494720184433216,"definitionString":"Linjestykke K, J"},"time":1576584831684,"action":"ADD","deltaTime":4226,"objectName":"l","objectType":"segment"},{"data":{"value":2.8284271247461903,"definitionString":"Linjestykke K, E"},"time":1576584833736,"action":"ADD","deltaTime":2052,"objectName":"m","objectType":"segment"},{"data":{"value":1.4142135623730951,"definitionString":"Linjestykke L, K"},"time":1576584837325,"action":"ADD","deltaTime":3589,"objectName":"n","objectType":"segment"},{"data":{"value":4.378236182084722,"definitionString":"Linjestykke V, H_1"},"time":1576584845256,"action":"ADD","deltaTime":7931,"objectName":"p","objectType":"segment"},{"data":{"value":4.242640687119286,"definitionString":"Linjestykke E, S"},"time":1576584855714,"action":"ADD","deltaTime":10458,"objectName":"q","objectType":"segment"},{"data":{"value":5.151685273483322,"definitionString":"Linjestykke V, S"},"time":1576584858468,"action":"ADD","deltaTime":2754,"objectName":"r","objectType":"segment"},{"data":{"value":4.855161009663008,"definitionString":"Linjestykke V, G"},"time":1576584862250,"action":"ADD","deltaTime":3782,"objectName":"s","objectType":"segment"},{"data":{"value":2.8284271247461903,"definitionString":"Linjestykke I, G"},"time":1576584864628,"action":"ADD","deltaTime":2378,"objectName":"t","objectType":"segment"},{"data":{"value":5,"definitionString":"Linjestykke L, O"},"time":1576584867134,"action":"ADD","deltaTime":2506,"objectName":"a","objectType":"segment"},{"data":{"value":1,"definitionString":"Linjestykke I, O"},"time":1576584868654,"action":"ADD","deltaTime":1520,"objectName":"b","objectType":"segment"},{"data":{"value":1.4142135623730951,"definitionString":"Linjestykke G, H"},"time":1576584871686,"action":"ADD","deltaTime":3032,"objectName":"c","objectType":"segment"},{"data":{"value":2.8284271247461903,"definitionString":"Linjestykke H, A"},"time":1576584873161,"action":"ADD","deltaTime":1475,"objectName":"d","objectType":"segment"},{"data":{"value":5.656854249492381,"definitionString":"Linjestykke H, K"},"time":1576584880376,"action":"ADD","deltaTime":7215,"objectName":"e","objectType":"segment"},{"data":{"value":5.656854249492381,"definitionString":"Linjestykke Z, Q"},"time":1576584886557,"action":"ADD","deltaTime":6181,"objectName":"f_1","objectType":"segment"},{"data":{"x":"6.00000","y":"5.00000","definitionString":"Punkt på f_1"},"time":1576584889719,"action":"ADD","deltaTime":3162,"objectName":"J_1","objectType":"point"},{"data":{"x":"7.00000","y":"6.00000","definitionString":"Punkt på f_1"},"time":1576584891184,"action":"ADD","deltaTime":1465,"objectName":"K_1","objectType":"point"}]