[{"data":{"x":"3.00000","y":"10.00000"},"time":1576584930031,"action":"ADD","deltaTime":null,"objectName":"C","objectType":"point"},{"data":{"x":"4.00000","y":"11.00000"},"time":1576584931731,"action":"ADD","deltaTime":1700,"objectName":"D","objectType":"point"},{"data":{"x":"5.00000","y":"10.00000"},"time":1576584938504,"action":"ADD","deltaTime":6773,"objectName":"E","objectType":"point"},{"data":{"x":"6.00000","y":"9.00000"},"time":1576584939941,"action":"ADD","deltaTime":1437,"objectName":"F","objectType":"point"},{"data":{"x":"7.00000","y":"8.00000"},"time":1576584941293,"action":"ADD","deltaTime":1352,"objectName":"G","objectType":"point"},{"data":{"x":"8.00000","y":"7.00000"},"time":1576584945126,"action":"ADD","deltaTime":3833,"objectName":"H","objectType":"point"},{"data":{"x":"7.00000","y":"6.00000"},"time":1576584952650,"action":"ADD","deltaTime":7524,"objectName":"I","objectType":"point"},{"data":{"x":"6.00000","y":"5.00000"},"time":1576584954158,"action":"ADD","deltaTime":1508,"objectName":"J","objectType":"point"},{"data":{"x":"4.94255","y":"2.37436"},"time":1576584956011,"action":"ADD","deltaTime":1853,"objectName":"K","objectType":"point"},{"data":{"x":"1.00000","y":"8.00000"},"time":1576584963526,"action":"ADD","deltaTime":7515,"objectName":"L","objectType":"point"},{"data":{"x":"1.00000","y":"7.00000"},"time":1576584966087,"action":"ADD","deltaTime":2561,"objectName":"M","objectType":"point"},{"data":{"x":"2.00000","y":"7.00000"},"time":1576584968326,"action":"ADD","deltaTime":2239,"objectName":"N","objectType":"point"},{"data":{"x":"3.00000","y":"6.00000"},"time":1576584970030,"action":"ADD","deltaTime":1704,"objectName":"O","objectType":"point"},{"data":{"x":"3.86255","y":"5.09436"},"time":1576584971487,"action":"ADD","deltaTime":1457,"objectName":"P","objectType":"point"},{"data":{"x":"4.98255","y":"4.17436"},"time":1576584972733,"action":"ADD","deltaTime":1246,"objectName":"Q","objectType":"point"},{"data":{"value":2.8284271247461903,"definitionString":"Linjestykke A, B"},"time":1576585024783,"action":"ADD","deltaTime":52050,"objectName":"f","objectType":"segment"},{"data":{"value":2.8284271247461903,"definitionString":"Linjestykke F, B"},"time":1576585027962,"action":"ADD","deltaTime":3179,"objectName":"g","objectType":"segment"},{"data":{"value":2.8284271247461903,"definitionString":"Linjestykke A, D"},"time":1576585030548,"action":"ADD","deltaTime":2586,"objectName":"h","objectType":"segment"},{"data":{"value":2.8284271247461903,"definitionString":"Linjestykke D, F"},"time":1576585032205,"action":"ADD","deltaTime":1657,"objectName":"i","objectType":"segment"},{"data":{"value":4.133914947527145,"definitionString":"Linjestykke H, Q"},"time":1576585035856,"action":"ADD","deltaTime":3651,"objectName":"j","objectType":"segment"},{"data":{"value":2.8284271247461903,"definitionString":"Linjestykke O, L"},"time":1576585038068,"action":"ADD","deltaTime":2212,"objectName":"k","objectType":"segment"},{"data":{"value":2.6950759936540276,"definitionString":"Linjestykke Q, O"},"time":1576585040070,"action":"ADD","deltaTime":2002,"objectName":"l","objectType":"segment"},{"data":{"value":2.8284271247461903,"definitionString":"Linjestykke F, H"},"time":1576585041856,"action":"ADD","deltaTime":1786,"objectName":"m","objectType":"segment"}]