[{"data":{"x":"12.00000","y":"8.00000"},"time":1576581163413,"action":"ADD","deltaTime":null,"objectName":"A","objectType":"point"},{"data":{"value":6,"definitionString":"Linjestykke S, A"},"time":1576581163462,"action":"ADD","deltaTime":49,"objectName":"f","objectType":"segment"},{"data":{"x":"0.00000","y":"8.15572","definitionString":"Punkt på yAkse"},"time":1576581168645,"action":"ADD","deltaTime":5183,"objectName":"B","objectType":"point"},{"data":{"value":6.0020202787137045,"definitionString":"Linjestykke B, S"},"time":1576581169983,"action":"ADD","deltaTime":1338,"objectName":"g","objectType":"segment"},{"data":{"x":"4.91572","y":"15.27185"},"time":1576581173757,"action":"ADD","deltaTime":3774,"objectName":"C","objectType":"point"},{"data":{"x":"6.39965","y":"7.68356"},"time":1576581174196,"action":"ADD","deltaTime":439,"objectName":"D","objectType":"point"},{"data":{"value":13.000244627990922,"definitionString":"Linjestykke B, D"},"time":1576581174523,"action":"ADD","deltaTime":327,"objectName":"h","objectType":"segment"},{"data":{"x":"12.09930","y":"3.40038"},"time":1576581174729,"action":"UPDATE","deltaTime":206,"objectName":"D","objectType":"point"},{"data":{"x":"12.20048","y":"4.64824"},"time":1576581175011,"action":"ADD","deltaTime":282,"objectName":"E","objectType":"point"},{"data":{"x":"13.92050","y":"8.39180"},"time":1576581175322,"action":"ADD","deltaTime":311,"objectName":"F","objectType":"point"},{"data":{"value":4.119792864779436,"definitionString":"Linjestykke E, F"},"time":1576581175344,"action":"ADD","deltaTime":22,"objectName":"i","objectType":"segment"},{"data":{"x":"12.00000","y":"9.00000"},"time":1576581175744,"action":"ADD","deltaTime":400,"objectName":"G","objectType":"point"},{"data":{"x":"8.35574","y":"7.27885"},"time":1576581176126,"action":"ADD","deltaTime":382,"objectName":"H","objectType":"point"},{"data":{"value":4.03025732273235,"definitionString":"Linjestykke G, H"},"time":1576581176150,"action":"ADD","deltaTime":24,"objectName":"j","objectType":"segment"},{"data":{"x":"13.13289","y":"9.62108"},"time":1576581203083,"action":"ADD","deltaTime":26933,"objectName":"A","objectType":"point"},{"data":{"x":"16.19366","y":"9.84368"},"time":1576581203829,"action":"ADD","deltaTime":746,"objectName":"B","objectType":"point"},{"data":{"value":3.068845709380514,"definitionString":"Linjestykke A, B"},"time":1576581203855,"action":"ADD","deltaTime":26,"objectName":"f","objectType":"segment"},{"data":{"x":"5.87054","y":"13.51660"},"time":1576581210266,"action":"ADD","deltaTime":6411,"objectName":"A","objectType":"point"},{"data":{"x":"6.62182","y":"13.48877"},"time":1576581210716,"action":"ADD","deltaTime":450,"objectName":"B","objectType":"point"},{"data":{"x":"6.98355","y":"12.84879"},"time":1576581211112,"action":"ADD","deltaTime":396,"objectName":"C","objectType":"point"},{"data":{"x":"6.56617","y":"12.29229"},"time":1576581211784,"action":"ADD","deltaTime":672,"objectName":"D","objectType":"point"},{"data":{"x":"5.75924","y":"12.09752"},"time":1576581212093,"action":"ADD","deltaTime":309,"objectName":"E","objectType":"point"},{"data":{"x":"5.23056","y":"12.29229"},"time":1576581212352,"action":"ADD","deltaTime":259,"objectName":"F","objectType":"point"},{"data":{"x":"4.86884","y":"12.84879"},"time":1576581212574,"action":"ADD","deltaTime":222,"objectName":"G","objectType":"point"},{"data":{"x":"4.86884","y":"13.37747"},"time":1576581212804,"action":"ADD","deltaTime":230,"objectName":"H","objectType":"point"},{"data":{"x":"5.28621","y":"13.82267"},"time":1576581213024,"action":"ADD","deltaTime":220,"objectName":"I","objectType":"point"},{"data":{"x":"10.00000","y":"13.00000"},"time":1576581229747,"action":"ADD","deltaTime":16723,"objectName":"A","objectType":"point"},{"data":{"x":"11.00000","y":"13.00000"},"time":1576581232119,"action":"ADD","deltaTime":2372,"objectName":"B","objectType":"point"},{"data":{"value":1,"definitionString":"Linjestykke A, B"},"time":1576581232175,"action":"ADD","deltaTime":56,"objectName":"f","objectType":"segment"},{"data":{"x":"12.00000","y":"12.00000"},"time":1576581234343,"action":"ADD","deltaTime":2168,"objectName":"C","objectType":"point"},{"data":{"value":1.4142135623730951,"definitionString":"Linjestykke B, C"},"time":1576581234370,"action":"ADD","deltaTime":27,"objectName":"g","objectType":"segment"},{"data":{"x":"12.00000","y":"12.00000"},"time":1576581236515,"action":"UPDATE","deltaTime":2145,"objectName":"C","objectType":"point"},{"data":{"value":1.4142135623730951,"definitionString":"Linjestykke B, C"},"time":1576581236568,"action":"UPDATE","deltaTime":53,"objectName":"g","objectType":"segment"},{"data":{"x":"14.52415","y":"14.49048"},"time":1576581238433,"action":"UPDATE","deltaTime":1865,"objectName":"C","objectType":"point"},{"data":{"value":3.826375002928226,"definitionString":"Linjestykke B, C"},"time":1576581238481,"action":"UPDATE","deltaTime":48,"objectName":"g","objectType":"segment"},{"data":{"x":"12.00000","y":"8.00000"},"time":1576581282165,"action":"ADD","deltaTime":43684,"objectName":"A","objectType":"point"},{"data":{"value":6,"definitionString":"Linjestykke S, A"},"time":1576581282193,"action":"ADD","deltaTime":28,"objectName":"f","objectType":"segment"},{"data":{"x":"0.00000","y":"8.00000","definitionString":"Punkt på yAkse"},"time":1576581288758,"action":"ADD","deltaTime":6565,"objectName":"B","objectType":"point"},{"data":{"value":6,"definitionString":"Linjestykke B, S"},"time":1576581291962,"action":"ADD","deltaTime":3204,"objectName":"g","objectType":"segment"},{"data":{"x":"12.00000","y":"11.00000"},"time":1576581311795,"action":"ADD","deltaTime":19833,"objectName":"C","objectType":"point"},{"data":{"x":"12.00000","y":"5.00000"},"time":1576581314890,"action":"ADD","deltaTime":3095,"objectName":"D","objectType":"point"},{"data":{"value":6,"definitionString":"Linjestykke C, D"},"time":1576581314924,"action":"ADD","deltaTime":34,"objectName":"h","objectType":"segment"},{"data":{"x":"9.00000","y":"14.00000"},"time":1576581319278,"action":"ADD","deltaTime":4354,"objectName":"E","objectType":"point"},{"data":{"value":4.242640687119286,"definitionString":"Linjestykke C, E"},"time":1576581319304,"action":"ADD","deltaTime":26,"objectName":"i","objectType":"segment"},{"data":{"x":"3.00000","y":"14.00000"},"time":1576581331944,"action":"ADD","deltaTime":12640,"objectName":"F","objectType":"point"},{"data":{"value":6,"definitionString":"Linjestykke E, F"},"time":1576581331979,"action":"ADD","deltaTime":35,"objectName":"j","objectType":"segment"},{"data":{"x":"0.00000","y":"11.00000","definitionString":"Punkt på yAkse"},"time":1576581336463,"action":"ADD","deltaTime":4484,"objectName":"G","objectType":"point"},{"data":{"value":4.242640687119286,"definitionString":"Linjestykke F, G"},"time":1576581336498,"action":"ADD","deltaTime":35,"objectName":"k","objectType":"segment"},{"data":{"value":3,"definitionString":"Linjestykke G, B"},"time":1576581341466,"action":"ADD","deltaTime":4968,"objectName":"l","objectType":"segment"},{"data":{"x":"0.00000","y":"5.00000","definitionString":"Punkt på yAkse"},"time":1576581349052,"action":"ADD","deltaTime":7586,"objectName":"H","objectType":"point"},{"data":{"value":3,"definitionString":"Linjestykke B, H"},"time":1576581349090,"action":"ADD","deltaTime":38,"objectName":"m","objectType":"segment"},{"data":{"x":"3.00000","y":"2.00000"},"time":1576581352954,"action":"ADD","deltaTime":3864,"objectName":"I","objectType":"point"},{"data":{"value":4.242640687119286,"definitionString":"Linjestykke H, I"},"time":1576581352998,"action":"ADD","deltaTime":44,"objectName":"n","objectType":"segment"},{"data":{"x":"9.00000","y":"2.00000"},"time":1576581359455,"action":"ADD","deltaTime":6457,"objectName":"J","objectType":"point"},{"data":{"value":6,"definitionString":"Linjestykke I, J"},"time":1576581359498,"action":"ADD","deltaTime":43,"objectName":"p","objectType":"segment"},{"data":{"value":4.242640687119286,"definitionString":"Linjestykke J, D"},"time":1576581362035,"action":"ADD","deltaTime":2537,"objectName":"q","objectType":"segment"}]