[{"data":{"value":3.1622776601683795,"definitionString":"Linjestykke A, B"},"time":1576581601353,"action":"ADD","deltaTime":null,"objectName":"f","objectType":"segment"},{"data":{"value":null,"definitionString":"Midtnormal AB"},"time":1576581606439,"action":"ADD","deltaTime":5086,"objectName":"g","objectType":"line"},{"data":{"x":"7.11000","y":"8.37000","definitionString":"Punkt på g"},"time":1576581628367,"action":"ADD","deltaTime":21928,"objectName":"C","objectType":"point"},{"data":{"value":null,"definitionString":"Linje B, C"},"time":1576581628410,"action":"ADD","deltaTime":43,"objectName":"h","objectType":"line"},{"data":{"value":null,"definitionString":"Linje A, C"},"time":1576581635465,"action":"ADD","deltaTime":7055,"objectName":"i","objectType":"line"}]