[{"data":{"value":null,"definitionString":"Midtnormal AB"},"time":1576581715280,"action":"ADD","deltaTime":null,"objectName":"f","objectType":"line"},{"data":{"value":2.8284271247461903,"definitionString":"Linjestykke A, B"},"time":1576581720287,"action":"ADD","deltaTime":5007,"objectName":"g","objectType":"segment"},{"data":{"x":"4.53345","y":"8.57800"},"time":1576581746219,"action":"ADD","deltaTime":25932,"objectName":"C","objectType":"point"},{"data":{"value":null,"definitionString":"Linje B, C"},"time":1576581746266,"action":"ADD","deltaTime":47,"objectName":"h","objectType":"line"},{"data":{"x":"5.00000","y":"10.00000","definitionString":"Punkt på f"},"time":1576581775261,"action":"ADD","deltaTime":28995,"objectName":"C","objectType":"point"},{"data":{"value":null,"definitionString":"Linje B, C"},"time":1576581775298,"action":"ADD","deltaTime":37,"objectName":"h","objectType":"line"},{"data":{"value":null,"definitionString":"Linje A, C"},"time":1576581779119,"action":"ADD","deltaTime":3821,"objectName":"i","objectType":"line"},{"data":{"x":"4.60618","y":"9.34164"},"time":1576581805926,"action":"ADD","deltaTime":26807,"objectName":"C","objectType":"point"},{"data":{"value":null,"definitionString":"Linje B, C"},"time":1576581805963,"action":"ADD","deltaTime":37,"objectName":"h","objectType":"line"},{"data":{"x":"4.69859","y":"9.69859","definitionString":"Skjæring mellom f og h"},"time":1576581811337,"action":"ADD","deltaTime":5374,"objectName":"D","objectType":"point"},{"data":{"value":null,"definitionString":"Linje A, D"},"time":1576581811379,"action":"ADD","deltaTime":42,"objectName":"i","objectType":"line"},{"data":{"x":"4.63755","y":"9.63755","definitionString":"Punkt på f"},"time":1576581834228,"action":"ADD","deltaTime":22849,"objectName":"C","objectType":"point"},{"data":{"value":null,"definitionString":"Linje B, C"},"time":1576581834265,"action":"ADD","deltaTime":37,"objectName":"h","objectType":"line"},{"data":{"value":null,"definitionString":"Linje A, C"},"time":1576581838943,"action":"ADD","deltaTime":4678,"objectName":"i","objectType":"line"},{"data":{"x":"4.50118","y":"9.50118","definitionString":"Punkt på f"},"time":1576581864952,"action":"ADD","deltaTime":26009,"objectName":"C","objectType":"point"},{"data":{"value":null,"definitionString":"Linje B, C"},"time":1576581864984,"action":"ADD","deltaTime":32,"objectName":"h","objectType":"line"},{"data":{"x":"4.68300","y":"9.68300","definitionString":"Punkt på f"},"time":1576581878997,"action":"ADD","deltaTime":14013,"objectName":"C","objectType":"point"},{"data":{"value":null,"definitionString":"Linje B, C"},"time":1576581879037,"action":"ADD","deltaTime":40,"objectName":"h","objectType":"line"},{"data":{"x":"4.74664","y":"9.74664","definitionString":"Punkt på f"},"time":1576581905212,"action":"ADD","deltaTime":26175,"objectName":"C","objectType":"point"},{"data":{"value":null,"definitionString":"Linje B, C"},"time":1576581905249,"action":"ADD","deltaTime":37,"objectName":"h","objectType":"line"},{"data":{"x":"4.74664","y":"9.74664","definitionString":"Punkt på f"},"time":1576581926953,"action":"ADD","deltaTime":21704,"objectName":"C","objectType":"point"},{"data":{"value":null,"definitionString":"Linje B, C"},"time":1576581926987,"action":"ADD","deltaTime":34,"objectName":"h","objectType":"line"},{"data":{"x":"4.68300","y":"9.68300","definitionString":"Punkt på f"},"time":1576581947338,"action":"ADD","deltaTime":20351,"objectName":"C","objectType":"point"},{"data":{"value":null,"definitionString":"Linje B, C"},"time":1576581947373,"action":"ADD","deltaTime":35,"objectName":"h","objectType":"line"},{"data":{"x":"4.68300","y":"9.68300","definitionString":"Punkt på f"},"time":1576581971218,"action":"ADD","deltaTime":23845,"objectName":"C","objectType":"point"},{"data":{"value":null,"definitionString":"Linje B, C"},"time":1576581971255,"action":"ADD","deltaTime":37,"objectName":"h","objectType":"line"},{"data":{"x":"4.73755","y":"9.73755","definitionString":"Punkt på f"},"time":1576581997688,"action":"ADD","deltaTime":26433,"objectName":"C","objectType":"point"},{"data":{"value":null,"definitionString":"Linje B, C"},"time":1576581997731,"action":"ADD","deltaTime":43,"objectName":"h","objectType":"line"},{"data":{"value":null,"definitionString":"Midtnormal BC"},"time":1576582007585,"action":"ADD","deltaTime":9854,"objectName":"i","objectType":"line"},{"data":{"value":null,"definitionString":"Linje A, C"},"time":1576582021390,"action":"ADD","deltaTime":13805,"objectName":"j","objectType":"line"},{"data":{"value":null,"definitionString":"Midtnormal AC"},"time":1576582026183,"action":"ADD","deltaTime":4793,"objectName":"k","objectType":"line"}]