[{"data":{"x":"0.00000","y":"8.00000","definitionString":"Punkt på yAkse"},"time":1576581077470,"action":"ADD","deltaTime":null,"objectName":"A","objectType":"point"},{"data":{"x":"0.00000","y":"8.00000","definitionString":"Punkt på yAkse"},"time":1576581119137,"action":"ADD","deltaTime":41667,"objectName":"A","objectType":"point"},{"data":{"x":"6.00000","y":"14.00000"},"time":1576581132759,"action":"ADD","deltaTime":13622,"objectName":"B","objectType":"point"},{"data":{"x":"12.00000","y":"8.00000"},"time":1576581138143,"action":"ADD","deltaTime":5384,"objectName":"C","objectType":"point"},{"data":{"x":"6.00000","y":"2.00000"},"time":1576581149757,"action":"ADD","deltaTime":11614,"objectName":"D","objectType":"point"},{"data":{"x":"7.00000","y":"14.00000"},"time":1576581167551,"action":"ADD","deltaTime":17794,"objectName":"E","objectType":"point"},{"data":{"value":1,"definitionString":"Linjestykke B, E"},"time":1576581167584,"action":"ADD","deltaTime":33,"objectName":"f","objectType":"segment"},{"data":{"x":"7.00000","y":"13.00000"},"time":1576581170621,"action":"ADD","deltaTime":3037,"objectName":"F","objectType":"point"},{"data":{"value":1,"definitionString":"Linjestykke E, F"},"time":1576581170651,"action":"ADD","deltaTime":30,"objectName":"g","objectType":"segment"},{"data":{"x":"8.00000","y":"13.00000"},"time":1576581172668,"action":"ADD","deltaTime":2017,"objectName":"G","objectType":"point"},{"data":{"value":1,"definitionString":"Linjestykke F, G"},"time":1576581172694,"action":"ADD","deltaTime":26,"objectName":"h","objectType":"segment"},{"data":{"x":"8.00000","y":"12.00000"},"time":1576581174726,"action":"ADD","deltaTime":2032,"objectName":"H","objectType":"point"},{"data":{"value":1,"definitionString":"Linjestykke G, H"},"time":1576581174754,"action":"ADD","deltaTime":28,"objectName":"i","objectType":"segment"},{"data":{"x":"9.00000","y":"12.00000"},"time":1576581178258,"action":"ADD","deltaTime":3504,"objectName":"I","objectType":"point"},{"data":{"value":1,"definitionString":"Linjestykke H, I"},"time":1576581178284,"action":"ADD","deltaTime":26,"objectName":"j","objectType":"segment"},{"data":{"x":"9.00000","y":"11.00000"},"time":1576581182222,"action":"ADD","deltaTime":3938,"objectName":"J","objectType":"point"},{"data":{"value":1,"definitionString":"Linjestykke I, J"},"time":1576581182250,"action":"ADD","deltaTime":28,"objectName":"k","objectType":"segment"},{"data":{"x":"10.00000","y":"11.00000"},"time":1576581184369,"action":"ADD","deltaTime":2119,"objectName":"K","objectType":"point"},{"data":{"value":1,"definitionString":"Linjestykke J, K"},"time":1576581184404,"action":"ADD","deltaTime":35,"objectName":"l","objectType":"segment"},{"data":{"x":"8.00000","y":"14.00000"},"time":1576581235663,"action":"ADD","deltaTime":51259,"objectName":"E","objectType":"point"},{"data":{"value":2,"definitionString":"Linjestykke E, B"},"time":1576581237643,"action":"ADD","deltaTime":1980,"objectName":"f","objectType":"segment"},{"data":{"x":"6.00000","y":"14.00000"},"time":1576581237927,"action":"UPDATE","deltaTime":284,"objectName":"B","objectType":"point"},{"data":{"x":"8.00000","y":"14.00000"},"time":1576581240623,"action":"UPDATE","deltaTime":2696,"objectName":"E","objectType":"point"},{"data":{"value":2,"definitionString":"Linjestykke E, B"},"time":1576581240654,"action":"UPDATE","deltaTime":31,"objectName":"f","objectType":"segment"},{"data":{"x":"8.00000","y":"13.00000"},"time":1576581241826,"action":"ADD","deltaTime":1172,"objectName":"F","objectType":"point"},{"data":{"value":1,"definitionString":"Linjestykke E, F"},"time":1576581241857,"action":"ADD","deltaTime":31,"objectName":"g","objectType":"segment"},{"data":{"x":"9.00000","y":"13.00000"},"time":1576581244746,"action":"ADD","deltaTime":2889,"objectName":"G","objectType":"point"},{"data":{"value":1,"definitionString":"Linjestykke G, F"},"time":1576581246848,"action":"ADD","deltaTime":2102,"objectName":"h","objectType":"segment"},{"data":{"x":"12.00000","y":"10.00000"},"time":1576581254274,"action":"ADD","deltaTime":7426,"objectName":"H","objectType":"point"},{"data":{"value":2,"definitionString":"Linjestykke C, H"},"time":1576581254301,"action":"ADD","deltaTime":27,"objectName":"i","objectType":"segment"},{"data":{"x":"11.00000","y":"10.00000"},"time":1576581255527,"action":"ADD","deltaTime":1226,"objectName":"I","objectType":"point"},{"data":{"value":1,"definitionString":"Linjestykke I, H"},"time":1576581256526,"action":"ADD","deltaTime":999,"objectName":"j","objectType":"segment"},{"data":{"x":"11.02008","y":"10.85378"},"time":1576581260340,"action":"ADD","deltaTime":3814,"objectName":"J","objectType":"point"},{"data":{"value":0.8540134747422642,"definitionString":"Linjestykke I, J"},"time":1576581260365,"action":"ADD","deltaTime":25,"objectName":"k","objectType":"segment"},{"data":{"x":"11.00000","y":"11.00000"},"time":1576581280326,"action":"ADD","deltaTime":19961,"objectName":"J","objectType":"point"},{"data":{"value":1,"definitionString":"Linjestykke J, I"},"time":1576581283913,"action":"ADD","deltaTime":3587,"objectName":"k","objectType":"segment"},{"data":{"x":"11.00000","y":"10.00000"},"time":1576581284197,"action":"UPDATE","deltaTime":284,"objectName":"I","objectType":"point"},{"data":{"x":"10.00000","y":"12.00000"},"time":1576581287013,"action":"ADD","deltaTime":2816,"objectName":"K","objectType":"point"},{"data":{"x":"10.00000","y":"13.00000"},"time":1576581292637,"action":"ADD","deltaTime":5624,"objectName":"L","objectType":"point"},{"data":{"value":1,"definitionString":"Linjestykke K, L"},"time":1576581292662,"action":"ADD","deltaTime":25,"objectName":"l","objectType":"segment"},{"data":{"value":1,"definitionString":"Linjestykke G, L"},"time":1576581295628,"action":"ADD","deltaTime":2966,"objectName":"m","objectType":"segment"},{"data":{"x":"6.00000","y":"14.00000"},"time":1576581326676,"action":"UPDATE","deltaTime":31048,"objectName":"B","objectType":"point"},{"data":{"value":null,"definitionString":"Midtnormal BC"},"time":1576581328496,"action":"ADD","deltaTime":1820,"objectName":"f","objectType":"line"},{"data":{"x":["12.00000","12.00000","12.00000"],"y":["8.00000","8.00000","8.00000"]},"time":1576581328781,"action":"UPDATE","deltaTime":[285,65649,68418],"objectName":"C","objectType":"point"},{"data":{"x":"11.00000","y":"13.00000","definitionString":"Punkt på f"},"time":1576581524906,"action":"ADD","deltaTime":196125,"objectName":"E","objectType":"point"},{"data":{"x":"8.00000","y":"14.00000"},"time":1576581528617,"action":"ADD","deltaTime":3711,"objectName":"F","objectType":"point"},{"data":{"x":"10.00000","y":"12.00000"},"time":1576581564132,"action":"ADD","deltaTime":35515,"objectName":"E","objectType":"point"},{"data":{"value":5.656854249492381,"definitionString":"Linjestykke S, E"},"time":1576581564164,"action":"ADD","deltaTime":32,"objectName":"f","objectType":"segment"},{"data":{"x":"10.00000","y":"4.00000"},"time":1576581571333,"action":"ADD","deltaTime":7169,"objectName":"F","objectType":"point"},{"data":{"value":5.656854249492381,"definitionString":"Linjestykke S, F"},"time":1576581571363,"action":"ADD","deltaTime":30,"objectName":"g","objectType":"segment"},{"data":{"value":5.656854249492381,"definitionString":"Linjestykke F, S"},"time":1576581574685,"action":"ADD","deltaTime":3322,"objectName":"h","objectType":"segment"},{"data":{"x":"6.00000","y":"8.00000"},"time":1576581574963,"action":"UPDATE","deltaTime":278,"objectName":"S","objectType":"point"},{"data":{"x":"10.00000","y":"12.00000"},"time":1576581607238,"action":"ADD","deltaTime":32275,"objectName":"E","objectType":"point"},{"data":{"x":"10.00000","y":"4.00000"},"time":1576581627339,"action":"ADD","deltaTime":20101,"objectName":"F","objectType":"point"},{"data":{"x":"2.00000","y":"4.00000"},"time":1576581632133,"action":"ADD","deltaTime":4794,"objectName":"G","objectType":"point"},{"data":{"x":"2.00000","y":"12.00000"},"time":1576581638427,"action":"ADD","deltaTime":6294,"objectName":"H","objectType":"point"},{"data":{"x":"11.00000","y":"10.00000"},"time":1576581649721,"action":"ADD","deltaTime":11294,"objectName":"I","objectType":"point"},{"data":{"x":"11.49224","y":"9.97691"},"time":1576581661674,"action":"ADD","deltaTime":11953,"objectName":"I","objectType":"point"},{"data":{"x":"4.00000","y":"14.00000"},"time":1576581701633,"action":"ADD","deltaTime":39959,"objectName":"I","objectType":"point"},{"data":{"value":2,"definitionString":"Linjestykke B, I"},"time":1576581701666,"action":"ADD","deltaTime":33,"objectName":"f","objectType":"segment"},{"data":{"x":"4.00000","y":"13.00000"},"time":1576581704227,"action":"ADD","deltaTime":2561,"objectName":"J","objectType":"point"},{"data":{"value":1,"definitionString":"Linjestykke I, J"},"time":1576581704256,"action":"ADD","deltaTime":29,"objectName":"g","objectType":"segment"},{"data":{"x":"2.00000","y":"13.00000"},"time":1576581705540,"action":"ADD","deltaTime":1284,"objectName":"K","objectType":"point"},{"data":{"value":2,"definitionString":"Linjestykke K, J"},"time":1576581706537,"action":"ADD","deltaTime":997,"objectName":"h","objectType":"segment"},{"data":{"value":1,"definitionString":"Linjestykke K, H"},"time":1576581708653,"action":"ADD","deltaTime":2116,"objectName":"i","objectType":"segment"},{"data":{"x":"2.00000","y":"12.00000"},"time":1576581708933,"action":"UPDATE","deltaTime":280,"objectName":"H","objectType":"point"},{"data":{"x":"2.00000","y":"14.00000"},"time":1576581744777,"action":"ADD","deltaTime":35844,"objectName":"I","objectType":"point"},{"data":{"value":4,"definitionString":"Linjestykke B, I"},"time":1576581744811,"action":"ADD","deltaTime":34,"objectName":"f","objectType":"segment"},{"data":{"x":"4.00000","y":"13.00000"},"time":1576581762244,"action":"ADD","deltaTime":17433,"objectName":"I","objectType":"point"},{"data":{"x":"8.00000","y":"13.00000"},"time":1576581764589,"action":"ADD","deltaTime":2345,"objectName":"J","objectType":"point"},{"data":{"x":"3.00000","y":"12.00000"},"time":1576581787993,"action":"ADD","deltaTime":23404,"objectName":"I","objectType":"point"},{"data":{"value":1,"definitionString":"Linjestykke I, H"},"time":1576581789139,"action":"ADD","deltaTime":1146,"objectName":"f","objectType":"segment"},{"data":{"x":"2.00000","y":"12.00000"},"time":1576581789427,"action":"UPDATE","deltaTime":288,"objectName":"H","objectType":"point"},{"data":{"x":"3.00000","y":"13.00000"},"time":1576581790580,"action":"ADD","deltaTime":1153,"objectName":"J","objectType":"point"},{"data":{"value":1,"definitionString":"Linjestykke I, J"},"time":1576581790609,"action":"ADD","deltaTime":29,"objectName":"g","objectType":"segment"},{"data":{"x":"4.00000","y":"13.00000"},"time":1576581792284,"action":"ADD","deltaTime":1675,"objectName":"K","objectType":"point"},{"data":{"value":1,"definitionString":"Linjestykke J, K"},"time":1576581792310,"action":"ADD","deltaTime":26,"objectName":"h","objectType":"segment"},{"data":{"x":"2.00000","y":"13.00000"},"time":1576581803535,"action":"ADD","deltaTime":11225,"objectName":"I","objectType":"point"},{"data":{"value":1,"definitionString":"Linjestykke H, I"},"time":1576581803563,"action":"ADD","deltaTime":28,"objectName":"f","objectType":"segment"},{"data":{"x":"4.00000","y":"13.00000"},"time":1576581805451,"action":"ADD","deltaTime":1888,"objectName":"J","objectType":"point"},{"data":{"value":2,"definitionString":"Linjestykke I, J"},"time":1576581805475,"action":"ADD","deltaTime":24,"objectName":"g","objectType":"segment"},{"data":{"x":"4.00000","y":"14.00000"},"time":1576581808170,"action":"ADD","deltaTime":2695,"objectName":"K","objectType":"point"},{"data":{"value":1,"definitionString":"Linjestykke J, K"},"time":1576581808195,"action":"ADD","deltaTime":25,"objectName":"h","objectType":"segment"},{"data":{"value":2,"definitionString":"Linjestykke K, B"},"time":1576581810927,"action":"ADD","deltaTime":2732,"objectName":"i","objectType":"segment"},{"data":{"x":"6.00000","y":"14.00000"},"time":1576581811206,"action":"UPDATE","deltaTime":279,"objectName":"B","objectType":"point"},{"data":{"x":"8.00000","y":"14.00000"},"time":1576581830466,"action":"ADD","deltaTime":19260,"objectName":"L","objectType":"point"},{"data":{"value":2,"definitionString":"Linjestykke B, L"},"time":1576581830498,"action":"ADD","deltaTime":32,"objectName":"j","objectType":"segment"},{"data":{"x":"8.00000","y":"13.00000"},"time":1576581831479,"action":"ADD","deltaTime":981,"objectName":"M","objectType":"point"},{"data":{"value":1,"definitionString":"Linjestykke M, L"},"time":1576581832347,"action":"ADD","deltaTime":868,"objectName":"k","objectType":"segment"},{"data":{"x":"10.00000","y":"13.00000"},"time":1576581834077,"action":"ADD","deltaTime":1730,"objectName":"N","objectType":"point"},{"data":{"value":2,"definitionString":"Linjestykke M, N"},"time":1576581834107,"action":"ADD","deltaTime":30,"objectName":"l","objectType":"segment"},{"data":{"value":1,"definitionString":"Linjestykke N, E"},"time":1576581835445,"action":"ADD","deltaTime":1338,"objectName":"m","objectType":"segment"},{"data":{"x":"10.00000","y":"12.00000"},"time":1576581835724,"action":"UPDATE","deltaTime":279,"objectName":"E","objectType":"point"},{"data":{"x":"11.00000","y":"12.00000"},"time":1576581838302,"action":"ADD","deltaTime":2578,"objectName":"O","objectType":"point"},{"data":{"value":1,"definitionString":"Linjestykke E, O"},"time":1576581838331,"action":"ADD","deltaTime":29,"objectName":"n","objectType":"segment"},{"data":{"x":"11.00000","y":"10.00000"},"time":1576581840116,"action":"ADD","deltaTime":1785,"objectName":"P","objectType":"point"},{"data":{"value":2,"definitionString":"Linjestykke P, O"},"time":1576581841132,"action":"ADD","deltaTime":1016,"objectName":"p","objectType":"segment"},{"data":{"x":"12.00000","y":"10.00000"},"time":1576581844809,"action":"ADD","deltaTime":3677,"objectName":"Q","objectType":"point"},{"data":{"value":1,"definitionString":"Linjestykke P, Q"},"time":1576581844837,"action":"ADD","deltaTime":28,"objectName":"q","objectType":"segment"},{"data":{"value":2,"definitionString":"Linjestykke Q, C"},"time":1576581847873,"action":"ADD","deltaTime":3036,"objectName":"r","objectType":"segment"},{"data":{"x":"12.00000","y":"8.00000"},"time":1576581848162,"action":"UPDATE","deltaTime":289,"objectName":"C","objectType":"point"},{"data":{"x":"12.00000","y":"6.00000"},"time":1576581850195,"action":"ADD","deltaTime":2033,"objectName":"R","objectType":"point"},{"data":{"value":2,"definitionString":"Linjestykke C, R"},"time":1576581850222,"action":"ADD","deltaTime":27,"objectName":"s","objectType":"segment"},{"data":{"x":"11.00000","y":"6.00000"},"time":1576581854084,"action":"ADD","deltaTime":3862,"objectName":"T","objectType":"point"},{"data":{"value":1,"definitionString":"Linjestykke R, T"},"time":1576581854116,"action":"ADD","deltaTime":32,"objectName":"t","objectType":"segment"},{"data":{"x":"11.00000","y":"4.00000"},"time":1576581857002,"action":"ADD","deltaTime":2886,"objectName":"U","objectType":"point"},{"data":{"value":2,"definitionString":"Linjestykke T, U"},"time":1576581857030,"action":"ADD","deltaTime":28,"objectName":"a","objectType":"segment"},{"data":{"x":"10.00000","y":"3.00000"},"time":1576581860552,"action":"ADD","deltaTime":3522,"objectName":"V","objectType":"point"},{"data":{"value":1,"definitionString":"Linjestykke F, V"},"time":1576581860580,"action":"ADD","deltaTime":28,"objectName":"b","objectType":"segment"},{"data":{"x":"8.00000","y":"3.00000"},"time":1576581864877,"action":"ADD","deltaTime":4297,"objectName":"W","objectType":"point"},{"data":{"value":2,"definitionString":"Linjestykke W, V"},"time":1576581868305,"action":"ADD","deltaTime":3428,"objectName":"c","objectType":"segment"},{"data":{"x":"8.00000","y":"2.00000"},"time":1576581870688,"action":"ADD","deltaTime":2383,"objectName":"Z","objectType":"point"},{"data":{"value":1,"definitionString":"Linjestykke W, Z"},"time":1576581870715,"action":"ADD","deltaTime":27,"objectName":"d","objectType":"segment"},{"data":{"value":2,"definitionString":"Linjestykke Z, D"},"time":1576581872606,"action":"ADD","deltaTime":1891,"objectName":"e","objectType":"segment"},{"data":{"x":"6.00000","y":"2.00000"},"time":1576581872886,"action":"UPDATE","deltaTime":280,"objectName":"D","objectType":"point"},{"data":{"x":"4.00000","y":"2.00000"},"time":1576581877042,"action":"ADD","deltaTime":4156,"objectName":"A_1","objectType":"point"},{"data":{"value":2,"definitionString":"Linjestykke A_1, D"},"time":1576581879667,"action":"ADD","deltaTime":2625,"objectName":"f_1","objectType":"segment"},{"data":{"x":"6.00000","y":"2.00000"},"time":1576581879948,"action":"UPDATE","deltaTime":281,"objectName":"D","objectType":"point"},{"data":{"x":"4.00000","y":"3.00000"},"time":1576581886205,"action":"ADD","deltaTime":6257,"objectName":"B_1","objectType":"point"},{"data":{"value":1,"definitionString":"Linjestykke A_1, B_1"},"time":1576581886233,"action":"ADD","deltaTime":28,"objectName":"g_1","objectType":"segment"},{"data":{"x":"2.00000","y":"3.00000"},"time":1576581895429,"action":"ADD","deltaTime":9196,"objectName":"C_1","objectType":"point"},{"data":{"value":2,"definitionString":"Linjestykke B_1, C_1"},"time":1576581895457,"action":"ADD","deltaTime":28,"objectName":"h_1","objectType":"segment"},{"data":{"value":1,"definitionString":"Linjestykke G, C_1"},"time":1576581899478,"action":"ADD","deltaTime":4021,"objectName":"i_1","objectType":"segment"},{"data":{"x":"1.00000","y":"4.00000"},"time":1576581908370,"action":"ADD","deltaTime":8892,"objectName":"D_1","objectType":"point"},{"data":{"value":1,"definitionString":"Linjestykke G, D_1"},"time":1576581908397,"action":"ADD","deltaTime":27,"objectName":"j_1","objectType":"segment"},{"data":{"x":"1.00000","y":"6.00000"},"time":1576581914018,"action":"ADD","deltaTime":5621,"objectName":"E_1","objectType":"point"},{"data":{"value":2,"definitionString":"Linjestykke D_1, E_1"},"time":1576581914069,"action":"ADD","deltaTime":51,"objectName":"k_1","objectType":"segment"},{"data":{"x":"0.00000","y":"6.00000","definitionString":"Punkt på yAkse"},"time":1576581917556,"action":"ADD","deltaTime":3487,"objectName":"F_1","objectType":"point"},{"data":{"value":1,"definitionString":"Linjestykke E_1, F_1"},"time":1576581917583,"action":"ADD","deltaTime":27,"objectName":"l_1","objectType":"segment"},{"data":{"value":2,"definitionString":"Linjestykke F_1, A"},"time":1576581920310,"action":"ADD","deltaTime":2727,"objectName":"m_1","objectType":"segment"},{"data":{"x":"0.00000","y":"10.00000","definitionString":"Punkt på yAkse"},"time":1576581922887,"action":"ADD","deltaTime":2577,"objectName":"G_1","objectType":"point"},{"data":{"value":2,"definitionString":"Linjestykke A, G_1"},"time":1576581922917,"action":"ADD","deltaTime":30,"objectName":"n_1","objectType":"segment"},{"data":{"x":"1.00000","y":"10.00000"},"time":1576581930838,"action":"ADD","deltaTime":7921,"objectName":"H_1","objectType":"point"},{"data":{"value":1,"definitionString":"Linjestykke G_1, H_1"},"time":1576581930868,"action":"ADD","deltaTime":30,"objectName":"p_1","objectType":"segment"},{"data":{"x":"1.00000","y":"12.00000"},"time":1576581933727,"action":"ADD","deltaTime":2859,"objectName":"I_1","objectType":"point"},{"data":{"value":2,"definitionString":"Linjestykke H_1, I_1"},"time":1576581933755,"action":"ADD","deltaTime":28,"objectName":"q_1","objectType":"segment"},{"data":{"value":1,"definitionString":"Linjestykke I_1, H"},"time":1576581935665,"action":"ADD","deltaTime":1910,"objectName":"r_1","objectType":"segment"},{"data":{"x":"2.00000","y":"12.00000"},"time":1576581935951,"action":"UPDATE","deltaTime":286,"objectName":"H","objectType":"point"}]