[{"data":{"x":"-0.30545","y":"11.99636"},"time":1576582158860,"action":"ADD","deltaTime":null,"objectName":"C","objectType":"point"},{"data":{"value":null,"definitionString":"Midtnormal AB"},"time":1576582191558,"action":"ADD","deltaTime":32698,"objectName":"f","objectType":"line"},{"data":{"x":"4.00000","y":"8.00000"},"time":1576582224408,"action":"ADD","deltaTime":32850,"objectName":"D","objectType":"point"},{"data":{"value":1,"definitionString":"Linjestykke A, D"},"time":1576582224450,"action":"ADD","deltaTime":42,"objectName":"f","objectType":"segment"},{"data":{"x":"5.00000","y":"8.00000"},"time":1576582226514,"action":"ADD","deltaTime":2064,"objectName":"E","objectType":"point"},{"data":{"value":1,"definitionString":"Linjestykke D, E"},"time":1576582226555,"action":"ADD","deltaTime":41,"objectName":"g","objectType":"segment"},{"data":{"value":2,"definitionString":"Linjestykke E, B"},"time":1576582228146,"action":"ADD","deltaTime":1591,"objectName":"h","objectType":"segment"},{"data":{"x":"6.00000","y":"9.00000"},"time":1576582250934,"action":"ADD","deltaTime":22788,"objectName":"F","objectType":"point"},{"data":{"value":2,"definitionString":"Linjestykke A, F"},"time":1576582250972,"action":"ADD","deltaTime":38,"objectName":"i","objectType":"segment"},{"data":{"x":"6.00000","y":"8.00000"},"time":1576582254866,"action":"ADD","deltaTime":3894,"objectName":"G","objectType":"point"},{"data":{"value":1,"definitionString":"Linjestykke F, G"},"time":1576582254907,"action":"ADD","deltaTime":41,"objectName":"j","objectType":"segment"},{"data":{"x":"7.00000","y":"8.00000"},"time":1576582258799,"action":"ADD","deltaTime":3892,"objectName":"H","objectType":"point"},{"data":{"value":1,"definitionString":"Linjestykke G, H"},"time":1576582258843,"action":"ADD","deltaTime":44,"objectName":"k","objectType":"segment"},{"data":{"x":"6.00000","y":"6.00000"},"time":1576582260862,"action":"ADD","deltaTime":2019,"objectName":"I","objectType":"point"},{"data":{"value":1,"definitionString":"Linjestykke B, I"},"time":1576582260900,"action":"ADD","deltaTime":38,"objectName":"l","objectType":"segment"},{"data":{"x":"6.00000","y":"7.00000"},"time":1576582266355,"action":"ADD","deltaTime":5455,"objectName":"J","objectType":"point"},{"data":{"value":1,"definitionString":"Linjestykke I, J"},"time":1576582266407,"action":"ADD","deltaTime":52,"objectName":"m","objectType":"segment"},{"data":{"x":"7.00000","y":"7.00000"},"time":1576582268286,"action":"ADD","deltaTime":1879,"objectName":"K","objectType":"point"},{"data":{"value":1,"definitionString":"Linjestykke J, K"},"time":1576582268325,"action":"ADD","deltaTime":39,"objectName":"n","objectType":"segment"},{"data":{"value":1,"definitionString":"Linjestykke K, H"},"time":1576582272915,"action":"ADD","deltaTime":4590,"objectName":"p","objectType":"segment"},{"data":{"value":null,"definitionString":"Midtnormal AI"},"time":1576582313667,"action":"ADD","deltaTime":40752,"objectName":"q","objectType":"line"},{"data":{"x":"6.00000","y":"6.00000"},"time":1576582313990,"action":"UPDATE","deltaTime":323,"objectName":"I","objectType":"point"},{"data":{"value":null,"definitionString":"Midtnormal AB"},"time":1576582322907,"action":"ADD","deltaTime":8917,"objectName":"q","objectType":"line"},{"data":{"x":"7.00000","y":"8.00000"},"time":1576582361594,"action":"ADD","deltaTime":38687,"objectName":"D","objectType":"point"},{"data":{"x":"4.00000","y":"8.00000"},"time":1576582385321,"action":"ADD","deltaTime":23727,"objectName":"E","objectType":"point"},{"data":{"value":1,"definitionString":"Linjestykke A, E"},"time":1576582385363,"action":"ADD","deltaTime":42,"objectName":"f","objectType":"segment"},{"data":{"x":"5.00000","y":"8.00000"},"time":1576582387520,"action":"ADD","deltaTime":2157,"objectName":"F","objectType":"point"},{"data":{"value":1,"definitionString":"Linjestykke E, F"},"time":1576582387557,"action":"ADD","deltaTime":37,"objectName":"g","objectType":"segment"},{"data":{"value":2,"definitionString":"Linjestykke F, B"},"time":1576582389350,"action":"ADD","deltaTime":1793,"objectName":"h","objectType":"segment"},{"data":{"x":"6.00000","y":"6.00000"},"time":1576582394215,"action":"ADD","deltaTime":4865,"objectName":"G","objectType":"point"},{"data":{"value":1,"definitionString":"Linjestykke B, G"},"time":1576582394251,"action":"ADD","deltaTime":36,"objectName":"i","objectType":"segment"},{"data":{"x":"6.00000","y":"8.00000"},"time":1576582397948,"action":"ADD","deltaTime":3697,"objectName":"H","objectType":"point"},{"data":{"value":2,"definitionString":"Linjestykke G, H"},"time":1576582397983,"action":"ADD","deltaTime":35,"objectName":"j","objectType":"segment"},{"data":{"value":3.1622776601683795,"definitionString":"Linjestykke A, B"},"time":1576582426961,"action":"ADD","deltaTime":28978,"objectName":"f","objectType":"segment"},{"data":{"value":2.8284271247461903,"definitionString":"Linjestykke B, D"},"time":1576582429001,"action":"ADD","deltaTime":2040,"objectName":"g","objectType":"segment"},{"data":{"x":"7.00000","y":"8.00000"},"time":1576582429297,"action":"UPDATE","deltaTime":296,"objectName":"D","objectType":"point"},{"data":{"value":3.1622776601683795,"definitionString":"Linjestykke D, A"},"time":1576582434072,"action":"ADD","deltaTime":4775,"objectName":"h","objectType":"segment"}]