[{"data":{"value":null,"definitionString":"Midtnormal AB"},"time":1576582661348,"action":"ADD","deltaTime":null,"objectName":"f","objectType":"line"},{"data":{"x":"5.00000","y":"10.00000","definitionString":"Punkt på f"},"time":1576582729393,"action":"ADD","deltaTime":68045,"objectName":"C","objectType":"point"},{"data":{"x":"1.46845","y":"6.46845","definitionString":"Punkt på f"},"time":1576582783038,"action":"ADD","deltaTime":53645,"objectName":"D","objectType":"point"},{"data":{"x":"1.00000","y":"6.00000","definitionString":"Punkt på f"},"time":1576582798269,"action":"ADD","deltaTime":15231,"objectName":"D","objectType":"point"},{"data":{"x":"6.00000","y":"11.00000","definitionString":"Punkt på f"},"time":1576582812586,"action":"ADD","deltaTime":14317,"objectName":"E","objectType":"point"}]