[{"data":{"x":"12.00000","y":"8.00000"},"time":1576581233664,"action":"ADD","deltaTime":null,"objectName":"A","objectType":"point"},{"data":{"x":"0.00000","y":"8.00000","definitionString":"Punkt på yAkse"},"time":1576581238190,"action":"ADD","deltaTime":4526,"objectName":"B","objectType":"point"},{"data":{"x":"6.00000","y":"14.00000"},"time":1576581248527,"action":"ADD","deltaTime":10337,"objectName":"C","objectType":"point"},{"data":{"x":"6.00000","y":"2.00000"},"time":1576581257395,"action":"ADD","deltaTime":8868,"objectName":"D","objectType":"point"},{"data":{"x":"12.00000","y":"2.00000"},"time":1576581266754,"action":"ADD","deltaTime":9359,"objectName":"E","objectType":"point"},{"data":{"x":"9.00000","y":"11.00000"},"time":1576581404301,"action":"ADD","deltaTime":137547,"objectName":"E","objectType":"point"},{"data":{"x":"9.00000","y":"5.00000"},"time":1576581411598,"action":"ADD","deltaTime":7297,"objectName":"F","objectType":"point"},{"data":{"x":"3.00000","y":"5.00000"},"time":1576581417769,"action":"ADD","deltaTime":6171,"objectName":"G","objectType":"point"},{"data":{"x":"3.00000","y":"11.00000"},"time":1576581423530,"action":"ADD","deltaTime":5761,"objectName":"H","objectType":"point"},{"data":{"x":"4.00000","y":"12.00000"},"time":1576581434184,"action":"ADD","deltaTime":10654,"objectName":"I","objectType":"point"},{"data":{"x":"8.00000","y":"12.00000"},"time":1576581440634,"action":"ADD","deltaTime":6450,"objectName":"J","objectType":"point"},{"data":{"x":"10.00000","y":"6.00000"},"time":1576581448151,"action":"ADD","deltaTime":7517,"objectName":"K","objectType":"point"},{"data":{"x":"2.00000","y":"6.00000"},"time":1576581455532,"action":"ADD","deltaTime":7381,"objectName":"L","objectType":"point"}]