[{"data":{"x":"7.00000","y":"8.00000"},"time":1576581686229,"action":"ADD","deltaTime":null,"objectName":"C","objectType":"point"},{"data":{"value":3.1622776601683795,"definitionString":"Linjestykke A, B"},"time":1576581745640,"action":"ADD","deltaTime":59411,"objectName":"f","objectType":"segment"},{"data":{"value":2.8284271247461903,"definitionString":"Linjestykke C, B"},"time":1576581749113,"action":"ADD","deltaTime":3473,"objectName":"g","objectType":"segment"},{"data":{"value":3.1622776601683795,"definitionString":"Linjestykke A, C"},"time":1576581753552,"action":"ADD","deltaTime":4439,"objectName":"h","objectType":"segment"}]