[{"data":{"x":"4.02267","y":"7.16418"},"time":1576581884847,"action":"ADD","deltaTime":null,"objectName":"D","objectType":"point"},{"data":{"value":null,"definitionString":"Midtnormal AB"},"time":1576581975880,"action":"ADD","deltaTime":91033,"objectName":"f","objectType":"line"},{"data":{"x":"4.02267","y":"7.11720"},"time":1576582127986,"action":"ADD","deltaTime":152106,"objectName":"D","objectType":"point"},{"data":{"x":"14.00000","y":"10.00000"},"time":1576582140630,"action":"ADD","deltaTime":12644,"objectName":"E","objectType":"point"},{"data":{"value":null,"definitionString":"Linje D, E"},"time":1576582140662,"action":"ADD","deltaTime":32,"objectName":"f","objectType":"line"},{"data":{"value":null,"definitionString":"Midtnormal AB"},"time":1576582155125,"action":"ADD","deltaTime":14463,"objectName":"g","objectType":"line"},{"data":{"x":"4.00000","y":"7.00000"},"time":1576582240870,"action":"ADD","deltaTime":85745,"objectName":"D","objectType":"point"},{"data":{"x":"3.00000","y":"7.00000"},"time":1576582247614,"action":"ADD","deltaTime":6744,"objectName":"E","objectType":"point"},{"data":{"x":"2.00000","y":"7.00000"},"time":1576582254148,"action":"ADD","deltaTime":6534,"objectName":"F","objectType":"point"},{"data":{"x":"5.00000","y":"8.00000"},"time":1576582256993,"action":"ADD","deltaTime":2845,"objectName":"G","objectType":"point"},{"data":{"x":"6.00000","y":"8.00000"},"time":1576582260563,"action":"ADD","deltaTime":3570,"objectName":"H","objectType":"point"},{"data":{"x":"8.00000","y":"8.00000"},"time":1576582269665,"action":"ADD","deltaTime":9102,"objectName":"I","objectType":"point"},{"data":{"x":"9.00000","y":"8.00000"},"time":1576582271377,"action":"ADD","deltaTime":1712,"objectName":"J","objectType":"point"},{"data":{"x":"1.00000","y":"7.00000"},"time":1576582273501,"action":"ADD","deltaTime":2124,"objectName":"K","objectType":"point"},{"data":{"x":"10.00000","y":"8.00000"},"time":1576582275233,"action":"ADD","deltaTime":1732,"objectName":"L","objectType":"point"},{"data":{"value":3,"definitionString":"Linjestykke K, D"},"time":1576582285062,"action":"ADD","deltaTime":9829,"objectName":"f","objectType":"segment"},{"data":{"value":1.4142135623730951,"definitionString":"Linjestykke D, G"},"time":1576582287146,"action":"ADD","deltaTime":2084,"objectName":"g","objectType":"segment"},{"data":{"value":5,"definitionString":"Linjestykke G, L"},"time":1576582289935,"action":"ADD","deltaTime":2789,"objectName":"h","objectType":"segment"}]