[{"data":{"x":"2.00000","y":"7.00000"},"time":1576582380596,"action":"ADD","deltaTime":null,"objectName":"C","objectType":"point"},{"data":{"x":"1.00000","y":"6.00000"},"time":1576582401108,"action":"ADD","deltaTime":20512,"objectName":"D","objectType":"point"},{"data":{"value":3.1622776601683795,"definitionString":"Linjestykke A, D"},"time":1576582417450,"action":"ADD","deltaTime":16342,"objectName":"f","objectType":"segment"},{"data":{"value":3.1622776601683795,"definitionString":"Linjestykke B, D"},"time":1576582420293,"action":"ADD","deltaTime":2843,"objectName":"g","objectType":"segment"},{"data":{"value":2.8284271247461903,"definitionString":"Linjestykke A, B"},"time":1576582423612,"action":"ADD","deltaTime":3319,"objectName":"h","objectType":"segment"},{"data":{"value":1.4142135623730951,"definitionString":"Linjestykke D, C"},"time":1576582444354,"action":"ADD","deltaTime":20742,"objectName":"i","objectType":"segment"},{"data":{"x":"3.00000","y":"8.00000","definitionString":"Punkt på h"},"time":1576582450168,"action":"ADD","deltaTime":5814,"objectName":"E","objectType":"point"},{"data":{"value":1.4142135623730951,"definitionString":"Linjestykke C, E"},"time":1576582455724,"action":"ADD","deltaTime":5556,"objectName":"j","objectType":"segment"}]