[{"data":{"x":"6.00000","y":"7.00000"},"time":1576581432966,"action":"ADD","deltaTime":null,"objectName":"C","objectType":"point"},{"data":{"x":"6.00000","y":"8.00000"},"time":1576581436788,"action":"ADD","deltaTime":3822,"objectName":"D","objectType":"point"},{"data":{"x":"6.00000","y":"6.00000"},"time":1576581449571,"action":"ADD","deltaTime":12783,"objectName":"E","objectType":"point"},{"data":{"x":"6.00000","y":"9.00000"},"time":1576581478484,"action":"ADD","deltaTime":28913,"objectName":"F","objectType":"point"},{"data":{"x":"6.00000","y":"10.00000"},"time":1576581481379,"action":"ADD","deltaTime":2895,"objectName":"G","objectType":"point"},{"data":{"x":"6.00000","y":"11.00000"},"time":1576581485564,"action":"ADD","deltaTime":4185,"objectName":"H","objectType":"point"},{"data":{"value":null,"definitionString":"Linje H, E"},"time":1576581504836,"action":"ADD","deltaTime":19272,"objectName":"f","objectType":"line"},{"data":{"value":5,"definitionString":"Linjestykke H, E"},"time":1576581540198,"action":"ADD","deltaTime":35362,"objectName":"f","objectType":"segment"},{"data":{"value":4,"definitionString":"Linjestykke A, B"},"time":1576581582527,"action":"ADD","deltaTime":42329,"objectName":"f","objectType":"segment"},{"data":{"value":2,"definitionString":"Linjestykke B, C"},"time":1576581586336,"action":"ADD","deltaTime":3809,"objectName":"g","objectType":"segment"},{"data":{"x":"6.00000","y":"7.00000"},"time":1576581586621,"action":"UPDATE","deltaTime":285,"objectName":"C","objectType":"point"},{"data":{"value":4,"definitionString":"Linjestykke C, H"},"time":1576581589278,"action":"ADD","deltaTime":2657,"objectName":"h","objectType":"segment"},{"data":{"x":"6.00000","y":"11.00000"},"time":1576581589557,"action":"UPDATE","deltaTime":279,"objectName":"H","objectType":"point"},{"data":{"x":"6.00000","y":"5.00000"},"time":1576581611486,"action":"ADD","deltaTime":21929,"objectName":"I","objectType":"point"},{"data":{"value":2,"definitionString":"Linjestykke C, I"},"time":1576581611517,"action":"ADD","deltaTime":31,"objectName":"i","objectType":"segment"},{"data":{"x":"6.00000","y":"4.00000"},"time":1576581617367,"action":"ADD","deltaTime":5850,"objectName":"J","objectType":"point"},{"data":{"value":1,"definitionString":"Linjestykke I, J"},"time":1576581617394,"action":"ADD","deltaTime":27,"objectName":"j","objectType":"segment"},{"data":{"value":null,"definitionString":"Linje H, B"},"time":1576581660481,"action":"ADD","deltaTime":43087,"objectName":"i","objectType":"line"},{"data":{"x":"6.00000","y":"11.00000"},"time":1576581669430,"action":"UPDATE","deltaTime":8949,"objectName":"H","objectType":"point"},{"data":{"value":null,"definitionString":"Linje B, H"},"time":1576581669630,"action":"ADD","deltaTime":200,"objectName":"j","objectType":"line"},{"data":{"x":"6.00000","y":"11.00000"},"time":1576581669721,"action":"UPDATE","deltaTime":91,"objectName":"H","objectType":"point"},{"data":{"value":null,"definitionString":"Linje H, B"},"time":1576581669739,"action":"UPDATE","deltaTime":18,"objectName":"i","objectType":"line"},{"data":{"x":"6.24000","y":"11.46000"},"time":1576581675781,"action":"ADD","deltaTime":6042,"objectName":"I","objectType":"point"},{"data":{"value":null,"definitionString":"Linje H, I"},"time":1576581675815,"action":"ADD","deltaTime":34,"objectName":"k","objectType":"line"},{"data":{"value":null,"definitionString":"Linje A, H"},"time":1576581686070,"action":"ADD","deltaTime":10255,"objectName":"k","objectType":"line"},{"data":{"value":null,"definitionString":"Linje H, B"},"time":1576581689562,"action":"ADD","deltaTime":3492,"objectName":"l","objectType":"line"}]