[{"data":{"value":3.1622776601683795,"definitionString":"Linjestykke A, B"},"time":1576581732914,"action":"ADD","deltaTime":null,"objectName":"f","objectType":"segment"},{"data":{"value":3.1622776601683795,"definitionString":"Linjestykke B, A"},"time":1576581743833,"action":"ADD","deltaTime":10919,"objectName":"g","objectType":"segment"},{"data":{"value":null,"definitionString":"Midtnormal f"},"time":1576581747787,"action":"ADD","deltaTime":3954,"objectName":"h","objectType":"line"},{"data":{"x":"5.50000","y":"7.50000","definitionString":"Skjæring mellom h og f"},"time":1576581753541,"action":"ADD","deltaTime":5754,"objectName":"C","objectType":"point"}]