[{"data":{"value":4.242640687119286,"definitionString":"Linjestykke A, B"},"time":1576581768653,"action":"ADD","deltaTime":null,"objectName":"f","objectType":"segment"},{"data":{"value":4.242640687119286,"definitionString":"Linjestykke B, A"},"time":1576581774265,"action":"ADD","deltaTime":5612,"objectName":"g","objectType":"segment"},{"data":{"x":"3.80455","y":"8.19545","definitionString":"Punkt på f"},"time":1576581783369,"action":"ADD","deltaTime":9104,"objectName":"C","objectType":"point"},{"data":{"value":0,"definitionString":"Linjestykke A, C"},"time":1576581783540,"action":"ADD","deltaTime":171,"objectName":"h","objectType":"segment"},{"data":{"x":"2.66727","y":"10.45818"},"time":1576581783569,"action":"ADD","deltaTime":29,"objectName":"D","objectType":"point"},{"data":{"value":1.4956609418222375,"definitionString":"Linjestykke A, D"},"time":1576581783598,"action":"ADD","deltaTime":29,"objectName":"i","objectType":"segment"},{"data":{"x":"3.00000","y":"9.00000","definitionString":"Punkt på f"},"time":1576581783781,"action":"UPDATE","deltaTime":183,"objectName":"C","objectType":"point"},{"data":{"value":null,"definitionString":"Midtnormal BC"},"time":1576581798191,"action":"ADD","deltaTime":14410,"objectName":"i","objectType":"line"},{"data":{"x":"4.50000","y":"7.50000","definitionString":"Skjæring mellom i og f"},"time":1576581803014,"action":"ADD","deltaTime":4823,"objectName":"D","objectType":"point"}]