[{"data":{"value":null,"definitionString":"Linje A, B"},"time":1576581877297,"action":"ADD","deltaTime":null,"objectName":"f","objectType":"line"},{"data":{"value":null,"definitionString":"Midtnormal BA"},"time":1576581957281,"action":"ADD","deltaTime":79984,"objectName":"g","objectType":"line"},{"data":{"x":"4.50000","y":"7.50000","definitionString":"Skjæring mellom f og g"},"time":1576581965586,"action":"ADD","deltaTime":8305,"objectName":"C","objectType":"point"},{"data":{"x":"7.61455","y":"9.03636"},"time":1576581977058,"action":"ADD","deltaTime":11472,"objectName":"D","objectType":"point"},{"data":{"value":null,"definitionString":"Linje A, D"},"time":1576581977086,"action":"ADD","deltaTime":28,"objectName":"h","objectType":"line"},{"data":{"x":"9.15560","y":"9.05187","definitionString":"Skjæring mellom g og h"},"time":1576581978691,"action":"ADD","deltaTime":1605,"objectName":"E","objectType":"point"},{"data":{"value":null,"definitionString":"Linje E, B"},"time":1576581981618,"action":"ADD","deltaTime":2927,"objectName":"i","objectType":"line"},{"data":{"x":"12.00000","y":"10.00000","definitionString":"Punkt på g"},"time":1576581994737,"action":"ADD","deltaTime":13119,"objectName":"F","objectType":"point"},{"data":{"x":"13.51939","y":"12.88839"},"time":1576581995823,"action":"ADD","deltaTime":1086,"objectName":"G","objectType":"point"},{"data":{"value":null,"definitionString":"Linje F, G"},"time":1576581995853,"action":"ADD","deltaTime":30,"objectName":"j","objectType":"line"},{"data":{"x":"14.82741","y":"10.94247","definitionString":"Punkt på g"},"time":1576582004710,"action":"ADD","deltaTime":8857,"objectName":"F","objectType":"point"},{"data":{"x":"14.35734","y":"10.20908"},"time":1576582005338,"action":"ADD","deltaTime":628,"objectName":"G","objectType":"point"},{"data":{"value":null,"definitionString":"Linje F, G"},"time":1576582005368,"action":"ADD","deltaTime":30,"objectName":"j","objectType":"line"}]