[{"data":{"x":"6.05635","y":"7.05635","definitionString":"Punkt på k"},"time":1576582177150,"action":"ADD","deltaTime":null,"objectName":"D","objectType":"point"},{"data":{"value":null,"definitionString":"Linje A, D"},"time":1576582177205,"action":"ADD","deltaTime":55,"objectName":"f","objectType":"line"},{"data":{"x":"16.65812","y":"14.72666"},"time":1576582180921,"action":"ADD","deltaTime":3716,"objectName":"E","objectType":"point"},{"data":{"x":"20.00000","y":"14.00000"},"time":1576582181638,"action":"ADD","deltaTime":717,"objectName":"F","objectType":"point"},{"data":{"value":null,"definitionString":"Linje E, F"},"time":1576582181668,"action":"ADD","deltaTime":30,"objectName":"g","objectType":"line"}]