[{"data":{"value":null,"definitionString":"Midtnormal BA"},"time":1576582316588,"action":"ADD","deltaTime":null,"objectName":"f","objectType":"line"},{"data":{"value":null,"definitionString":"Linje A, B"},"time":1576582330871,"action":"ADD","deltaTime":14283,"objectName":"g","objectType":"line"},{"data":{"x":"2.91409","y":"8.08591","definitionString":"Punkt på g"},"time":1576582353323,"action":"ADD","deltaTime":22452,"objectName":"C","objectType":"point"},{"data":{"x":"3.00000","y":"8.00000","definitionString":"Skjæring mellom f og g"},"time":1576582357284,"action":"ADD","deltaTime":3961,"objectName":"C","objectType":"point"},{"data":{"x":"4.00000","y":"9.00000","definitionString":"Punkt på f"},"time":1576582360312,"action":"ADD","deltaTime":3028,"objectName":"D","objectType":"point"},{"data":{"x":"5.00000","y":"10.00000","definitionString":"Punkt på f"},"time":1576582361996,"action":"ADD","deltaTime":1684,"objectName":"E","objectType":"point"},{"data":{"x":"2.00000","y":"7.00000","definitionString":"Punkt på f"},"time":1576582379103,"action":"ADD","deltaTime":17107,"objectName":"F","objectType":"point"},{"data":{"x":"2.00000","y":"7.00000","definitionString":"Punkt på f"},"time":1576582438687,"action":"ADD","deltaTime":59584,"objectName":"F","objectType":"point"},{"data":{"x":"1.00000","y":"6.00000","definitionString":"Punkt på f"},"time":1576582440464,"action":"ADD","deltaTime":1777,"objectName":"G","objectType":"point"},{"data":{"x":"6.00000","y":"11.00000","definitionString":"Punkt på f"},"time":1576582496839,"action":"ADD","deltaTime":56375,"objectName":"G","objectType":"point"},{"data":{"x":"16.95005","y":"13.92335"},"time":1576582573156,"action":"ADD","deltaTime":76317,"objectName":"H","objectType":"point"},{"data":{"x":["9.44483","18.48173"],"y":["5.88204","20.50957"]},"time":1576582573647,"action":"UPDATE","deltaTime":[491,682],"objectName":"H","objectType":"point"}]