[{"data":{"x":["6.02867","6.00000"],"y":["7.64983","8.00000"]},"time":1576580781268,"action":"UPDATE","deltaTime":[null,1348],"objectName":"S","objectType":"point"},{"data":{"x":"0.00000","y":"8.00000","definitionString":"Punkt på yAkse"},"time":1576580796589,"action":"ADD","deltaTime":15321,"objectName":"A","objectType":"point"},{"data":{"x":"12.00000","y":"8.00000"},"time":1576580801628,"action":"ADD","deltaTime":5039,"objectName":"B","objectType":"point"},{"data":{"value":null,"definitionString":"Linje A, B"},"time":1576580808957,"action":"ADD","deltaTime":7329,"objectName":"f","objectType":"line"},{"data":{"x":"6.00000","y":"14.00000"},"time":1576580828406,"action":"ADD","deltaTime":19449,"objectName":"C","objectType":"point"},{"data":{"x":"6.00000","y":"2.00000"},"time":1576580832917,"action":"ADD","deltaTime":4511,"objectName":"D","objectType":"point"},{"data":{"x":"6.06239","y":"9.13376"},"time":1576580889914,"action":"ADD","deltaTime":56997,"objectName":"E","objectType":"point"},{"data":{"value":1.1354785805559484,"definitionString":"Linjestykke S, E"},"time":1576580889952,"action":"ADD","deltaTime":38,"objectName":"g","objectType":"segment"},{"data":{"x":"7.00000","y":"14.00000"},"time":1576580902323,"action":"ADD","deltaTime":12371,"objectName":"E","objectType":"point"},{"data":{"value":1,"definitionString":"Linjestykke C, E"},"time":1576580902380,"action":"ADD","deltaTime":57,"objectName":"g","objectType":"segment"},{"data":{"x":"7.00000","y":"13.00000"},"time":1576580906406,"action":"ADD","deltaTime":4026,"objectName":"F","objectType":"point"},{"data":{"value":1,"definitionString":"Linjestykke E, F"},"time":1576580906462,"action":"ADD","deltaTime":56,"objectName":"h","objectType":"segment"},{"data":{"x":"8.00000","y":"13.00000"},"time":1576580910808,"action":"ADD","deltaTime":4346,"objectName":"G","objectType":"point"},{"data":{"value":1,"definitionString":"Linjestykke F, G"},"time":1576580910871,"action":"ADD","deltaTime":63,"objectName":"i","objectType":"segment"},{"data":{"x":"8.00000","y":"12.00000"},"time":1576580913619,"action":"ADD","deltaTime":2748,"objectName":"H","objectType":"point"},{"data":{"value":1,"definitionString":"Linjestykke G, H"},"time":1576580913683,"action":"ADD","deltaTime":64,"objectName":"j","objectType":"segment"},{"data":{"x":"9.00000","y":"12.00000"},"time":1576580915774,"action":"ADD","deltaTime":2091,"objectName":"I","objectType":"point"},{"data":{"value":1,"definitionString":"Linjestykke H, I"},"time":1576580915833,"action":"ADD","deltaTime":59,"objectName":"k","objectType":"segment"},{"data":{"x":"9.00000","y":"11.00000"},"time":1576580917809,"action":"ADD","deltaTime":1976,"objectName":"J","objectType":"point"},{"data":{"value":1,"definitionString":"Linjestykke I, J"},"time":1576580917882,"action":"ADD","deltaTime":73,"objectName":"l","objectType":"segment"},{"data":{"x":"10.00000","y":"11.00000"},"time":1576580920431,"action":"ADD","deltaTime":2549,"objectName":"K","objectType":"point"},{"data":{"value":1,"definitionString":"Linjestykke J, K"},"time":1576580920478,"action":"ADD","deltaTime":47,"objectName":"m","objectType":"segment"},{"data":{"x":"10.00000","y":"10.00000"},"time":1576580922732,"action":"ADD","deltaTime":2254,"objectName":"L","objectType":"point"},{"data":{"value":1,"definitionString":"Linjestykke K, L"},"time":1576580922801,"action":"ADD","deltaTime":69,"objectName":"n","objectType":"segment"},{"data":{"x":"11.00000","y":"10.00000"},"time":1576580925021,"action":"ADD","deltaTime":2220,"objectName":"M","objectType":"point"},{"data":{"value":1,"definitionString":"Linjestykke L, M"},"time":1576580925089,"action":"ADD","deltaTime":68,"objectName":"p","objectType":"segment"},{"data":{"x":"11.00000","y":"9.00000"},"time":1576580927255,"action":"ADD","deltaTime":2166,"objectName":"N","objectType":"point"},{"data":{"value":1,"definitionString":"Linjestykke M, N"},"time":1576580927282,"action":"ADD","deltaTime":27,"objectName":"q","objectType":"segment"},{"data":{"x":"12.00000","y":"9.00000"},"time":1576580929297,"action":"ADD","deltaTime":2015,"objectName":"O","objectType":"point"},{"data":{"value":1,"definitionString":"Linjestykke N, O"},"time":1576580929347,"action":"ADD","deltaTime":50,"objectName":"r","objectType":"segment"},{"data":{"value":1,"definitionString":"Linjestykke O, B"},"time":1576580931260,"action":"ADD","deltaTime":1913,"objectName":"s","objectType":"segment"},{"data":{"x":"12.00000","y":"8.00000"},"time":1576580931535,"action":"UPDATE","deltaTime":275,"objectName":"B","objectType":"point"},{"data":{"x":"12.00000","y":"14.00000"},"time":1576580999237,"action":"ADD","deltaTime":67702,"objectName":"E","objectType":"point"},{"data":{"x":"12.09930","y":"1.74782"},"time":1576581000607,"action":"ADD","deltaTime":1370,"objectName":"F","objectType":"point"},{"data":{"x":"12.00000","y":"2.00000"},"time":1576581002436,"action":"UPDATE","deltaTime":1829,"objectName":"F","objectType":"point"},{"data":{"x":"7.06453","y":"13.18484"},"time":1576581025636,"action":"ADD","deltaTime":23200,"objectName":"G","objectType":"point"},{"data":{"x":"7.96941","y":"12.12914"},"time":1576581026451,"action":"ADD","deltaTime":815,"objectName":"H","objectType":"point"},{"data":{"x":"9.00000","y":"11.00000"},"time":1576581027315,"action":"ADD","deltaTime":864,"objectName":"I","objectType":"point"},{"data":{"x":"10.00000","y":"10.00000"},"time":1576581028339,"action":"ADD","deltaTime":1024,"objectName":"J","objectType":"point"},{"data":{"x":"11.00000","y":"9.00000"},"time":1576581029680,"action":"ADD","deltaTime":1341,"objectName":"K","objectType":"point"},{"data":{"x":"7.00000","y":"13.00000"},"time":1576581031322,"action":"UPDATE","deltaTime":1642,"objectName":"G","objectType":"point"},{"data":{"x":["11.00000","11.00000"],"y":["7.00000","7.00000"]},"time":1576581039398,"action":"UPDATE","deltaTime":[8076,296],"objectName":"E","objectType":"point"},{"data":{"x":["9.92999","10.00000"],"y":["5.87037","6.00000"]},"time":1576581041493,"action":"UPDATE","deltaTime":[2095,557],"objectName":"F","objectType":"point"},{"data":{"x":"9.17592","y":"5.04090"},"time":1576581043273,"action":"ADD","deltaTime":1780,"objectName":"L","objectType":"point"},{"data":{"x":"9.00000","y":"5.00000"},"time":1576581045366,"action":"UPDATE","deltaTime":2093,"objectName":"L","objectType":"point"},{"data":{"x":"8.00000","y":"4.00000"},"time":1576581046769,"action":"ADD","deltaTime":1403,"objectName":"M","objectType":"point"},{"data":{"x":"7.00000","y":"3.00000"},"time":1576581048283,"action":"ADD","deltaTime":1514,"objectName":"N","objectType":"point"},{"data":{"x":"1.00000","y":"7.00000"},"time":1576581052818,"action":"ADD","deltaTime":4535,"objectName":"O","objectType":"point"},{"data":{"x":"2.00000","y":"6.00000"},"time":1576581053780,"action":"ADD","deltaTime":962,"objectName":"P","objectType":"point"},{"data":{"x":"3.00000","y":"5.00000"},"time":1576581054957,"action":"ADD","deltaTime":1177,"objectName":"Q","objectType":"point"},{"data":{"x":"4.00000","y":"4.00000"},"time":1576581056064,"action":"ADD","deltaTime":1107,"objectName":"R","objectType":"point"},{"data":{"x":"5.00000","y":"3.00000"},"time":1576581056933,"action":"ADD","deltaTime":869,"objectName":"T","objectType":"point"},{"data":{"x":"1.00000","y":"9.00000"},"time":1576581060066,"action":"ADD","deltaTime":3133,"objectName":"U","objectType":"point"},{"data":{"x":"2.00000","y":"10.00000"},"time":1576581060919,"action":"ADD","deltaTime":853,"objectName":"V","objectType":"point"},{"data":{"x":"3.00000","y":"11.00000"},"time":1576581061925,"action":"ADD","deltaTime":1006,"objectName":"W","objectType":"point"},{"data":{"x":"4.00000","y":"12.00000"},"time":1576581062790,"action":"ADD","deltaTime":865,"objectName":"Z","objectType":"point"},{"data":{"x":"5.00000","y":"13.00000"},"time":1576581063647,"action":"ADD","deltaTime":857,"objectName":"A_1","objectType":"point"},{"data":{"value":8.485281374238571,"definitionString":"Linjestykke D, B"},"time":1576581074538,"action":"ADD","deltaTime":10891,"objectName":"g","objectType":"segment"},{"data":{"x":"12.00000","y":"8.00000"},"time":1576581074832,"action":"UPDATE","deltaTime":294,"objectName":"B","objectType":"point"},{"data":{"value":8.485281374238571,"definitionString":"Linjestykke C, A"},"time":1576581091449,"action":"ADD","deltaTime":16617,"objectName":"g","objectType":"segment"},{"data":{"value":8.485281374238571,"definitionString":"Linjestykke A, D"},"time":1576581093339,"action":"ADD","deltaTime":1890,"objectName":"h","objectType":"segment"},{"data":{"x":"6.00000","y":"2.00000"},"time":1576581093626,"action":"UPDATE","deltaTime":287,"objectName":"D","objectType":"point"},{"data":{"value":8.485281374238571,"definitionString":"Linjestykke D, B"},"time":1576581095069,"action":"ADD","deltaTime":1443,"objectName":"i","objectType":"segment"},{"data":{"x":"12.00000","y":"8.00000"},"time":1576581095349,"action":"UPDATE","deltaTime":280,"objectName":"B","objectType":"point"},{"data":{"value":8.485281374238571,"definitionString":"Linjestykke B, C"},"time":1576581096786,"action":"ADD","deltaTime":1437,"objectName":"j","objectType":"segment"},{"data":{"x":"6.00000","y":"14.00000"},"time":1576581097074,"action":"UPDATE","deltaTime":288,"objectName":"C","objectType":"point"}]