[{"data":{"value":3.1622776601683795,"definitionString":"Linjestykke A, B"},"time":1576581212284,"action":"ADD","deltaTime":null,"objectName":"f","objectType":"segment"},{"data":{"value":[3.0983877439032903,3.100927613814224,3.103594290602596],"definitionString":"Linjestykke A, B"},"time":1576581270087,"action":"UPDATE","deltaTime":[57803,386,819],"objectName":"f","objectType":"segment"},{"data":{"value":null,"definitionString":"Midtnormal AB"},"time":1576581326990,"action":"ADD","deltaTime":56903,"objectName":"g","objectType":"line"},{"data":{"value":3.1622776601683795,"definitionString":"Linjestykke A, B"},"time":1576581338368,"action":"ADD","deltaTime":11378,"objectName":"h","objectType":"segment"},{"data":{"x":"4.74255","y":"6.77236","definitionString":"Punkt på f"},"time":1576581339849,"action":"ADD","deltaTime":1481,"objectName":"C","objectType":"point"},{"data":{"x":"5.63455","y":"7.45636"},"time":1576581340953,"action":"ADD","deltaTime":1104,"objectName":"D","objectType":"point"},{"data":{"value":1.1240640551142884,"definitionString":"Linjestykke C, D"},"time":1576581340980,"action":"ADD","deltaTime":27,"objectName":"i","objectType":"segment"},{"data":{"x":"4.50000","y":"7.50000","definitionString":"Skjæring mellom g og f"},"time":1576581492986,"action":"ADD","deltaTime":152006,"objectName":"C","objectType":"point"},{"data":{"x":"3.00000","y":"6.00000"},"time":1576581506301,"action":"ADD","deltaTime":13315,"objectName":"D","objectType":"point"},{"data":{"x":["2.00000","2.00000","2.05699","2.05699"],"y":["6.00000","7.00000","6.71452","6.67651"]},"time":1576581510230,"action":"UPDATE","deltaTime":[3929,17804,27328,27881],"objectName":"D","objectType":"point"},{"data":{"x":"3.50000","y":"6.00000","definitionString":"Skjæring mellom g og f"},"time":1576581549028,"action":"UPDATE","deltaTime":38798,"objectName":"C","objectType":"point"},{"data":{"x":["2.34205","3.50128","3.50128","3.50128","3.50128","3.78634","3.84335","3.82435","3.50128"],"y":["6.01137","8.99498","9.03299","9.05199","9.07100","8.74793","8.72893","8.42487","7.53168"]},"time":1576581553976,"action":"UPDATE","deltaTime":[4948,2135,2951,3370,3751,4567,5183,6066,9334],"objectName":"D","objectType":"point"},{"data":{"x":"4.00000","y":"6.00000","definitionString":"Skjæring mellom g og f"},"time":1576581566746,"action":"UPDATE","deltaTime":12770,"objectName":"C","objectType":"point"},{"data":{"x":"4.00000","y":"8.00000"},"time":1576581568629,"action":"UPDATE","deltaTime":1883,"objectName":"D","objectType":"point"},{"data":{"x":"4.00000","y":"4.00000","definitionString":"Punkt på g"},"time":1576581576796,"action":"ADD","deltaTime":8167,"objectName":"E","objectType":"point"},{"data":{"x":"3.00000","y":"5.00000"},"time":1576581579281,"action":"ADD","deltaTime":2485,"objectName":"F","objectType":"point"},{"data":{"x":"3.00000","y":"7.00000"},"time":1576581581305,"action":"ADD","deltaTime":2024,"objectName":"G","objectType":"point"},{"data":{"x":"5.00000","y":"7.00000"},"time":1576581582378,"action":"ADD","deltaTime":1073,"objectName":"H","objectType":"point"},{"data":{"x":"5.00000","y":"5.00000"},"time":1576581583574,"action":"ADD","deltaTime":1196,"objectName":"I","objectType":"point"},{"data":{"value":2.8284271247461903,"definitionString":"Linjestykke D, A"},"time":1576581597939,"action":"ADD","deltaTime":14365,"objectName":"h","objectType":"segment"},{"data":{"value":2.8284271247461903,"definitionString":"Linjestykke B, D"},"time":1576581600041,"action":"ADD","deltaTime":2102,"objectName":"i","objectType":"segment"},{"data":{"x":"4.00000","y":"8.00000"},"time":1576581600323,"action":"UPDATE","deltaTime":282,"objectName":"D","objectType":"point"},{"data":{"x":"4.00000","y":"9.00000","definitionString":"Punkt på g"},"time":1576581621465,"action":"ADD","deltaTime":21142,"objectName":"E","objectType":"point"},{"data":{"value":1,"definitionString":"Linjestykke D, E"},"time":1576581621493,"action":"ADD","deltaTime":28,"objectName":"j","objectType":"segment"},{"data":{"x":["4.00000","2.05699"],"y":["9.00000","6.67651"]},"time":1576581625773,"action":"UPDATE","deltaTime":[4280,35946],"objectName":"D","objectType":"point"},{"data":{"x":"7.35908","y":"8.55789"},"time":1576581683191,"action":"ADD","deltaTime":57418,"objectName":"E","objectType":"point"},{"data":{"x":["7.43509","6.33286","6.35187","6.33286"],"y":["8.50088","8.13981","8.12080","8.13981"]},"time":1576581685573,"action":"UPDATE","deltaTime":[2382,4283,4849,5482],"objectName":"E","objectType":"point"},{"data":{"value":null,"definitionString":"Midtnormal CE"},"time":1576581694828,"action":"ADD","deltaTime":9255,"objectName":"h","objectType":"line"},{"data":{"x":"2.05699","y":"6.67651"},"time":1576581713228,"action":"UPDATE","deltaTime":18400,"objectName":"D","objectType":"point"},{"data":{"value":null,"definitionString":"Midtnormal DE"},"time":1576581714375,"action":"ADD","deltaTime":1147,"objectName":"h","objectType":"line"},{"data":{"x":["6.33286","6.84597"],"y":["8.13981","8.29184"]},"time":1576581714665,"action":"UPDATE","deltaTime":[290,6740],"objectName":"E","objectType":"point"},{"data":{"value":null,"definitionString":"Midtnormal DE"},"time":1576581721490,"action":"UPDATE","deltaTime":6825,"objectName":"h","objectType":"line"},{"data":{"x":"6.88398","y":"8.29184"},"time":1576581721955,"action":"UPDATE","deltaTime":465,"objectName":"E","objectType":"point"},{"data":{"value":null,"definitionString":"Midtnormal DE"},"time":1576581722037,"action":"UPDATE","deltaTime":82,"objectName":"h","objectType":"line"},{"data":{"x":"6.92199","y":"8.29184"},"time":1576581722455,"action":"UPDATE","deltaTime":418,"objectName":"E","objectType":"point"},{"data":{"value":null,"definitionString":"Midtnormal DE"},"time":1576581722538,"action":"UPDATE","deltaTime":83,"objectName":"h","objectType":"line"},{"data":{"value":3.0065747749973344,"definitionString":"Linjestykke A, E"},"time":1576581737125,"action":"ADD","deltaTime":14587,"objectName":"i","objectType":"segment"},{"data":{"x":"6.92199","y":"8.29184"},"time":1576581737412,"action":"UPDATE","deltaTime":287,"objectName":"E","objectType":"point"},{"data":{"value":2.991079088489034,"definitionString":"Linjestykke E, B"},"time":1576581739021,"action":"ADD","deltaTime":1609,"objectName":"j","objectType":"segment"}]