[{"data":{"value":2.8284271247461903,"definitionString":"Linjestykke A, B"},"time":1576581811329,"action":"ADD","deltaTime":null,"objectName":"f","objectType":"segment"},{"data":{"value":null,"definitionString":"Midtnormal AB"},"time":1576581820375,"action":"ADD","deltaTime":9046,"objectName":"g","objectType":"line"},{"data":{"x":"1.50845","y":"6.50845","definitionString":"Punkt på g"},"time":1576581916315,"action":"ADD","deltaTime":95940,"objectName":"C","objectType":"point"},{"data":{"x":"4.75845","y":"9.75845","definitionString":"Punkt på g"},"time":1576581927613,"action":"ADD","deltaTime":11298,"objectName":"D","objectType":"point"},{"data":{"value":null,"definitionString":"Midtnormal CD"},"time":1576581939829,"action":"ADD","deltaTime":12216,"objectName":"h","objectType":"line"},{"data":{"x":["4.54845","4.49845"],"y":["9.54845","9.49845"],"definitionString":"Punkt på g"},"time":1576581949379,"action":"UPDATE","deltaTime":[9550,1049],"objectName":"D","objectType":"point"},{"data":{"value":null,"definitionString":"Midtnormal CD"},"time":1576581950516,"action":"UPDATE","deltaTime":1137,"objectName":"h","objectType":"line"},{"data":{"value":2.5476915138192937,"definitionString":"Linjestykke A, D"},"time":1576581958242,"action":"ADD","deltaTime":7726,"objectName":"i","objectType":"segment"},{"data":{"value":2.5476915138192937,"definitionString":"Linjestykke B, D"},"time":1576581960194,"action":"ADD","deltaTime":1952,"objectName":"j","objectType":"segment"},{"data":{"value":2.5395699805184293,"definitionString":"Linjestykke A, C"},"time":1576581991421,"action":"ADD","deltaTime":31227,"objectName":"k","objectType":"segment"},{"data":{"value":2.5395699805184293,"definitionString":"Linjestykke C, B"},"time":1576581992772,"action":"ADD","deltaTime":1351,"objectName":"l","objectType":"segment"}]