[{"data":{"x":"12.00000","y":"8.00000"},"time":1576581185738,"action":"ADD","deltaTime":null,"objectName":"A","objectType":"point"},{"data":{"x":"5.89376","y":"1.84900"},"time":1576581218458,"action":"ADD","deltaTime":32720,"objectName":"B","objectType":"point"},{"data":{"x":"6.00000","y":"2.00000"},"time":1576581227987,"action":"ADD","deltaTime":9529,"objectName":"B","objectType":"point"},{"data":{"x":"0.00000","y":"8.00000","definitionString":"Punkt på yAkse"},"time":1576581232602,"action":"ADD","deltaTime":4615,"objectName":"C","objectType":"point"},{"data":{"x":"6.00000","y":"14.00000"},"time":1576581243576,"action":"ADD","deltaTime":10974,"objectName":"D","objectType":"point"},{"data":{"x":"9.00000","y":"5.00000"},"time":1576581308756,"action":"ADD","deltaTime":65180,"objectName":"E","objectType":"point"},{"data":{"x":"10.00000","y":"6.00000"},"time":1576581325598,"action":"ADD","deltaTime":16842,"objectName":"F","objectType":"point"},{"data":{"x":"11.00000","y":"7.00000"},"time":1576581327698,"action":"ADD","deltaTime":2100,"objectName":"G","objectType":"point"},{"data":{"x":"8.00000","y":"4.00000"},"time":1576581330841,"action":"ADD","deltaTime":3143,"objectName":"H","objectType":"point"},{"data":{"x":"7.00000","y":"3.00000"},"time":1576581334066,"action":"ADD","deltaTime":3225,"objectName":"I","objectType":"point"},{"data":{"value":8.485281374238571,"definitionString":"Linjestykke B, A"},"time":1576581352471,"action":"ADD","deltaTime":18405,"objectName":"f","objectType":"segment"},{"data":{"x":"12.00000","y":"8.00000"},"time":1576581352770,"action":"UPDATE","deltaTime":299,"objectName":"A","objectType":"point"},{"data":{"value":8.485281374238571,"definitionString":"Linjestykke D, A"},"time":1576581362996,"action":"ADD","deltaTime":10226,"objectName":"g","objectType":"segment"},{"data":{"x":"12.00000","y":"8.00000"},"time":1576581363277,"action":"UPDATE","deltaTime":281,"objectName":"A","objectType":"point"},{"data":{"value":8.485281374238571,"definitionString":"Linjestykke B, C"},"time":1576581366424,"action":"ADD","deltaTime":3147,"objectName":"h","objectType":"segment"},{"data":{"value":8.485281374238571,"definitionString":"Linjestykke C, D"},"time":1576581370689,"action":"ADD","deltaTime":4265,"objectName":"i","objectType":"segment"},{"data":{"value":8.485281374238571,"definitionString":"Linjestykke B, A"},"time":1576581484220,"action":"ADD","deltaTime":113531,"objectName":"f","objectType":"segment"},{"data":{"x":"12.00000","y":"8.00000"},"time":1576581484508,"action":"UPDATE","deltaTime":288,"objectName":"A","objectType":"point"},{"data":{"value":8.485281374238571,"definitionString":"Linjestykke A, D"},"time":1576581494842,"action":"ADD","deltaTime":10334,"objectName":"g","objectType":"segment"},{"data":{"x":"6.00000","y":"14.00000"},"time":1576581495135,"action":"UPDATE","deltaTime":293,"objectName":"D","objectType":"point"},{"data":{"value":8.485281374238571,"definitionString":"Linjestykke C, B"},"time":1576581497594,"action":"ADD","deltaTime":2459,"objectName":"h","objectType":"segment"},{"data":{"x":"6.00000","y":"2.00000"},"time":1576581497883,"action":"UPDATE","deltaTime":289,"objectName":"B","objectType":"point"},{"data":{"value":8.485281374238571,"definitionString":"Linjestykke D, C"},"time":1576581501672,"action":"ADD","deltaTime":3789,"objectName":"i","objectType":"segment"}]