[{"data":{"value":4,"definitionString":"Linjestykke A, B"},"time":1576581544418,"action":"ADD","deltaTime":null,"objectName":"f","objectType":"segment"},{"data":{"x":"5.00000","y":"7.00000","definitionString":"Punkt på f"},"time":1576581560944,"action":"ADD","deltaTime":16526,"objectName":"C","objectType":"point"},{"data":{"x":"6.00000","y":"6.00000"},"time":1576581567101,"action":"ADD","deltaTime":6157,"objectName":"D","objectType":"point"},{"data":{"x":"7.00000","y":"5.00000"},"time":1576581571521,"action":"ADD","deltaTime":4420,"objectName":"E","objectType":"point"},{"data":{"x":"6.00000","y":"8.00000"},"time":1576581573660,"action":"ADD","deltaTime":2139,"objectName":"F","objectType":"point"},{"data":{"x":"7.00000","y":"9.00000"},"time":1576581575097,"action":"ADD","deltaTime":1437,"objectName":"G","objectType":"point"},{"data":{"value":2.8284271247461903,"definitionString":"Linjestykke G, C"},"time":1576581582024,"action":"ADD","deltaTime":6927,"objectName":"g","objectType":"segment"},{"data":{"value":2.8284271247461903,"definitionString":"Linjestykke C, E"},"time":1576581584419,"action":"ADD","deltaTime":2395,"objectName":"h","objectType":"segment"},{"data":{"x":"7.00000","y":"7.00000","definitionString":"Punkt på f"},"time":1576581591326,"action":"ADD","deltaTime":6907,"objectName":"H","objectType":"point"},{"data":{"x":"5.00000","y":"9.00000"},"time":1576581593486,"action":"ADD","deltaTime":2160,"objectName":"I","objectType":"point"},{"data":{"x":"5.00000","y":"5.00000"},"time":1576581595133,"action":"ADD","deltaTime":1647,"objectName":"J","objectType":"point"},{"data":{"value":1.4142135623730951,"definitionString":"Linjestykke I, F"},"time":1576581602756,"action":"ADD","deltaTime":7623,"objectName":"i","objectType":"segment"},{"data":{"value":1.4142135623730951,"definitionString":"Linjestykke F, H"},"time":1576581604202,"action":"ADD","deltaTime":1446,"objectName":"j","objectType":"segment"},{"data":{"value":1.4142135623730951,"definitionString":"Linjestykke H, D"},"time":1576581605577,"action":"ADD","deltaTime":1375,"objectName":"k","objectType":"segment"},{"data":{"value":1.4142135623730951,"definitionString":"Linjestykke D, J"},"time":1576581607114,"action":"ADD","deltaTime":1537,"objectName":"l","objectType":"segment"},{"data":{"x":"6.00000","y":"10.00000"},"time":1576581617199,"action":"ADD","deltaTime":10085,"objectName":"K","objectType":"point"},{"data":{"x":"6.00000","y":"4.00000"},"time":1576581618935,"action":"ADD","deltaTime":1736,"objectName":"L","objectType":"point"},{"data":{"value":6,"definitionString":"Linjestykke K, L"},"time":1576581618974,"action":"ADD","deltaTime":39,"objectName":"m","objectType":"segment"},{"data":{"x":"11.00000","y":"8.00000"},"time":1576581625271,"action":"ADD","deltaTime":6297,"objectName":"M","objectType":"point"},{"data":{"x":"14.00000","y":"8.00000"},"time":1576581630674,"action":"ADD","deltaTime":5403,"objectName":"N","objectType":"point"},{"data":{"value":3,"definitionString":"Linjestykke M, N"},"time":1576581630711,"action":"ADD","deltaTime":37,"objectName":"n","objectType":"segment"},{"data":{"value":null,"definitionString":"Midtnormal MN"},"time":1576581636307,"action":"ADD","deltaTime":5596,"objectName":"p","objectType":"line"},{"data":{"value":null,"definitionString":"Midtnormal m"},"time":1576581643870,"action":"ADD","deltaTime":7563,"objectName":"n","objectType":"line"},{"data":{"value":null,"definitionString":"Linje F, D"},"time":1576581926162,"action":"ADD","deltaTime":282292,"objectName":"m","objectType":"line"},{"data":{"x":"6.00000","y":"6.00000"},"time":1576581926462,"action":"UPDATE","deltaTime":300,"objectName":"D","objectType":"point"}]