[{"data":{"value":3.1622776601683795,"definitionString":"Linjestykke A, B"},"time":1576581672835,"action":"ADD","deltaTime":null,"objectName":"f","objectType":"segment"},{"data":{"x":"5.00000","y":"7.00000"},"time":1576581678706,"action":"ADD","deltaTime":5871,"objectName":"C","objectType":"point"},{"data":{"x":"6.00000","y":"8.00000"},"time":1576581680897,"action":"ADD","deltaTime":2191,"objectName":"D","objectType":"point"},{"data":{"x":"7.00000","y":"9.00000"},"time":1576581682916,"action":"ADD","deltaTime":2019,"objectName":"E","objectType":"point"},{"data":{"x":"6.00000","y":"6.00000"},"time":1576581686223,"action":"ADD","deltaTime":3307,"objectName":"F","objectType":"point"},{"data":{"x":"7.00000","y":"5.00000"},"time":1576581688213,"action":"ADD","deltaTime":1990,"objectName":"G","objectType":"point"},{"data":{"value":2.8284271247461903,"definitionString":"Linjestykke E, C"},"time":1576581694028,"action":"ADD","deltaTime":5815,"objectName":"g","objectType":"segment"},{"data":{"value":2.8284271247461903,"definitionString":"Linjestykke G, C"},"time":1576581696690,"action":"ADD","deltaTime":2662,"objectName":"h","objectType":"segment"},{"data":{"x":"4.00000","y":"6.00000"},"time":1576581711437,"action":"ADD","deltaTime":14747,"objectName":"H","objectType":"point"},{"data":{"x":"5.00000","y":"9.00000"},"time":1576581717897,"action":"ADD","deltaTime":6460,"objectName":"I","objectType":"point"},{"data":{"value":2.8284271247461903,"definitionString":"Linjestykke H, D"},"time":1576581723982,"action":"ADD","deltaTime":6085,"objectName":"i","objectType":"segment"},{"data":{"value":1.4142135623730951,"definitionString":"Linjestykke I, D"},"time":1576581726994,"action":"ADD","deltaTime":3012,"objectName":"j","objectType":"segment"},{"data":{"value":1.4142135623730951,"definitionString":"Linjestykke E, D"},"time":1576581747294,"action":"ADD","deltaTime":20300,"objectName":"g","objectType":"segment"},{"data":{"x":"6.00000","y":"8.00000"},"time":1576581747600,"action":"UPDATE","deltaTime":306,"objectName":"D","objectType":"point"},{"data":{"x":"5.00000","y":"7.00000"},"time":1576581752949,"action":"UPDATE","deltaTime":5349,"objectName":"C","objectType":"point"},{"data":{"x":"6.00000","y":"8.00000"},"time":1576581755032,"action":"UPDATE","deltaTime":2083,"objectName":"D","objectType":"point"},{"data":{"x":"5.00000","y":"9.00000"},"time":1576581780964,"action":"ADD","deltaTime":25932,"objectName":"C","objectType":"point"},{"data":{"x":"4.00000","y":"10.00000"},"time":1576581782530,"action":"ADD","deltaTime":1566,"objectName":"D","objectType":"point"},{"data":{"x":"5.00000","y":"7.00000"},"time":1576581791230,"action":"ADD","deltaTime":8700,"objectName":"C","objectType":"point"},{"data":{"x":"5.00000","y":"6.00000"},"time":1576581813178,"action":"ADD","deltaTime":21948,"objectName":"C","objectType":"point"},{"data":{"x":"6.00000","y":"7.00000"},"time":1576581825384,"action":"ADD","deltaTime":12206,"objectName":"D","objectType":"point"},{"data":{"x":"7.00000","y":"8.00000"},"time":1576581830086,"action":"ADD","deltaTime":4702,"objectName":"E","objectType":"point"},{"data":{"x":"6.09273","y":"8.81636"},"time":1576581831380,"action":"ADD","deltaTime":1294,"objectName":"F","objectType":"point"},{"data":{"x":"6.00000","y":"9.00000"},"time":1576581839941,"action":"ADD","deltaTime":8561,"objectName":"F","objectType":"point"},{"data":{"x":"5.00000","y":"10.00000"},"time":1576581842273,"action":"ADD","deltaTime":2332,"objectName":"G","objectType":"point"},{"data":{"x":"4.00000","y":"5.00000"},"time":1576581846747,"action":"ADD","deltaTime":4474,"objectName":"H","objectType":"point"},{"data":{"value":2.8284271247461903,"definitionString":"Linjestykke G, E"},"time":1576581855394,"action":"ADD","deltaTime":8647,"objectName":"g","objectType":"segment"},{"data":{"x":"7.00000","y":"8.00000"},"time":1576581855679,"action":"UPDATE","deltaTime":285,"objectName":"E","objectType":"point"},{"data":{"value":4.242640687119286,"definitionString":"Linjestykke E, H"},"time":1576581860373,"action":"ADD","deltaTime":4694,"objectName":"h","objectType":"segment"},{"data":{"x":"4.00000","y":"7.00000"},"time":1576581865769,"action":"ADD","deltaTime":5396,"objectName":"I","objectType":"point"},{"data":{"x":"5.00000","y":"8.00000"},"time":1576581868401,"action":"ADD","deltaTime":2632,"objectName":"J","objectType":"point"},{"data":{"x":"7.00000","y":"10.00000"},"time":1576581874079,"action":"ADD","deltaTime":5678,"objectName":"K","objectType":"point"},{"data":{"x":"6.00000","y":"5.00000"},"time":1576581879588,"action":"ADD","deltaTime":5509,"objectName":"L","objectType":"point"},{"data":{"value":4.242640687119286,"definitionString":"Linjestykke K, I"},"time":1576581885573,"action":"ADD","deltaTime":5985,"objectName":"i","objectType":"segment"},{"data":{"value":2.8284271247461903,"definitionString":"Linjestykke L, I"},"time":1576581888145,"action":"ADD","deltaTime":2572,"objectName":"j","objectType":"segment"},{"data":{"value":3.1622776601683795,"definitionString":"Linjestykke C, F"},"time":1576581899305,"action":"ADD","deltaTime":11160,"objectName":"k","objectType":"segment"},{"data":{"x":"6.00000","y":"9.00000"},"time":1576581899591,"action":"UPDATE","deltaTime":286,"objectName":"F","objectType":"point"},{"data":{"value":null,"definitionString":"Linje C, F"},"time":1576581907927,"action":"ADD","deltaTime":8336,"objectName":"k","objectType":"line"},{"data":{"x":"6.00000","y":"9.00000"},"time":1576581908223,"action":"UPDATE","deltaTime":296,"objectName":"F","objectType":"point"}]