[{"data":{"value":4.242640687119286,"definitionString":"Linjestykke A, B"},"time":1576581946271,"action":"ADD","deltaTime":null,"objectName":"f","objectType":"segment"},{"data":{"x":"3.00000","y":"6.00000"},"time":1576581960000,"action":"ADD","deltaTime":13729,"objectName":"C","objectType":"point"},{"data":{"x":"6.00000","y":"9.00000"},"time":1576581973401,"action":"ADD","deltaTime":13401,"objectName":"D","objectType":"point"},{"data":{"x":"3.00000","y":"5.00000"},"time":1576582016773,"action":"ADD","deltaTime":43372,"objectName":"C","objectType":"point"},{"data":{"x":"4.00000","y":"6.00000"},"time":1576582020283,"action":"ADD","deltaTime":3510,"objectName":"D","objectType":"point"},{"data":{"x":"5.00000","y":"7.00000","definitionString":"Punkt på f"},"time":1576582023671,"action":"ADD","deltaTime":3388,"objectName":"E","objectType":"point"},{"data":{"x":"6.00000","y":"8.00000"},"time":1576582027484,"action":"ADD","deltaTime":3813,"objectName":"F","objectType":"point"},{"data":{"x":"7.00000","y":"9.00000"},"time":1576582030983,"action":"ADD","deltaTime":3499,"objectName":"G","objectType":"point"},{"data":{"x":"6.00000","y":"10.00000"},"time":1576582034009,"action":"ADD","deltaTime":3026,"objectName":"H","objectType":"point"},{"data":{"x":"5.00000","y":"11.00000"},"time":1576582036465,"action":"ADD","deltaTime":2456,"objectName":"I","objectType":"point"},{"data":{"x":"4.00000","y":"12.00000"},"time":1576582038679,"action":"ADD","deltaTime":2214,"objectName":"J","objectType":"point"},{"data":{"value":4.242640687119286,"definitionString":"Linjestykke J, G"},"time":1576582045793,"action":"ADD","deltaTime":7114,"objectName":"g","objectType":"segment"},{"data":{"value":5.656854249492381,"definitionString":"Linjestykke C, G"},"time":1576582049485,"action":"ADD","deltaTime":3692,"objectName":"h","objectType":"segment"},{"data":{"x":"2.00000","y":"6.00000"},"time":1576582072206,"action":"ADD","deltaTime":22721,"objectName":"K","objectType":"point"},{"data":{"x":"3.00000","y":"7.00000"},"time":1576582077537,"action":"ADD","deltaTime":5331,"objectName":"L","objectType":"point"},{"data":{"x":"4.00000","y":"8.00000","definitionString":"Punkt på f"},"time":1576582080757,"action":"ADD","deltaTime":3220,"objectName":"M","objectType":"point"},{"data":{"x":"5.00000","y":"9.00000"},"time":1576582094749,"action":"ADD","deltaTime":13992,"objectName":"N","objectType":"point"},{"data":{"x":"4.00000","y":"4.00000"},"time":1576582118307,"action":"ADD","deltaTime":23558,"objectName":"O","objectType":"point"},{"data":{"x":"5.00000","y":"3.00000"},"time":1576582123810,"action":"ADD","deltaTime":5503,"objectName":"P","objectType":"point"},{"data":{"value":5.656854249492381,"definitionString":"Linjestykke H, K"},"time":1576582134103,"action":"ADD","deltaTime":10293,"objectName":"i","objectType":"segment"},{"data":{"value":4.242640687119286,"definitionString":"Linjestykke K, P"},"time":1576582138327,"action":"ADD","deltaTime":4224,"objectName":"j","objectType":"segment"},{"data":{"x":"6.00000","y":"9.00000"},"time":1576582172627,"action":"ADD","deltaTime":34300,"objectName":"C","objectType":"point"},{"data":{"x":"5.00000","y":"8.00000"},"time":1576582174143,"action":"ADD","deltaTime":1516,"objectName":"D","objectType":"point"},{"data":{"x":"3.00000","y":"6.00000"},"time":1576582176584,"action":"ADD","deltaTime":2441,"objectName":"E","objectType":"point"},{"data":{"x":"4.00000","y":"7.00000"},"time":1576582179683,"action":"ADD","deltaTime":3099,"objectName":"F","objectType":"point"},{"data":{"x":"4.00000","y":"5.00000"},"time":1576582185524,"action":"ADD","deltaTime":5841,"objectName":"G","objectType":"point"},{"data":{"x":"5.00000","y":"4.00000"},"time":1576582187630,"action":"ADD","deltaTime":2106,"objectName":"H","objectType":"point"},{"data":{"x":"5.00000","y":"10.00000"},"time":1576582195628,"action":"ADD","deltaTime":7998,"objectName":"I","objectType":"point"},{"data":{"x":"4.00000","y":"11.00000"},"time":1576582198767,"action":"ADD","deltaTime":3139,"objectName":"J","objectType":"point"},{"data":{"value":2.8284271247461903,"definitionString":"Linjestykke J, C"},"time":1576582216115,"action":"ADD","deltaTime":17348,"objectName":"g","objectType":"segment"},{"data":{"value":4.242640687119286,"definitionString":"Linjestykke C, E"},"time":1576582218711,"action":"ADD","deltaTime":2596,"objectName":"h","objectType":"segment"},{"data":{"value":2.8284271247461903,"definitionString":"Linjestykke E, H"},"time":1576582221147,"action":"ADD","deltaTime":2436,"objectName":"i","objectType":"segment"},{"data":{"value":null,"definitionString":"Linje E, C"},"time":1576582227587,"action":"ADD","deltaTime":6440,"objectName":"j","objectType":"line"},{"data":{"x":"2.00000","y":"7.00000"},"time":1576582237459,"action":"ADD","deltaTime":9872,"objectName":"K","objectType":"point"},{"data":{"x":"1.00000","y":"8.00000"},"time":1576582239148,"action":"ADD","deltaTime":1689,"objectName":"L","objectType":"point"},{"data":{"x":"7.00000","y":"8.00000"},"time":1576582244101,"action":"ADD","deltaTime":4953,"objectName":"M","objectType":"point"},{"data":{"value":2.8284271247461903,"definitionString":"Linjestykke L, E"},"time":1576582248511,"action":"ADD","deltaTime":4410,"objectName":"k","objectType":"segment"},{"data":{"x":"8.00000","y":"7.00000"},"time":1576582251214,"action":"ADD","deltaTime":2703,"objectName":"N","objectType":"point"},{"data":{"value":2.8284271247461903,"definitionString":"Linjestykke C, N"},"time":1576582251253,"action":"ADD","deltaTime":39,"objectName":"l","objectType":"segment"}]