[{"data":{"value":3.1622776601683795,"definitionString":"Linjestykke A, B"},"time":1576582348489,"action":"ADD","deltaTime":null,"objectName":"f","objectType":"segment"},{"data":{"x":"7.00000","y":"9.00000"},"time":1576582359490,"action":"ADD","deltaTime":11001,"objectName":"C","objectType":"point"},{"data":{"x":"9.21455","y":"7.61636"},"time":1576582365455,"action":"ADD","deltaTime":5965,"objectName":"D","objectType":"point"},{"data":{"value":2.611256624122696,"definitionString":"Linjestykke C, D"},"time":1576582365498,"action":"ADD","deltaTime":43,"objectName":"g","objectType":"segment"},{"data":{"x":"6.00000","y":"8.00000"},"time":1576582375590,"action":"ADD","deltaTime":10092,"objectName":"C","objectType":"point"},{"data":{"value":2.23606797749979,"definitionString":"Linjestykke A, C"},"time":1576582383735,"action":"ADD","deltaTime":8145,"objectName":"g","objectType":"segment"},{"data":{"value":2.23606797749979,"definitionString":"Linjestykke B, C"},"time":1576582386472,"action":"ADD","deltaTime":2737,"objectName":"h","objectType":"segment"},{"data":{"x":["6.97455","7.00000"],"y":["7.83636","8.00000"]},"time":1576582412435,"action":"UPDATE","deltaTime":[25963,897],"objectName":"C","objectType":"point"}]