[{"data":{"x":"3.03625","y":"7.96270"},"time":1576582516487,"action":"ADD","deltaTime":null,"objectName":"D","objectType":"point"},{"data":{"x":"4.02267","y":"6.97629"},"time":1576582519119,"action":"ADD","deltaTime":2632,"objectName":"E","objectType":"point"},{"data":{"x":"4.72724","y":"7.96270"},"time":1576582522650,"action":"ADD","deltaTime":3531,"objectName":"F","objectType":"point"},{"data":{"x":"5.94852","y":"8.90214"},"time":1576582527036,"action":"ADD","deltaTime":4386,"objectName":"G","objectType":"point"},{"data":{"x":"5.10302","y":"9.98249"},"time":1576582530698,"action":"ADD","deltaTime":3662,"objectName":"H","objectType":"point"},{"data":{"x":"3.08323","y":"5.98988"},"time":1576582535097,"action":"ADD","deltaTime":4399,"objectName":"I","objectType":"point"},{"data":{"x":"6.03286","y":"7.03286","definitionString":"Punkt på k"},"time":1576582539676,"action":"ADD","deltaTime":4579,"objectName":"J","objectType":"point"},{"data":{"x":"6.93493","y":"5.89593"},"time":1576582543736,"action":"ADD","deltaTime":4060,"objectName":"K","objectType":"point"},{"data":{"value":2.568038687788758,"definitionString":"Linjestykke I, F"},"time":1576582549689,"action":"ADD","deltaTime":5953,"objectName":"f","objectType":"segment"},{"data":{"value":3.0241328937430163,"definitionString":"Linjestykke F, K"},"time":1576582553237,"action":"ADD","deltaTime":3548,"objectName":"g","objectType":"segment"},{"data":{"x":"9.70627","y":"8.05664"},"time":1576582557135,"action":"ADD","deltaTime":3898,"objectName":"L","objectType":"point"},{"data":{"value":3.813408584428053,"definitionString":"Linjestykke J, L"},"time":1576582557180,"action":"ADD","deltaTime":45,"objectName":"h","objectType":"segment"},{"data":{"x":"6.93493","y":"5.89593"},"time":1576582567325,"action":"ADD","deltaTime":10145,"objectName":"J","objectType":"point"},{"data":{"value":2.568038687788758,"definitionString":"Linjestykke I, F"},"time":1576582571230,"action":"ADD","deltaTime":3905,"objectName":"f","objectType":"segment"},{"data":{"value":3.0241328937430163,"definitionString":"Linjestykke F, J"},"time":1576582573958,"action":"ADD","deltaTime":2728,"objectName":"g","objectType":"segment"},{"data":{"value":1.394995790790034,"definitionString":"Linjestykke D, E"},"time":1576582576574,"action":"ADD","deltaTime":2616,"objectName":"h","objectType":"segment"},{"data":{"x":"4.02267","y":"6.97629"},"time":1576582576866,"action":"UPDATE","deltaTime":292,"objectName":"E","objectType":"point"},{"data":{"value":2.723563210590066,"definitionString":"Linjestykke E, G"},"time":1576582579219,"action":"ADD","deltaTime":2353,"objectName":"i","objectType":"segment"},{"data":{"x":"5.94852","y":"8.90214"},"time":1576582579514,"action":"UPDATE","deltaTime":295,"objectName":"G","objectType":"point"},{"data":{"value":1.3718705090030634,"definitionString":"Linjestykke G, H"},"time":1576582581503,"action":"ADD","deltaTime":1989,"objectName":"l","objectType":"segment"},{"data":{"x":"5.10302","y":"9.98249"},"time":1576582581802,"action":"UPDATE","deltaTime":299,"objectName":"H","objectType":"point"},{"data":{"x":"6.00000","y":"4.00000"},"time":1576582679604,"action":"ADD","deltaTime":97802,"objectName":"D","objectType":"point"},{"data":{"x":"8.00000","y":"6.00000"},"time":1576582694613,"action":"ADD","deltaTime":15009,"objectName":"E","objectType":"point"},{"data":{"x":"6.00000","y":"8.00000"},"time":1576582704725,"action":"ADD","deltaTime":10112,"objectName":"F","objectType":"point"},{"data":{"x":"4.00000","y":"8.00000"},"time":1576582710020,"action":"ADD","deltaTime":5295,"objectName":"G","objectType":"point"},{"data":{"x":"2.00000","y":"6.00000"},"time":1576582712355,"action":"ADD","deltaTime":2335,"objectName":"H","objectType":"point"},{"data":{"x":"4.00000","y":"4.00000"},"time":1576582719301,"action":"ADD","deltaTime":6946,"objectName":"I","objectType":"point"},{"data":{"x":"6.00000","y":"6.00000"},"time":1576582729886,"action":"ADD","deltaTime":10585,"objectName":"J","objectType":"point"},{"data":{"value":2.8284271247461903,"definitionString":"Linjestykke H, G"},"time":1576582837030,"action":"ADD","deltaTime":107144,"objectName":"f","objectType":"segment"},{"data":{"x":"4.00000","y":"8.00000"},"time":1576582837331,"action":"UPDATE","deltaTime":301,"objectName":"G","objectType":"point"},{"data":{"value":2,"definitionString":"Linjestykke F, G"},"time":1576582838307,"action":"ADD","deltaTime":976,"objectName":"g","objectType":"segment"},{"data":{"x":"4.00000","y":"8.00000"},"time":1576582838600,"action":"UPDATE","deltaTime":293,"objectName":"G","objectType":"point"},{"data":{"value":2.23606797749979,"definitionString":"Linjestykke E, C"},"time":1576582840294,"action":"ADD","deltaTime":1694,"objectName":"h","objectType":"segment"},{"data":{"value":2.8284271247461903,"definitionString":"Linjestykke F, E"},"time":1576582845177,"action":"ADD","deltaTime":4883,"objectName":"h","objectType":"segment"},{"data":{"x":"8.00000","y":"6.00000"},"time":1576582845474,"action":"UPDATE","deltaTime":297,"objectName":"E","objectType":"point"},{"data":{"value":2.8284271247461903,"definitionString":"Linjestykke E, D"},"time":1576582846605,"action":"ADD","deltaTime":1131,"objectName":"i","objectType":"segment"},{"data":{"x":"6.00000","y":"4.00000"},"time":1576582846896,"action":"UPDATE","deltaTime":291,"objectName":"D","objectType":"point"},{"data":{"value":2,"definitionString":"Linjestykke I, D"},"time":1576582847963,"action":"ADD","deltaTime":1067,"objectName":"l","objectType":"segment"},{"data":{"x":"6.00000","y":"4.00000"},"time":1576582848277,"action":"UPDATE","deltaTime":314,"objectName":"D","objectType":"point"},{"data":{"value":2.8284271247461903,"definitionString":"Linjestykke H, I"},"time":1576582850126,"action":"ADD","deltaTime":1849,"objectName":"m","objectType":"segment"},{"data":{"x":"4.00000","y":"4.00000"},"time":1576582850415,"action":"UPDATE","deltaTime":289,"objectName":"I","objectType":"point"},{"data":{"x":"2.00000","y":"8.00000"},"time":1576582856840,"action":"ADD","deltaTime":6425,"objectName":"J","objectType":"point"},{"data":{"x":"4.00000","y":"6.00000"},"time":1576582870250,"action":"ADD","deltaTime":13410,"objectName":"K","objectType":"point"},{"data":{"x":"6.00000","y":"10.00000"},"time":1576582895325,"action":"ADD","deltaTime":25075,"objectName":"L","objectType":"point"},{"data":{"x":"4.00000","y":"12.00000"},"time":1576582902220,"action":"ADD","deltaTime":6895,"objectName":"M","objectType":"point"},{"data":{"x":"2.00000","y":"10.00000"},"time":1576582904352,"action":"ADD","deltaTime":2132,"objectName":"N","objectType":"point"},{"data":{"value":2.8284271247461903,"definitionString":"Linjestykke J, K"},"time":1576582909244,"action":"ADD","deltaTime":4892,"objectName":"n","objectType":"segment"},{"data":{"value":2.8284271247461903,"definitionString":"Linjestykke K, F"},"time":1576582911447,"action":"ADD","deltaTime":2203,"objectName":"p","objectType":"segment"},{"data":{"x":"6.00000","y":"8.00000"},"time":1576582911745,"action":"UPDATE","deltaTime":298,"objectName":"F","objectType":"point"},{"data":{"value":2,"definitionString":"Linjestykke F, L"},"time":1576582913083,"action":"ADD","deltaTime":1338,"objectName":"q","objectType":"segment"},{"data":{"value":2.8284271247461903,"definitionString":"Linjestykke L, M"},"time":1576582916133,"action":"ADD","deltaTime":3050,"objectName":"r","objectType":"segment"},{"data":{"value":2.8284271247461903,"definitionString":"Linjestykke M, N"},"time":1576582918796,"action":"ADD","deltaTime":2663,"objectName":"s","objectType":"segment"},{"data":{"value":2,"definitionString":"Linjestykke N, J"},"time":1576582920424,"action":"ADD","deltaTime":1628,"objectName":"t","objectType":"segment"},{"data":{"x":"-3.68073","y":"12.84778"},"time":1576582922564,"action":"ADD","deltaTime":2140,"objectName":"O","objectType":"point"},{"data":{"value":7.4680481999798225,"definitionString":"Linjestykke J, O"},"time":1576582922602,"action":"ADD","deltaTime":38,"objectName":"b","objectType":"segment"},{"data":{"x":"3.00000","y":"7.00000","definitionString":"Skjæring mellom f og n"},"time":1576582994405,"action":"ADD","deltaTime":71803,"objectName":"O","objectType":"point"},{"data":{"value":null,"definitionString":"Linje O, C"},"time":1576582995957,"action":"ADD","deltaTime":1552,"objectName":"b","objectType":"line"},{"data":{"x":"3.00000","y":"7.00000","definitionString":"Skjæring mellom f og n"},"time":1576583069519,"action":"ADD","deltaTime":73562,"objectName":"O","objectType":"point"},{"data":{"value":null,"definitionString":"Linje O, F"},"time":1576583074644,"action":"ADD","deltaTime":5125,"objectName":"b","objectType":"line"},{"data":{"x":"13.79283","y":"12.65990"},"time":1576583076963,"action":"ADD","deltaTime":2319,"objectName":"P","objectType":"point"},{"data":{"value":null,"definitionString":"Linje F, P"},"time":1576583077010,"action":"ADD","deltaTime":47,"objectName":"c","objectType":"line"},{"data":{"value":null,"definitionString":"Midtnormal AB"},"time":1576583112244,"action":"ADD","deltaTime":35234,"objectName":"c","objectType":"line"}]