[{"data":{"value":null,"definitionString":"Linje A, B"},"time":1576583200695,"action":"ADD","deltaTime":null,"objectName":"f","objectType":"line"},{"data":{"value":2.8284271247461903,"definitionString":"Linjestykke A, B"},"time":1576583238808,"action":"ADD","deltaTime":38113,"objectName":"f","objectType":"segment"},{"data":{"x":"1.00000","y":"7.00000"},"time":1576583266629,"action":"ADD","deltaTime":27821,"objectName":"C","objectType":"point"},{"data":{"x":"5.00000","y":"9.00000"},"time":1576583271947,"action":"ADD","deltaTime":5318,"objectName":"D","objectType":"point"},{"data":{"x":"2.00000","y":"8.00000"},"time":1576583278995,"action":"ADD","deltaTime":7048,"objectName":"E","objectType":"point"},{"data":{"x":"3.00000","y":"9.00000"},"time":1576583280927,"action":"ADD","deltaTime":1932,"objectName":"F","objectType":"point"},{"data":{"x":"4.00000","y":"10.00000"},"time":1576583288521,"action":"ADD","deltaTime":7594,"objectName":"G","objectType":"point"},{"data":{"x":"2.00000","y":"6.00000"},"time":1576583300844,"action":"ADD","deltaTime":12323,"objectName":"H","objectType":"point"},{"data":{"x":"3.00000","y":"5.00000"},"time":1576583303860,"action":"ADD","deltaTime":3016,"objectName":"I","objectType":"point"},{"data":{"x":"6.00000","y":"8.00000"},"time":1576583311626,"action":"ADD","deltaTime":7766,"objectName":"J","objectType":"point"},{"data":{"value":1.4142135623730951,"definitionString":"Linjestykke J, D"},"time":1576583323197,"action":"ADD","deltaTime":11571,"objectName":"g","objectType":"segment"},{"data":{"value":1.4142135623730951,"definitionString":"Linjestykke D, G"},"time":1576583324614,"action":"ADD","deltaTime":1417,"objectName":"h","objectType":"segment"},{"data":{"value":1.4142135623730951,"definitionString":"Linjestykke G, F"},"time":1576583325699,"action":"ADD","deltaTime":1085,"objectName":"i","objectType":"segment"},{"data":{"value":1.4142135623730951,"definitionString":"Linjestykke F, E"},"time":1576583326886,"action":"ADD","deltaTime":1187,"objectName":"j","objectType":"segment"},{"data":{"value":1.4142135623730951,"definitionString":"Linjestykke E, C"},"time":1576583327906,"action":"ADD","deltaTime":1020,"objectName":"k","objectType":"segment"},{"data":{"value":1.4142135623730951,"definitionString":"Linjestykke C, H"},"time":1576583329099,"action":"ADD","deltaTime":1193,"objectName":"l","objectType":"segment"},{"data":{"value":1.4142135623730951,"definitionString":"Linjestykke H, I"},"time":1576583330397,"action":"ADD","deltaTime":1298,"objectName":"m","objectType":"segment"},{"data":{"x":"3.00000","y":"7.00000"},"time":1576583345282,"action":"ADD","deltaTime":14885,"objectName":"K","objectType":"point"},{"data":{"x":"4.00000","y":"8.00000"},"time":1576583347474,"action":"ADD","deltaTime":2192,"objectName":"L","objectType":"point"},{"data":{"x":"3.00000","y":"11.00000"},"time":1576583353654,"action":"ADD","deltaTime":6180,"objectName":"M","objectType":"point"},{"data":{"x":"0.00000","y":"8.00000","definitionString":"Punkt på yAkse"},"time":1576583372234,"action":"ADD","deltaTime":18580,"objectName":"N","objectType":"point"},{"data":{"value":2.8284271247461903,"definitionString":"Linjestykke N, H"},"time":1576583378786,"action":"ADD","deltaTime":6552,"objectName":"n","objectType":"segment"},{"data":{"value":4.242640687119286,"definitionString":"Linjestykke H, D"},"time":1576583382166,"action":"ADD","deltaTime":3380,"objectName":"p","objectType":"segment"},{"data":{"value":2.8284271247461903,"definitionString":"Linjestykke D, M"},"time":1576583387803,"action":"ADD","deltaTime":5637,"objectName":"q","objectType":"segment"},{"data":{"x":"2.00000","y":"7.00000"},"time":1576583414613,"action":"ADD","deltaTime":26810,"objectName":"C","objectType":"point"},{"data":{"x":"3.00000","y":"8.00000","definitionString":"Punkt på f"},"time":1576583416223,"action":"ADD","deltaTime":1610,"objectName":"D","objectType":"point"},{"data":{"x":"4.00000","y":"9.00000"},"time":1576583418053,"action":"ADD","deltaTime":1830,"objectName":"E","objectType":"point"},{"data":{"x":"5.00000","y":"8.00000"},"time":1576583434263,"action":"ADD","deltaTime":16210,"objectName":"F","objectType":"point"},{"data":{"x":"3.00000","y":"6.00000"},"time":1576583437112,"action":"ADD","deltaTime":2849,"objectName":"G","objectType":"point"},{"data":{"x":"1.00000","y":"8.00000"},"time":1576583438128,"action":"ADD","deltaTime":1016,"objectName":"H","objectType":"point"},{"data":{"x":"3.00000","y":"10.00000"},"time":1576583440302,"action":"ADD","deltaTime":2174,"objectName":"I","objectType":"point"},{"data":{"value":null,"definitionString":"Linje C, E"},"time":1576583446243,"action":"ADD","deltaTime":5941,"objectName":"g","objectType":"line"},{"data":{"value":2.8284271247461903,"definitionString":"Linjestykke H, G"},"time":1576583450571,"action":"ADD","deltaTime":4328,"objectName":"h","objectType":"segment"},{"data":{"value":2.8284271247461903,"definitionString":"Linjestykke I, F"},"time":1576583454357,"action":"ADD","deltaTime":3786,"objectName":"i","objectType":"segment"},{"data":{"x":"6.00000","y":"7.00000"},"time":1576583458506,"action":"ADD","deltaTime":4149,"objectName":"J","objectType":"point"},{"data":{"x":"5.00000","y":"6.00000"},"time":1576583461022,"action":"ADD","deltaTime":2516,"objectName":"K","objectType":"point"},{"data":{"x":"4.00000","y":"5.00000"},"time":1576583462440,"action":"ADD","deltaTime":1418,"objectName":"L","objectType":"point"},{"data":{"x":"1.00000","y":"10.00000"},"time":1576583465399,"action":"ADD","deltaTime":2959,"objectName":"M","objectType":"point"},{"data":{"x":"2.00000","y":"11.00000"},"time":1576583466979,"action":"ADD","deltaTime":1580,"objectName":"N","objectType":"point"},{"data":{"x":"0.00000","y":"9.00000","definitionString":"Punkt på yAkse"},"time":1576583468609,"action":"ADD","deltaTime":1630,"objectName":"O","objectType":"point"},{"data":{"value":5.656854249492381,"definitionString":"Linjestykke O, L"},"time":1576583475914,"action":"ADD","deltaTime":7305,"objectName":"j","objectType":"segment"},{"data":{"x":["4.00000","4.00000"],"y":["5.00000","5.00000"]},"time":1576583476137,"action":"UPDATE","deltaTime":[223,3150],"objectName":"L","objectType":"point"},{"data":{"value":5.656854249492381,"definitionString":"Linjestykke O, L"},"time":1576583479372,"action":"UPDATE","deltaTime":3235,"objectName":"j","objectType":"segment"},{"data":{"value":2.8284271247461903,"definitionString":"Linjestykke L, J"},"time":1576583481371,"action":"ADD","deltaTime":1999,"objectName":"k","objectType":"segment"},{"data":{"value":2.8284271247461903,"definitionString":"Linjestykke N, O"},"time":1576583484800,"action":"ADD","deltaTime":3429,"objectName":"l","objectType":"segment"},{"data":{"value":5.656854249492381,"definitionString":"Linjestykke N, J"},"time":1576583488374,"action":"ADD","deltaTime":3574,"objectName":"m","objectType":"segment"},{"data":{"value":2,"definitionString":"Linjestykke A, E"},"time":1576583524224,"action":"ADD","deltaTime":35850,"objectName":"n","objectType":"segment"},{"data":{"value":2,"definitionString":"Linjestykke B, E"},"time":1576583526662,"action":"ADD","deltaTime":2438,"objectName":"p","objectType":"segment"},{"data":{"value":2,"definitionString":"Linjestykke B, C"},"time":1576583530806,"action":"ADD","deltaTime":4144,"objectName":"q","objectType":"segment"},{"data":{"x":"2.00000","y":"7.00000"},"time":1576583530936,"action":"UPDATE","deltaTime":130,"objectName":"C","objectType":"point"},{"data":{"value":null,"definitionString":"Linje C, E"},"time":1576583531029,"action":"UPDATE","deltaTime":93,"objectName":"g","objectType":"line"},{"data":{"value":2,"definitionString":"Linjestykke C, A"},"time":1576583532651,"action":"ADD","deltaTime":1622,"objectName":"r","objectType":"segment"}]